"pop","U","scenario_run","timestep","tailmp","data","scenario","fscenario","obs","Price_GOM","fuel_price","revenue"
"Large",0.0936652094680644,"pricestatus.quo_fuelstatus.quo",1987,5.37542376888951,"price.fuel.mod","status.quo","status.quo",6.71737977735683,12.5899917441796,1.193864043,67.6765408717856
"Large",0.0936652094680644,"pricestatus.quo_fuelstatus.quo",1987.5,6.26413715932755,"price.fuel.mod","status.quo","status.quo",10.622314411265,12.0793895597091,1.218517776,75.6669530029669
"Large",0.0936652094680644,"pricestatus.quo_fuelstatus.quo",1988,2.65787682022248,"price.fuel.mod","status.quo","status.quo",8.57325287037129,12.6057295038419,0.992170369,33.5044762502561
"Large",0.0936652094680644,"pricestatus.quo_fuelstatus.quo",1988.5,8.15074675368682,"price.fuel.mod","status.quo","status.quo",10.8087014478752,12.5584041151657,0.95042966,102.360371573174
"Large",0.0936652094680644,"pricestatus.quo_fuelstatus.quo",1989,13.0134055141867,"price.fuel.mod","status.quo","status.quo",8.31618564404666,10.1603157047673,1.040677249,132.220308418297
"Large",0.0936652094680644,"pricestatus.quo_fuelstatus.quo",1989.5,9.45511619314545,"price.fuel.mod","status.quo","status.quo",13.0119615266943,8.85794163390862,1.319286796,83.7528673807066
"Large",0.0936652094680644,"pricestatus.quo_fuelstatus.quo",1990,7.17986244777725,"price.fuel.mod","status.quo","status.quo",10.4664894841967,8.57265311491896,1.165362175,61.5504701776273
"Large",0.0936652094680644,"pricestatus.quo_fuelstatus.quo",1990.5,7.88615086783963,"price.fuel.mod","status.quo","status.quo",12.3173138400001,10.121152066617,1.749252381,79.8169321536887
"Large",0.0936652094680644,"pricestatus.quo_fuelstatus.quo",1991,17.4064597169755,"price.fuel.mod","status.quo","status.quo",10.6108380057583,9.45743851223052,1.109832663,164.620522488914
"Large",0.0936652094680644,"pricestatus.quo_fuelstatus.quo",1991.5,10.6322178974377,"price.fuel.mod","status.quo","status.quo",12.4879838019052,8.90923640938927,1.186270087,94.7249428044119
"Large",0.0936652094680644,"pricestatus.quo_fuelstatus.quo",1992,5.97765522234903,"price.fuel.mod","status.quo","status.quo",4.36900738448302,9.78433680553042,1.136504152,58.4873920028007
"Large",0.0936652094680644,"pricestatus.quo_fuelstatus.quo",1992.5,9.32278461450246,"price.fuel.mod","status.quo","status.quo",12.1414743179632,9.61389512435446,1.119827889,89.628273550772
"Large",0.0936652094680644,"pricestatus.quo_fuelstatus.quo",1993,4.27003854406339,"price.fuel.mod","status.quo","status.quo",3.71286139165064,9.68624084782594,0.970890649,41.360621767298
"Large",0.0936652094680644,"pricestatus.quo_fuelstatus.quo",1993.5,6.28028305462361,"price.fuel.mod","status.quo","status.quo",9.6599860067035,9.72021935763151,0.925675909,61.0457289189576
"Large",0.0936652094680644,"pricestatus.quo_fuelstatus.quo",1994,7.93146522942181,"price.fuel.mod","status.quo","status.quo",5.51132667262915,10.8613688089981,0.900017334,86.1465690524952
"Large",0.0936652094680644,"pricestatus.quo_fuelstatus.quo",1994.5,10.5220834343964,"price.fuel.mod","status.quo","status.quo",11.8112138407078,10.7633585365074,0.879442785,113.252956555454
"Large",0.0936652094680644,"pricestatus.quo_fuelstatus.quo",1995,10.0269293104296,"price.fuel.mod","status.quo","status.quo",6.21391252952628,10.7890232405838,0.867027844,108.180773361917
"Large",0.0936652094680644,"pricestatus.quo_fuelstatus.quo",1995.5,11.1595797370325,"price.fuel.mod","status.quo","status.quo",11.1939421930543,9.62593281197826,0.92666276,107.421364758589
"Large",0.0936652094680644,"pricestatus.quo_fuelstatus.quo",1996,4.58253783737548,"price.fuel.mod","status.quo","status.quo",4.69273193485784,10.3436601282369,0.990501339,47.4002139145976
"Large",0.0936652094680644,"pricestatus.quo_fuelstatus.quo",1996.5,7.09674340765516,"price.fuel.mod","status.quo","status.quo",10.9515132054804,10.4387237810633,1.235234785,74.0809441775942
"Large",0.0936652094680644,"pricestatus.quo_fuelstatus.quo",1997,4.54370661792861,"price.fuel.mod","status.quo","status.quo",3.43510362636754,11.5771198057125,0.933448325,52.6030358777684
"Large",0.0936652094680644,"pricestatus.quo_fuelstatus.quo",1997.5,8.73187356309806,"price.fuel.mod","status.quo","status.quo",9.04681397446952,11.3781664584964,0.938670805,99.3527108954737
"Large",0.0936652094680644,"pricestatus.quo_fuelstatus.quo",1998,5.58296406208453,"price.fuel.mod","status.quo","status.quo",4.24075938686746,10.7769406001589,0.640660448,60.167272069907
"Large",0.0936652094680644,"pricestatus.quo_fuelstatus.quo",1998.5,9.71903166275535,"price.fuel.mod","status.quo","status.quo",12.0293003674683,9.51226679526253,0.622172867,92.4500221677329
"Large",0.0936652094680644,"pricestatus.quo_fuelstatus.quo",1999,8.78414542346186,"price.fuel.mod","status.quo","status.quo",6.26837397930924,10.3714508913732,0.804286601,91.1043328821157
"Large",0.0936652094680644,"pricestatus.quo_fuelstatus.quo",1999.5,9.05061664424378,"price.fuel.mod","status.quo","status.quo",9.94572173827841,10.6330528005955,1.050467788,96.2356846561922
"Large",0.0936652094680644,"pricestatus.quo_fuelstatus.quo",2000,12.168715429895,"price.fuel.mod","status.quo","status.quo",9.60103636139893,10.7508888167683,1.327541825,130.824506629694
"Large",0.0936652094680644,"pricestatus.quo_fuelstatus.quo",2000.5,10.3147129121958,"price.fuel.mod","status.quo","status.quo",12.330422287742,9.34581671991077,1.612986692,96.3994163958789
"Large",0.0936652094680644,"pricestatus.quo_fuelstatus.quo",2001,9.24977991510604,"price.fuel.mod","status.quo","status.quo",7.91172740953807,9.69680841162668,1.194280761,89.6933436864958
"Large",0.0936652094680644,"pricestatus.quo_fuelstatus.quo",2001.5,7.54250673054405,"price.fuel.mod","status.quo","status.quo",9.53611922083641,8.24439553464669,0.975859995,62.1834088093399
"Large",0.0936652094680644,"pricestatus.quo_fuelstatus.quo",2002,6.33880904295416,"price.fuel.mod","status.quo","status.quo",5.90490467986567,7.03546425864735,1.070930495,44.5964644640947
"Large",0.0936652094680644,"pricestatus.quo_fuelstatus.quo",2002.5,6.58208886146631,"price.fuel.mod","status.quo","status.quo",8.21494371689397,7.15032103828286,1.216097682,47.0640484619898
"Large",0.0936652094680644,"pricestatus.quo_fuelstatus.quo",2003,7.07648969967173,"price.fuel.mod","status.quo","status.quo",5.88659270493106,6.83775934994511,1.210301841,48.3873336087207
"Large",0.0936652094680644,"pricestatus.quo_fuelstatus.quo",2003.5,8.61205292955769,"price.fuel.mod","status.quo","status.quo",9.7458138599594,6.03783529573531,1.269159913,51.9981571468241
"Large",0.0936652094680644,"pricestatus.quo_fuelstatus.quo",2004,13.9126331690354,"price.fuel.mod","status.quo","status.quo",6.97115490146669,6.51352108495447,1.620877333,90.6202294937492
"Large",0.0936652094680644,"pricestatus.quo_fuelstatus.quo",2004.5,9.15361279753341,"price.fuel.mod","status.quo","status.quo",10.0288422319289,6.56657427628878,2.02849139,60.1078783313907
"Large",0.0936652094680644,"pricestatus.quo_fuelstatus.quo",2005,4.64616903864719,"price.fuel.mod","status.quo","status.quo",5.57953019668072,6.02719887276295,2.382254002,28.0033847924005
"Large",0.0936652094680644,"pricestatus.quo_fuelstatus.quo",2005.5,7.07130337511595,"price.fuel.mod","status.quo","status.quo",10.0812503959341,5.6234149093112,2.636138142,39.7648728278896
"Large",0.0936652094680644,"pricestatus.quo_fuelstatus.quo",2006,8.71940942021577,"price.fuel.mod","status.quo","status.quo",9.32814760671619,4.72089382927121,2.787784045,41.1634061267859
"Large",0.0936652094680644,"pricestatus.quo_fuelstatus.quo",2006.5,6.84934689025661,"price.fuel.mod","status.quo","status.quo",19.3733736458873,4.22533641185959,2.365521844,28.9407948128585
"Large",0.0936652094680644,"pricestatus.quo_fuelstatus.quo",2007,7.0796881835825,"price.fuel.mod","status.quo","status.quo",8.93251755415469,5.4674366499906,2.755746336,38.7077466454244
"Large",0.0936652094680644,"pricestatus.quo_fuelstatus.quo",2007.5,8.94784450255713,"price.fuel.mod","status.quo","status.quo",11.9723465627928,5.86706497636183,3.320424497,52.4975850948847
"Large",0.0936652094680644,"pricestatus.quo_fuelstatus.quo",2008,7.21652559899077,"price.fuel.mod","status.quo","status.quo",6.8632023388661,6.87395329195337,4.889983343,49.6060598976483
"Large",0.0936652094680644,"pricestatus.quo_fuelstatus.quo",2008.5,10.6410019637121,"price.fuel.mod","status.quo","status.quo",12.9867202704612,4.910949850942,2.844336426,52.2574270075657
"Large",0.0936652094680644,"pricestatus.quo_fuelstatus.quo",2009,2.28212544244915,"price.fuel.mod","status.quo","status.quo",11.3957385120874,3.4946185695594,2.278682818,7.97515794924676
"Large",0.0936652094680644,"pricestatus.quo_fuelstatus.quo",2009.5,7.97783950060318,"price.fuel.mod","status.quo","status.quo",20.1822701677183,3.95084796176061,2.572136375,31.5192309302114
"Large",0.0936652094680644,"pricestatus.quo_fuelstatus.quo",2010,32.9756449667265,"price.fuel.mod","status.quo","status.quo",4.93689076135254,6.8935907213382,2.70288658,227.320600172769
"Large",0.0936652094680644,"pricestatus.quo_fuelstatus.quo",2010.5,30.8204377813916,"price.fuel.mod","status.quo","status.quo",11.8949437102665,6.08552889172307,3.033457857,187.558664574212
"Large",0.0936652094680644,"pricestatus.quo_fuelstatus.quo",2011,25.5693977207293,"price.fuel.mod","status.quo","status.quo",7.43116987306931,6.42924813142202,3.91117392,164.392002517585
"Large",0.0936652094680644,"pricestatus.quo_fuelstatus.quo",2011.5,23.537915099518,"price.fuel.mod","status.quo","status.quo",15.2124204306267,6.12657011782144,3.857637569,144.206687284525
"Large",0.0936652094680644,"pricestatus.quo_fuelstatus.quo",2012,13.5368738040848,"price.fuel.mod","status.quo","status.quo",8.20944256638802,5.37802611663949,3.670647018,72.8016608560212
"Large",0.0936652094680644,"pricestatus.quo_fuelstatus.quo",2012.5,12.7470567775555,"price.fuel.mod","status.quo","status.quo",12.7487994935888,5.26996060725231,3.926350999,67.1764870761259
"Large",0.0936652094680644,"pricestatus.quo_fuelstatus.quo",2013,15.454028675404,"price.fuel.mod","status.quo","status.quo",8.12879485408897,7.29940876517483,3.59356354,112.805272370507
"Large",0.0936652094680644,"pricestatus.quo_fuelstatus.quo",2013.5,20.5189211531366,"price.fuel.mod","status.quo","status.quo",12.1287990775526,8.36406624719241,3.730174711,171.621615845752
"Large",0.0936652094680644,"pricestatus.quo_fuelstatus.quo",2014,8.95226849401108,"price.fuel.mod","status.quo","status.quo",4.83811460324899,9.26869378396509,3.505636196,82.9758353428271
"Large",0.0936652094680644,"pricestatus.quo_fuelstatus.quo",2014.5,25.2231454861815,"price.fuel.mod","status.quo","status.quo",13.2014758885329,7.64784836022419,2.841017708,192.90279184619
"Large",0.0936652094680644,"pricestatus.quo_fuelstatus.quo",2015,6.05948419889366,"price.fuel.mod","status.quo","status.quo",11.9161098619624,4.35779288507159,2.014201659,26.4059771291425
"Large",0.0936652094680644,"pricestatus.quo_fuelstatus.quo",2015.5,15.1309714539705,"price.fuel.mod","status.quo","status.quo",12.4991106317133,4.55318414231323,1.59375734,68.8940992820127
"Large",0.0936652094680644,"pricestatus.quo_fuelstatus.quo",2016,11.9608213583819,"price.fuel.mod","status.quo","status.quo",9.63632679089192,4.88277904371158,1.64619339,58.4020478742851
"Large",0.0936652094680644,"pricestatus.quo_fuelstatus.quo",2016.5,16.5987943166205,"price.fuel.mod","status.quo","status.quo",9.76216658287913,6.21792739900937,1.755500592,103.210097971835
"Large",0.0936652094680644,"pricestatus.quo_fuelstatus.quo",2017,8.54951933992999,"price.fuel.mod","status.quo","status.quo",9.02808762228676,4.92061824876707,1.721349829,42.0689208822465
"Large",0.0936652094680644,"pricestatus.quo_fuelstatus.quo",2017.5,10.9667803741238,"price.fuel.mod","status.quo","status.quo",9.08662344104663,5.10145524158574,2.115492451,55.9465392228937
"Large",0.0936652094680644,"pricestatus.quo_fuelstatus.quo",2018,6.59240588011919,"price.fuel.mod","status.quo","status.quo",10.2255227834163,4.71837605093946,2.502609693,31.1054500228268
"Large",0.0936652094680644,"pricestatus.quo_fuelstatus.quo",2018.5,11.486619833874,"price.fuel.mod","status.quo","status.quo",12.0208463089032,5.01855298773329,2.434931942,57.6462102862448
"Large",0.0936652094680644,"pricestatus.quo_fuelstatus.quo",2019,5.46389989185006,"price.fuel.mod","status.quo","status.quo",6.49742860601407,4.88494408016038,2.166705119,26.6908454312819
"Large",0.0936652094680644,"pricestatus.quo_fuelstatus.quo",2019.5,9.12293392269843,"price.fuel.mod","status.quo","status.quo",8.12546140575837,5.17750496313892,2.217115677,47.2340356631596
"Large",0.0936652094680644,"pricestatus.quo_fuelstatus.quo",2020,9.52477947537156,"price.fuel.mod","status.quo","status.quo",6.99253856614546,4.68046753159861,1.223776883,44.5804210801135
"Large",0.0936652094680644,"pricestatus.quo_fuelstatus.quo",2020.5,18.77433405639,"price.fuel.mod","status.quo","status.quo",8.32614451400999,5.40555837390546,1.326079845,101.485758673017
"Large",0.0936652094680644,"pricestatus.quo_fuelstatus.quo",2021,17.0195093445105,"price.fuel.mod","status.quo","status.quo",4.15856313937567,6.22144464823613,2.064034533,105.88593532701
"Large",0.0936652094680644,"pricestatus.quo_fuelstatus.quo",2021.5,15.3668926180311,"price.fuel.mod","status.quo","status.quo",5.87361341229464,6.47320276956418,2.34283939,99.4730118546345
"Large",0.0936652094680644,"pricestatus.quo_fuelstatus.quo",2022,6.57805714616534,"price.fuel.mod","status.quo","status.quo",4.33617367568456,4.29638469636797,3.992053255,28.2618640546187
"Large",0.0936652094680644,"pricestatus.quo_fuelstatus.quo",2022.5,0.289190169552395,"price.fuel.mod","status.quo","status.quo",5.27214346715716,3.49424942020108,3.5445,1.01050258228631
"Large",0.0936652094680644,"pricestatus.quo_fuelstatus.quo",2023,12.2252599073304,"price.fuel.mod","status.quo","status.quo",NA,5.09521790664557,2.41554731766667,62.2903631932263
"Large",0.0936652094680644,"pricestatus.quo_fuelstatus.quo",2023.5,7.9435965112997,"price.fuel.mod","status.quo","status.quo",NA,5.09521790664557,2.41554731766667,40.4743551875415
"Large",0.0936652094680644,"pricestatus.quo_fuelstatus.quo",2024,10.977168035918,"price.fuel.mod","status.quo","status.quo",NA,5.09521790664557,2.41554731766667,55.9310631408669
"Large",0.0936652094680644,"pricestatus.quo_fuelstatus.quo",2024.5,7.95795502775382,"price.fuel.mod","status.quo","status.quo",NA,5.09521790664557,2.41554731766667,40.5475149576914
"Large",0.0936652094680644,"pricestatus.quo_fuelstatus.quo",2025,11.7029252878998,"price.fuel.mod","status.quo","status.quo",NA,5.09521790664557,2.41554731766667,59.6289544870426
"Large",0.0936652094680644,"pricestatus.quo_fuelstatus.quo",2025.5,8.65301449922222,"price.fuel.mod","status.quo","status.quo",NA,5.09521790664557,2.41554731766667,44.0889944229008
"Large",0.0936652094680644,"pricestatus.quo_fuelstatus.quo",2026,11.7111970312912,"price.fuel.mod","status.quo","status.quo",NA,5.09521790664557,2.41554731766667,59.6711008220893
"Large",0.0936652094680644,"pricestatus.quo_fuelstatus.quo",2026.5,8.74750914555382,"price.fuel.mod","status.quo","status.quo",NA,5.09521790664557,2.41554731766667,44.5704652369717
"Large",0.0936652094680644,"pricestatus.quo_fuelstatus.quo",2027,11.4813741302398,"price.fuel.mod","status.quo","status.quo",NA,5.09521790664557,2.41554731766667,58.5001030612949
"Medium",0.0383398503050823,"pricestatus.quo_fuelstatus.quo",1987,16.77118699456,"price.fuel.mod","status.quo","status.quo",32.7194132783767,6.08983897957365,1.193864043,102.13382829319
"Medium",0.0383398503050823,"pricestatus.quo_fuelstatus.quo",1987.5,6.43334377614751,"price.fuel.mod","status.quo","status.quo",7.64637899895229,6.22272095995808,1.218517776,40.032903158449
"Medium",0.0383398503050823,"pricestatus.quo_fuelstatus.quo",1988,10.8379343764981,"price.fuel.mod","status.quo","status.quo",32.816615646671,5.28614926542636,0.992170369,57.2909388430643
"Medium",0.0383398503050823,"pricestatus.quo_fuelstatus.quo",1988.5,4.56746626149539,"price.fuel.mod","status.quo","status.quo",5.51691034329667,5.92203308328633,0.95042966,27.0486863073698
"Medium",0.0383398503050823,"pricestatus.quo_fuelstatus.quo",1989,48.9599422786893,"price.fuel.mod","status.quo","status.quo",36.5678534777813,5.11980548744016,1.040677249,250.665381143187
"Medium",0.0383398503050823,"pricestatus.quo_fuelstatus.quo",1989.5,9.83460324865674,"price.fuel.mod","status.quo","status.quo",9.12915061718908,5.89339168953183,1.319286796,57.9591690554764
"Medium",0.0383398503050823,"pricestatus.quo_fuelstatus.quo",1990,31.6653088566793,"price.fuel.mod","status.quo","status.quo",35.6475771015084,4.69183072247511,1.165362175,148.568268930431
"Medium",0.0383398503050823,"pricestatus.quo_fuelstatus.quo",1990.5,8.16709149773667,"price.fuel.mod","status.quo","status.quo",8.40505368169431,5.87198459467529,1.749252381,47.9570354580133
"Medium",0.0383398503050823,"pricestatus.quo_fuelstatus.quo",1991,42.3969264921548,"price.fuel.mod","status.quo","status.quo",27.3423279699856,5.29812880233018,1.109832663,224.624377378361
"Medium",0.0383398503050823,"pricestatus.quo_fuelstatus.quo",1991.5,12.0111234011054,"price.fuel.mod","status.quo","status.quo",6.60304838164396,5.66122882462061,1.186270087,67.9977180144128
"Medium",0.0383398503050823,"pricestatus.quo_fuelstatus.quo",1992,14.0957432368974,"price.fuel.mod","status.quo","status.quo",22.2825090419081,5.27007850286719,1.136504152,74.2856734147087
"Medium",0.0383398503050823,"pricestatus.quo_fuelstatus.quo",1992.5,9.70977124251765,"price.fuel.mod","status.quo","status.quo",8.04572442883319,5.34944559516089,1.119827889,51.9418930033059
"Medium",0.0383398503050823,"pricestatus.quo_fuelstatus.quo",1993,9.87115731969945,"price.fuel.mod","status.quo","status.quo",16.9236119526854,4.69304570072945,0.970890649,46.3257924204396
"Medium",0.0383398503050823,"pricestatus.quo_fuelstatus.quo",1993.5,9.71182227076254,"price.fuel.mod","status.quo","status.quo",6.56173810175156,5.6129027756598,0.925675909,54.5115141802777
"Medium",0.0383398503050823,"pricestatus.quo_fuelstatus.quo",1994,28.6600193671097,"price.fuel.mod","status.quo","status.quo",22.2137154211208,7.16914108424744,0.900017334,205.467722320073
"Medium",0.0383398503050823,"pricestatus.quo_fuelstatus.quo",1994.5,11.7542725558221,"price.fuel.mod","status.quo","status.quo",6.25221156996301,7.27604909512476,0.879442785,85.5246641936395
"Medium",0.0383398503050823,"pricestatus.quo_fuelstatus.quo",1995,38.8205992327867,"price.fuel.mod","status.quo","status.quo",20.030923425577,5.32227477000002,0.867027844,206.613895852943
"Medium",0.0383398503050823,"pricestatus.quo_fuelstatus.quo",1995.5,15.2042508189004,"price.fuel.mod","status.quo","status.quo",6.04923251875156,5.09212478044929,0.92666276,77.421942363089
"Medium",0.0383398503050823,"pricestatus.quo_fuelstatus.quo",1996,9.5557309036492,"price.fuel.mod","status.quo","status.quo",20.8366043824406,4.72257319055959,0.990501339,45.1276385817755
"Medium",0.0383398503050823,"pricestatus.quo_fuelstatus.quo",1996.5,8.49640854128699,"price.fuel.mod","status.quo","status.quo",6.16548682253209,5.66253041071969,1.235234785,48.1111717469361
"Medium",0.0383398503050823,"pricestatus.quo_fuelstatus.quo",1997,9.60595422034296,"price.fuel.mod","status.quo","status.quo",16.3328456637844,6.69271878623742,0.933448325,64.289950270226
"Medium",0.0383398503050823,"pricestatus.quo_fuelstatus.quo",1997.5,12.0048869760248,"price.fuel.mod","status.quo","status.quo",7.94680082880489,6.70282972128026,0.938670805,80.4667132235094
"Medium",0.0383398503050823,"pricestatus.quo_fuelstatus.quo",1998,24.0802463555333,"price.fuel.mod","status.quo","status.quo",24.0115004673135,4.55282361783213,0.640660448,109.633114330688
"Medium",0.0383398503050823,"pricestatus.quo_fuelstatus.quo",1998.5,9.85708071931299,"price.fuel.mod","status.quo","status.quo",7.21680260156809,4.56254309845653,0.622172867,44.9733556068304
"Medium",0.0383398503050823,"pricestatus.quo_fuelstatus.quo",1999,30.8501905994638,"price.fuel.mod","status.quo","status.quo",20.1063773758566,4.84198465538306,0.804286601,149.376149498247
"Medium",0.0383398503050823,"pricestatus.quo_fuelstatus.quo",1999.5,9.93835210096371,"price.fuel.mod","status.quo","status.quo",6.42932894524407,6.01017980396059,1.050467788,59.7312830818614
"Medium",0.0383398503050823,"pricestatus.quo_fuelstatus.quo",2000,36.7988879989563,"price.fuel.mod","status.quo","status.quo",28.1806030510016,6.33227130160756,1.327541825,233.020542406862
"Medium",0.0383398503050823,"pricestatus.quo_fuelstatus.quo",2000.5,10.887787008839,"price.fuel.mod","status.quo","status.quo",8.71077659307286,5.90087585057623,1.612986692,64.2474794266753
"Medium",0.0383398503050823,"pricestatus.quo_fuelstatus.quo",2001,27.9149415972564,"price.fuel.mod","status.quo","status.quo",28.3160763222633,4.47355045862035,1.194280761,124.878899784767
"Medium",0.0383398503050823,"pricestatus.quo_fuelstatus.quo",2001.5,10.6642236584208,"price.fuel.mod","status.quo","status.quo",5.47603106489692,4.42953362104376,0.975859995,47.2375372373054
"Medium",0.0383398503050823,"pricestatus.quo_fuelstatus.quo",2002,23.6540968034033,"price.fuel.mod","status.quo","status.quo",20.8191160581067,3.66198228125976,1.070930495,86.6208833732659
"Medium",0.0383398503050823,"pricestatus.quo_fuelstatus.quo",2002.5,8.101106373518,"price.fuel.mod","status.quo","status.quo",6.9024297187297,4.02193440093658,1.216097682,32.5821184092987
"Medium",0.0383398503050823,"pricestatus.quo_fuelstatus.quo",2003,21.5393969588878,"price.fuel.mod","status.quo","status.quo",22.7726223065002,3.41458224662662,1.210301841,73.5480424588619
"Medium",0.0383398503050823,"pricestatus.quo_fuelstatus.quo",2003.5,5.86536360422995,"price.fuel.mod","status.quo","status.quo",6.95872350472763,3.1173102683852,1.269159913,18.2841581912789
"Medium",0.0383398503050823,"pricestatus.quo_fuelstatus.quo",2004,19.4658557470449,"price.fuel.mod","status.quo","status.quo",16.488138917693,2.96352396392705,1.620877333,57.6875299847147
"Medium",0.0383398503050823,"pricestatus.quo_fuelstatus.quo",2004.5,4.68915262934443,"price.fuel.mod","status.quo","status.quo",5.41492897646919,3.2568059561738,2.02849139,15.271660212657
"Medium",0.0383398503050823,"pricestatus.quo_fuelstatus.quo",2005,10.4947094333218,"price.fuel.mod","status.quo","status.quo",12.5141930894517,3.40067473540805,2.382254002,35.6890932253459
"Medium",0.0383398503050823,"pricestatus.quo_fuelstatus.quo",2005.5,4.42211949815867,"price.fuel.mod","status.quo","status.quo",5.3781189264929,3.32928335785263,2.636138142,14.7224888516553
"Medium",0.0383398503050823,"pricestatus.quo_fuelstatus.quo",2006,20.0935323545862,"price.fuel.mod","status.quo","status.quo",21.8386311572776,2.58047613508342,2.787784045,51.8508807105362
"Medium",0.0383398503050823,"pricestatus.quo_fuelstatus.quo",2006.5,3.84488231664203,"price.fuel.mod","status.quo","status.quo",8.63501978553956,2.57368762405512,2.365521844,9.89552603428996
"Medium",0.0383398503050823,"pricestatus.quo_fuelstatus.quo",2007,10.0358585021311,"price.fuel.mod","status.quo","status.quo",17.8553156773805,2.78674750448948,2.755746336,27.9674036362235
"Medium",0.0383398503050823,"pricestatus.quo_fuelstatus.quo",2007.5,3.32208417331655,"price.fuel.mod","status.quo","status.quo",5.52115890238281,3.19323641553863,3.320424497,10.608200157719
"Medium",0.0383398503050823,"pricestatus.quo_fuelstatus.quo",2008,8.56097506680424,"price.fuel.mod","status.quo","status.quo",11.3577946496599,3.91862878927398,4.889983343,33.5472833610358
"Medium",0.0383398503050823,"pricestatus.quo_fuelstatus.quo",2008.5,7.26499089533838,"price.fuel.mod","status.quo","status.quo",5.08086533882322,3.33130130874346,2.844336426,24.2018736776501
"Medium",0.0383398503050823,"pricestatus.quo_fuelstatus.quo",2009,13.2798274090951,"price.fuel.mod","status.quo","status.quo",17.9668851781964,2.25868223125,2.278682818,29.9949102029897
"Medium",0.0383398503050823,"pricestatus.quo_fuelstatus.quo",2009.5,4.55477593311164,"price.fuel.mod","status.quo","status.quo",7.57574099599588,2.39828041246072,2.572136375,10.9236299035291
"Medium",0.0383398503050823,"pricestatus.quo_fuelstatus.quo",2010,24.0466719274362,"price.fuel.mod","status.quo","status.quo",8.04780714544663,3.03808440430528,2.70288658,73.0558189581895
"Medium",0.0383398503050823,"pricestatus.quo_fuelstatus.quo",2010.5,6.40850913456549,"price.fuel.mod","status.quo","status.quo",8.57478318074798,3.07854866749727,3.033457857,19.7289072568607
"Medium",0.0383398503050823,"pricestatus.quo_fuelstatus.quo",2011,19.0967439396111,"price.fuel.mod","status.quo","status.quo",17.8287157295084,3.21106661498974,3.91117392,61.320916919493
"Medium",0.0383398503050823,"pricestatus.quo_fuelstatus.quo",2011.5,4.28057255131751,"price.fuel.mod","status.quo","status.quo",8.37455860329747,3.77640735527577,3.857637569,16.165185667587
"Medium",0.0383398503050823,"pricestatus.quo_fuelstatus.quo",2012,16.0504173037322,"price.fuel.mod","status.quo","status.quo",18.6467153647801,3.43378376176959,3.670647018,55.1136623071814
"Medium",0.0383398503050823,"pricestatus.quo_fuelstatus.quo",2012.5,6.10349292244328,"price.fuel.mod","status.quo","status.quo",8.81451598006909,3.3867862695019,3.926350999,20.6712260257329
"Medium",0.0383398503050823,"pricestatus.quo_fuelstatus.quo",2013,9.5961366699342,"price.fuel.mod","status.quo","status.quo",14.5150058419753,4.06054672077294,3.59356354,38.9655612871903
"Medium",0.0383398503050823,"pricestatus.quo_fuelstatus.quo",2013.5,7.44572346698803,"price.fuel.mod","status.quo","status.quo",7.81621022101394,5.35909558500419,3.730174711,39.9023437590976
"Medium",0.0383398503050823,"pricestatus.quo_fuelstatus.quo",2014,8.52392036543948,"price.fuel.mod","status.quo","status.quo",14.588974377991,5.29777481788601,3.505636196,45.157810661691
"Medium",0.0383398503050823,"pricestatus.quo_fuelstatus.quo",2014.5,11.1188338992483,"price.fuel.mod","status.quo","status.quo",9.23671593064456,4.41155164281167,2.841017708,49.0513099543788
"Medium",0.0383398503050823,"pricestatus.quo_fuelstatus.quo",2015,19.6602389208487,"price.fuel.mod","status.quo","status.quo",13.2147941220035,2.81150774930967,2.014201659,55.2749140792457
"Medium",0.0383398503050823,"pricestatus.quo_fuelstatus.quo",2015.5,11.2642742393268,"price.fuel.mod","status.quo","status.quo",7.50525393689402,2.86759769693102,1.59375734,32.301406866293
"Medium",0.0383398503050823,"pricestatus.quo_fuelstatus.quo",2016,17.2326486705567,"price.fuel.mod","status.quo","status.quo",10.1808130369481,3.00596842461488,1.64619339,51.8007977761749
"Medium",0.0383398503050823,"pricestatus.quo_fuelstatus.quo",2016.5,9.3515200638894,"price.fuel.mod","status.quo","status.quo",5.39307169815739,4.18887393214666,1.755500592,39.1723386215728
"Medium",0.0383398503050823,"pricestatus.quo_fuelstatus.quo",2017,22.2159721420294,"price.fuel.mod","status.quo","status.quo",12.1331828553547,3.47942031582626,1.721349829,77.2987048068072
"Medium",0.0383398503050823,"pricestatus.quo_fuelstatus.quo",2017.5,12.0405975560374,"price.fuel.mod","status.quo","status.quo",7.54050854388687,3.79112272220055,2.115492451,45.6473829835658
"Medium",0.0383398503050823,"pricestatus.quo_fuelstatus.quo",2018,16.5541786770455,"price.fuel.mod","status.quo","status.quo",13.7781541536191,3.25380794124098,2.502609693,53.8641180400927
"Medium",0.0383398503050823,"pricestatus.quo_fuelstatus.quo",2018.5,7.29313982312769,"price.fuel.mod","status.quo","status.quo",8.66981088922993,3.45385243293675,2.434931942,25.1894287218574
"Medium",0.0383398503050823,"pricestatus.quo_fuelstatus.quo",2019,10.8588347380403,"price.fuel.mod","status.quo","status.quo",7.94919114053227,3.29851886703811,2.166705119,35.8180712574747
"Medium",0.0383398503050823,"pricestatus.quo_fuelstatus.quo",2019.5,7.04455879740266,"price.fuel.mod","status.quo","status.quo",5.45331074318056,3.39313131687167,2.217115677,23.9031130690108
"Medium",0.0383398503050823,"pricestatus.quo_fuelstatus.quo",2020,31.3809430452237,"price.fuel.mod","status.quo","status.quo",11.8094531922773,2.81936323656955,1.223776883,88.4742771505865
"Medium",0.0383398503050823,"pricestatus.quo_fuelstatus.quo",2020.5,15.7565224117422,"price.fuel.mod","status.quo","status.quo",5.0535056945109,2.97562041568792,1.326079845,46.8854297686243
"Medium",0.0383398503050823,"pricestatus.quo_fuelstatus.quo",2021,44.3839987179348,"price.fuel.mod","status.quo","status.quo",12.1371153888044,3.68191490636116,2.064034533,163.418106483479
"Medium",0.0383398503050823,"pricestatus.quo_fuelstatus.quo",2021.5,13.5234945256423,"price.fuel.mod","status.quo","status.quo",8.24615492050734,3.50734091870751,2.34283939,47.4315057137023
"Medium",0.0383398503050823,"pricestatus.quo_fuelstatus.quo",2022,6.10830031022244,"price.fuel.mod","status.quo","status.quo",7.9248694210156,2.4198801778206,3.992053255,14.7813548408827
"Medium",0.0383398503050823,"pricestatus.quo_fuelstatus.quo",2022.5,0.0883295852047201,"price.fuel.mod","status.quo","status.quo",5.88528355085481,1.95246160438392,3.5445,0.172460123643374
"Medium",0.0383398503050823,"pricestatus.quo_fuelstatus.quo",2023,16.049247810583,"price.fuel.mod","status.quo","status.quo",NA,2.89276354325511,2.41554731766667,46.4266789631214
"Medium",0.0383398503050823,"pricestatus.quo_fuelstatus.quo",2023.5,4.41595330565349,"price.fuel.mod","status.quo","status.quo",NA,2.89276354325511,2.41554731766667,12.7743087313113
"Medium",0.0383398503050823,"pricestatus.quo_fuelstatus.quo",2024,11.5619778907543,"price.fuel.mod","status.quo","status.quo",NA,2.89276354325511,2.41554731766667,33.4460681302956
"Medium",0.0383398503050823,"pricestatus.quo_fuelstatus.quo",2024.5,5.92400229407918,"price.fuel.mod","status.quo","status.quo",NA,2.89276354325511,2.41554731766667,17.1367378664719
"Medium",0.0383398503050823,"pricestatus.quo_fuelstatus.quo",2025,21.0392346899486,"price.fuel.mod","status.quo","status.quo",NA,2.89276354325511,2.41554731766667,60.8615310890716
"Medium",0.0383398503050823,"pricestatus.quo_fuelstatus.quo",2025.5,8.35475603302791,"price.fuel.mod","status.quo","status.quo",NA,2.89276354325511,2.41554731766667,24.1683336651338
"Medium",0.0383398503050823,"pricestatus.quo_fuelstatus.quo",2026,21.8765451403116,"price.fuel.mod","status.quo","status.quo",NA,2.89276354325511,2.41554731766667,63.2836722342682
"Medium",0.0383398503050823,"pricestatus.quo_fuelstatus.quo",2026.5,8.69675787997751,"price.fuel.mod","status.quo","status.quo",NA,2.89276354325511,2.41554731766667,25.1576641397155
"Medium",0.0383398503050823,"pricestatus.quo_fuelstatus.quo",2027,20.7418240026803,"price.fuel.mod","status.quo","status.quo",NA,2.89276354325511,2.41554731766667,60.0011922955674
"Small",0.0394958405405381,"pricestatus.quo_fuelstatus.quo",1987,20.8135037500085,"price.fuel.mod","status.quo","status.quo",33.1699600876773,3.46223983102226,1.193864043,72.0613417064108
"Small",0.0394958405405381,"pricestatus.quo_fuelstatus.quo",1987.5,2.54120121315483,"price.fuel.mod","status.quo","status.quo",1.55534427195328,4.03600829559881,1.218517776,10.2563091770787
"Small",0.0394958405405381,"pricestatus.quo_fuelstatus.quo",1988,11.6315651134648,"price.fuel.mod","status.quo","status.quo",23.8431624881257,2.83796100605314,0.992170369,33.0099282313811
"Small",0.0394958405405381,"pricestatus.quo_fuelstatus.quo",1988.5,1.80390188171304,"price.fuel.mod","status.quo","status.quo",0.720080044745491,3.55275304925539,0.95042966,6.40881791081355
"Small",0.0394958405405381,"pricestatus.quo_fuelstatus.quo",1989,18.2940891156421,"price.fuel.mod","status.quo","status.quo",28.7755001766216,2.51462103845419,1.040677249,46.0027013695495
"Small",0.0394958405405381,"pricestatus.quo_fuelstatus.quo",1989.5,2.2731327683833,"price.fuel.mod","status.quo","status.quo",1.15542976955331,3.07473626443988,1.319286796,6.98928375683476
"Small",0.0394958405405381,"pricestatus.quo_fuelstatus.quo",1990,22.0223573639129,"price.fuel.mod","status.quo","status.quo",40.4141643858711,2.31713756835269,1.165362175,51.028831591611
"Small",0.0394958405405381,"pricestatus.quo_fuelstatus.quo",1990.5,3.10412594096034,"price.fuel.mod","status.quo","status.quo",0.71930936977849,3.31075264722307,1.749252381,10.2769931763482
"Small",0.0394958405405381,"pricestatus.quo_fuelstatus.quo",1991,31.2604263439201,"price.fuel.mod","status.quo","status.quo",29.6999205320081,2.75220541657956,1.109832663,86.0351147083233
"Small",0.0394958405405381,"pricestatus.quo_fuelstatus.quo",1991.5,4.50753668962346,"price.fuel.mod","status.quo","status.quo",1.45164641335001,3.33127362657706,1.186270087,15.0158380949711
"Small",0.0394958405405381,"pricestatus.quo_fuelstatus.quo",1992,9.58727414418958,"price.fuel.mod","status.quo","status.quo",22.1974889327821,3.34190966430881,1.136504152,32.0398041168451
"Small",0.0394958405405381,"pricestatus.quo_fuelstatus.quo",1992.5,2.66299835043843,"price.fuel.mod","status.quo","status.quo",1.90915308007694,3.40282759475462,1.119827889,9.06172427165792
"Small",0.0394958405405381,"pricestatus.quo_fuelstatus.quo",1993,10.7186072922499,"price.fuel.mod","status.quo","status.quo",31.251177401142,2.55240244206907,0.970890649,27.358199428318
"Small",0.0394958405405381,"pricestatus.quo_fuelstatus.quo",1993.5,5.70294100202214,"price.fuel.mod","status.quo","status.quo",0.649131295937703,2.80837868563889,0.925675909,16.0160179555351
"Small",0.0394958405405381,"pricestatus.quo_fuelstatus.quo",1994,24.7190267735338,"price.fuel.mod","status.quo","status.quo",21.9947786917798,3.00582662053682,0.900017334,74.3011087096501
"Small",0.0394958405405381,"pricestatus.quo_fuelstatus.quo",1994.5,3.63340718201755,"price.fuel.mod","status.quo","status.quo",1.36367695496224,3.87707147498693,0.879442785,14.0869793424129
"Small",0.0394958405405381,"pricestatus.quo_fuelstatus.quo",1995,28.7536075084638,"price.fuel.mod","status.quo","status.quo",34.102267260659,2.974202323365,0.867027844,85.5190462567984
"Small",0.0394958405405381,"pricestatus.quo_fuelstatus.quo",1995.5,4.62208016035476,"price.fuel.mod","status.quo","status.quo",0.735616089227739,3.19859578961608,0.92666276,14.7841661401787
"Small",0.0394958405405381,"pricestatus.quo_fuelstatus.quo",1996,17.0389034621952,"price.fuel.mod","status.quo","status.quo",33.1773985935543,2.50019980592919,0.990501339,42.6006631294266
"Small",0.0394958405405381,"pricestatus.quo_fuelstatus.quo",1996.5,3.15382116732046,"price.fuel.mod","status.quo","status.quo",0.716812406096025,3.16326652401382,1.235234785,9.97637692131101
"Small",0.0394958405405381,"pricestatus.quo_fuelstatus.quo",1997,16.6201184022468,"price.fuel.mod","status.quo","status.quo",29.4775886362047,3.20074806344115,0.933448325,53.1968117901542
"Small",0.0394958405405381,"pricestatus.quo_fuelstatus.quo",1997.5,4.70685088460209,"price.fuel.mod","status.quo","status.quo",1.69100390344393,3.17160491541806,0.938670805,14.9282714017438
"Small",0.0394958405405381,"pricestatus.quo_fuelstatus.quo",1998,39.8178823563558,"price.fuel.mod","status.quo","status.quo",34.4104421044754,2.32616054446169,0.640660448,92.622786901372
"Small",0.0394958405405381,"pricestatus.quo_fuelstatus.quo",1998.5,4.02765375990267,"price.fuel.mod","status.quo","status.quo",2.05210174026596,2.56029739710157,0.622172867,10.3119914379052
"Small",0.0394958405405381,"pricestatus.quo_fuelstatus.quo",1999,32.6134710423104,"price.fuel.mod","status.quo","status.quo",38.4741550182192,2.39087042848093,0.804286601,77.9745834851791
"Small",0.0394958405405381,"pricestatus.quo_fuelstatus.quo",1999.5,7.34105698362153,"price.fuel.mod","status.quo","status.quo",2.23520985136123,3.15007512047249,1.050467788,23.124880962077
"Small",0.0394958405405381,"pricestatus.quo_fuelstatus.quo",2000,28.5136807941917,"price.fuel.mod","status.quo","status.quo",37.0846168064626,3.42056965332977,1.327541825,97.5330312293439
"Small",0.0394958405405381,"pricestatus.quo_fuelstatus.quo",2000.5,3.73610614040668,"price.fuel.mod","status.quo","status.quo",1.12931721350037,3.50211131063933,1.612986692,13.0842595720673
"Small",0.0394958405405381,"pricestatus.quo_fuelstatus.quo",2001,12.7037455022581,"price.fuel.mod","status.quo","status.quo",38.9592104154854,3.17152612550219,1.194280761,40.2902607521424
"Small",0.0394958405405381,"pricestatus.quo_fuelstatus.quo",2001.5,4.55397157179257,"price.fuel.mod","status.quo","status.quo",0.95305989767346,2.72647203944922,0.975859995,12.416276158939
"Small",0.0394958405405381,"pricestatus.quo_fuelstatus.quo",2002,22.4343400748566,"price.fuel.mod","status.quo","status.quo",32.8442587186268,2.43724646261169,1.070930495,54.678015988472
"Small",0.0394958405405381,"pricestatus.quo_fuelstatus.quo",2002.5,5.48568230839342,"price.fuel.mod","status.quo","status.quo",1.87019646901045,2.48644434759047,1.216097682,13.6398437683818
"Small",0.0394958405405381,"pricestatus.quo_fuelstatus.quo",2003,48.5623415081451,"price.fuel.mod","status.quo","status.quo",39.9101605584912,1.87960607049409,1.210301841,91.2780718961168
"Small",0.0394958405405381,"pricestatus.quo_fuelstatus.quo",2003.5,2.60262514573763,"price.fuel.mod","status.quo","status.quo",1.08131262915648,1.64775643949941,1.269159913,4.28849234349227
"Small",0.0394958405405381,"pricestatus.quo_fuelstatus.quo",2004,16.0096258265811,"price.fuel.mod","status.quo","status.quo",37.7506649665029,1.49426390224892,1.620877333,23.9226059611721
"Small",0.0394958405405381,"pricestatus.quo_fuelstatus.quo",2004.5,2.63591123083775,"price.fuel.mod","status.quo","status.quo",0.542971426348707,1.95329414520825,2.02849139,5.14870997448404
"Small",0.0394958405405381,"pricestatus.quo_fuelstatus.quo",2005,8.38963354477427,"price.fuel.mod","status.quo","status.quo",25.5567941818433,2.276876512803,2.382254002,19.1021595691207
"Small",0.0394958405405381,"pricestatus.quo_fuelstatus.quo",2005.5,3.98797224216047,"price.fuel.mod","status.quo","status.quo",1.92148772697992,2.32541849460168,2.636138142,9.27370440787809
"Small",0.0394958405405381,"pricestatus.quo_fuelstatus.quo",2006,20.7297319353103,"price.fuel.mod","status.quo","status.quo",29.3820294770415,1.64328250817206,2.787784045,34.0648058883913
"Small",0.0394958405405381,"pricestatus.quo_fuelstatus.quo",2006.5,4.59297066432427,"price.fuel.mod","status.quo","status.quo",0.304521701423559,1.71856753817881,2.365521844,7.89333028751523
"Small",0.0394958405405381,"pricestatus.quo_fuelstatus.quo",2007,12.5553433506235,"price.fuel.mod","status.quo","status.quo",27.6217543664749,1.89961137600456,2.755746336,23.8502730584876
"Small",0.0394958405405381,"pricestatus.quo_fuelstatus.quo",2007.5,1.33270487173307,"price.fuel.mod","status.quo","status.quo",0.465516613623862,1.90748378576943,3.320424497,2.54211293404676
"Small",0.0394958405405381,"pricestatus.quo_fuelstatus.quo",2008,5.28524230597744,"price.fuel.mod","status.quo","status.quo",17.7659276919536,1.84321551806618,4.889983343,9.7418406351175
"Small",0.0394958405405381,"pricestatus.quo_fuelstatus.quo",2008.5,4.70922035907056,"price.fuel.mod","status.quo","status.quo",0.817461976283013,1.81599198296602,2.844336426,8.55190641809248
"Small",0.0394958405405381,"pricestatus.quo_fuelstatus.quo",2009,17.979744110761,"price.fuel.mod","status.quo","status.quo",18.8947247584991,1.47843200217586,2.278682818,26.581829084282
"Small",0.0394958405405381,"pricestatus.quo_fuelstatus.quo",2009.5,2.28293010983765,"price.fuel.mod","status.quo","status.quo",0.414448546792974,1.74489870397938,2.572136375,3.98348178993123
"Small",0.0394958405405381,"pricestatus.quo_fuelstatus.quo",2010,10.2851345619027,"price.fuel.mod","status.quo","status.quo",10.3898713043782,2.40726345236337,2.70288658,24.7590285335078
"Small",0.0394958405405381,"pricestatus.quo_fuelstatus.quo",2010.5,0.753716117605967,"price.fuel.mod","status.quo","status.quo",1.58086469169156,1.8721768967639,3.033457857,1.41108990210048
"Small",0.0394958405405381,"pricestatus.quo_fuelstatus.quo",2011,8.18772595541504,"price.fuel.mod","status.quo","status.quo",24.250876531461,1.46960221213565,3.91117392,12.0327001764384
"Small",0.0394958405405381,"pricestatus.quo_fuelstatus.quo",2011.5,0.715900385777472,"price.fuel.mod","status.quo","status.quo",1.02000463321805,2.11229011307718,3.857637569,1.5121893068259
"Small",0.0394958405405381,"pricestatus.quo_fuelstatus.quo",2012,8.78661668211595,"price.fuel.mod","status.quo","status.quo",14.9581501376982,2.01235528403434,3.670647018,17.6817945090403
"Small",0.0394958405405381,"pricestatus.quo_fuelstatus.quo",2012.5,0.634382261630834,"price.fuel.mod","status.quo","status.quo",1.06246201400765,1.95729714018241,3.926350999,1.24167458647248
"Small",0.0394958405405381,"pricestatus.quo_fuelstatus.quo",2013,8.52158969134006,"price.fuel.mod","status.quo","status.quo",23.121954254089,2.08313110442743,3.59356354,17.7515885451986
"Small",0.0394958405405381,"pricestatus.quo_fuelstatus.quo",2013.5,0.80354423404111,"price.fuel.mod","status.quo","status.quo",1.11985873291099,3.47567759827312,3.730174711,2.79286069347822
"Small",0.0394958405405381,"pricestatus.quo_fuelstatus.quo",2014,5.08384536835863,"price.fuel.mod","status.quo","status.quo",25.8305466848948,3.59725315728399,3.505636196,18.2878788024717
"Small",0.0394958405405381,"pricestatus.quo_fuelstatus.quo",2014.5,2.38240519341649,"price.fuel.mod","status.quo","status.quo",1.43466762510486,2.30597696796899,2.841017708,5.49377150438813
"Small",0.0394958405405381,"pricestatus.quo_fuelstatus.quo",2015,23.7255383646818,"price.fuel.mod","status.quo","status.quo",17.7198833877751,1.60367976611785,2.014201659,38.0481658156931
"Small",0.0394958405405381,"pricestatus.quo_fuelstatus.quo",2015.5,4.51976358059737,"price.fuel.mod","status.quo","status.quo",0.893230523631532,1.74925517610095,1.59375734,7.90621983811253
"Small",0.0394958405405381,"pricestatus.quo_fuelstatus.quo",2016,14.2959342187336,"price.fuel.mod","status.quo","status.quo",13.7848418529771,1.36349750789189,1.64619339,19.4924706802296
"Small",0.0394958405405381,"pricestatus.quo_fuelstatus.quo",2016.5,2.35587317854296,"price.fuel.mod","status.quo","status.quo",2.07950199163093,2.21804534012833,1.755500592,5.22543352560052
"Small",0.0394958405405381,"pricestatus.quo_fuelstatus.quo",2017,16.5151099488061,"price.fuel.mod","status.quo","status.quo",16.1131159758896,1.54110611853533,1.721349829,25.4515369903887
"Small",0.0394958405405381,"pricestatus.quo_fuelstatus.quo",2017.5,4.17443452801571,"price.fuel.mod","status.quo","status.quo",2.88503781328209,1.90789517166,2.115492451,7.96438348041196
"Small",0.0394958405405381,"pricestatus.quo_fuelstatus.quo",2018,8.59259116314626,"price.fuel.mod","status.quo","status.quo",24.659261960846,1.44488280433977,2.502609693,12.4152872163519
"Small",0.0394958405405381,"pricestatus.quo_fuelstatus.quo",2018.5,3.21258314899257,"price.fuel.mod","status.quo","status.quo",0.766913261974894,1.54754568558391,2.434931942,4.97161919180302
"Small",0.0394958405405381,"pricestatus.quo_fuelstatus.quo",2019,20.7978156247289,"price.fuel.mod","status.quo","status.quo",12.1964944971997,1.60329405331422,2.166705119,33.3450141130535
"Small",0.0394958405405381,"pricestatus.quo_fuelstatus.quo",2019.5,3.24676204636475,"price.fuel.mod","status.quo","status.quo",0.49134503743693,1.84553430067428,2.217115677,5.99201072269357
"Small",0.0394958405405381,"pricestatus.quo_fuelstatus.quo",2020,46.1233607871519,"price.fuel.mod","status.quo","status.quo",8.45437092584065,1.74321307533248,1.223776883,80.4028456024407
"Small",0.0394958405405381,"pricestatus.quo_fuelstatus.quo",2020.5,6.18288786912017,"price.fuel.mod","status.quo","status.quo",0.365339397994311,1.99966936626942,1.326079845,12.3637314669585
"Small",0.0394958405405381,"pricestatus.quo_fuelstatus.quo",2021,39.7868224520135,"price.fuel.mod","status.quo","status.quo",10.9727795586288,2.19867920946227,2.064034533,87.4784593358086
"Small",0.0394958405405381,"pricestatus.quo_fuelstatus.quo",2021.5,3.02972604192832,"price.fuel.mod","status.quo","status.quo",0.63159289139346,1.95371255603988,2.34283939,5.91921380947637
"Small",0.0394958405405381,"pricestatus.quo_fuelstatus.quo",2022,7.73812243170845,"price.fuel.mod","status.quo","status.quo",7.02551689200128,1.20079679537534,3.992053255,9.29191261821754
"Small",0.0394958405405381,"pricestatus.quo_fuelstatus.quo",2022.5,2.14698323252443,"price.fuel.mod","status.quo","status.quo",0.425794667042911,1.33949152023172,3.5445,2.87586583404616
"Small",0.0394958405405381,"pricestatus.quo_fuelstatus.quo",2023,9.2056301028998,"price.fuel.mod","status.quo","status.quo",NA,1.73926042045185,2.41554731766667,16.0109880832937
"Small",0.0394958405405381,"pricestatus.quo_fuelstatus.quo",2023.5,4.46929403161809,"price.fuel.mod","status.quo","status.quo",NA,1.73926042045185,2.41554731766667,7.77326621655503
"Small",0.0394958405405381,"pricestatus.quo_fuelstatus.quo",2024,16.3591737483437,"price.fuel.mod","status.quo","status.quo",NA,1.73926042045185,2.41554731766667,28.4528634117891
"Small",0.0394958405405381,"pricestatus.quo_fuelstatus.quo",2024.5,2.81458176923438,"price.fuel.mod","status.quo","status.quo",NA,1.73926042045185,2.41554731766667,4.8952906713547
"Small",0.0394958405405381,"pricestatus.quo_fuelstatus.quo",2025,16.6196691976243,"price.fuel.mod","status.quo","status.quo",NA,1.73926042045185,2.41554731766667,28.9059328364308
"Small",0.0394958405405381,"pricestatus.quo_fuelstatus.quo",2025.5,2.22708753837454,"price.fuel.mod","status.quo","status.quo",NA,1.73926042045185,2.41554731766667,3.87348520837639
"Small",0.0394958405405381,"pricestatus.quo_fuelstatus.quo",2026,18.0535840684758,"price.fuel.mod","status.quo","status.quo",NA,1.73926042045185,2.41554731766667,31.3998842176002
"Small",0.0394958405405381,"pricestatus.quo_fuelstatus.quo",2026.5,2.65955372163222,"price.fuel.mod","status.quo","status.quo",NA,1.73926042045185,2.41554731766667,4.62565652410035
"Small",0.0394958405405381,"pricestatus.quo_fuelstatus.quo",2027,17.961205702322,"price.fuel.mod","status.quo","status.quo",NA,1.73926042045185,2.41554731766667,31.2392141816429
"Large",0.0364024217776774,"pricefarmed_fuelstatus.quo",1987,5.37542376888951,"price.fuel.mod","farmed","status.quo",6.71737977735683,12.5899917441796,1.193864043,67.6765408717856
"Large",0.0364024217776774,"pricefarmed_fuelstatus.quo",1987.5,6.26413715932755,"price.fuel.mod","farmed","status.quo",10.622314411265,12.0793895597091,1.218517776,75.6669530029669
"Large",0.0364024217776774,"pricefarmed_fuelstatus.quo",1988,2.65787682022248,"price.fuel.mod","farmed","status.quo",8.57325287037129,12.6057295038419,0.992170369,33.5044762502561
"Large",0.0364024217776774,"pricefarmed_fuelstatus.quo",1988.5,8.15074675368682,"price.fuel.mod","farmed","status.quo",10.8087014478752,12.5584041151657,0.95042966,102.360371573174
"Large",0.0364024217776774,"pricefarmed_fuelstatus.quo",1989,13.0134055141867,"price.fuel.mod","farmed","status.quo",8.31618564404666,10.1603157047673,1.040677249,132.220308418297
"Large",0.0364024217776774,"pricefarmed_fuelstatus.quo",1989.5,9.45511619314545,"price.fuel.mod","farmed","status.quo",13.0119615266943,8.85794163390862,1.319286796,83.7528673807066
"Large",0.0364024217776774,"pricefarmed_fuelstatus.quo",1990,7.17986244777725,"price.fuel.mod","farmed","status.quo",10.4664894841967,8.57265311491896,1.165362175,61.5504701776273
"Large",0.0364024217776774,"pricefarmed_fuelstatus.quo",1990.5,7.88615086783963,"price.fuel.mod","farmed","status.quo",12.3173138400001,10.121152066617,1.749252381,79.8169321536887
"Large",0.0364024217776774,"pricefarmed_fuelstatus.quo",1991,17.4064597169755,"price.fuel.mod","farmed","status.quo",10.6108380057583,9.45743851223052,1.109832663,164.620522488914
"Large",0.0364024217776774,"pricefarmed_fuelstatus.quo",1991.5,10.6322178974377,"price.fuel.mod","farmed","status.quo",12.4879838019052,8.90923640938927,1.186270087,94.7249428044119
"Large",0.0364024217776774,"pricefarmed_fuelstatus.quo",1992,5.97765522234903,"price.fuel.mod","farmed","status.quo",4.36900738448302,9.78433680553042,1.136504152,58.4873920028007
"Large",0.0364024217776774,"pricefarmed_fuelstatus.quo",1992.5,9.32278461450246,"price.fuel.mod","farmed","status.quo",12.1414743179632,9.61389512435446,1.119827889,89.628273550772
"Large",0.0364024217776774,"pricefarmed_fuelstatus.quo",1993,4.27003854406339,"price.fuel.mod","farmed","status.quo",3.71286139165064,9.68624084782594,0.970890649,41.360621767298
"Large",0.0364024217776774,"pricefarmed_fuelstatus.quo",1993.5,6.28028305462361,"price.fuel.mod","farmed","status.quo",9.6599860067035,9.72021935763151,0.925675909,61.0457289189576
"Large",0.0364024217776774,"pricefarmed_fuelstatus.quo",1994,7.93146522942181,"price.fuel.mod","farmed","status.quo",5.51132667262915,10.8613688089981,0.900017334,86.1465690524952
"Large",0.0364024217776774,"pricefarmed_fuelstatus.quo",1994.5,10.5220834343964,"price.fuel.mod","farmed","status.quo",11.8112138407078,10.7633585365074,0.879442785,113.252956555454
"Large",0.0364024217776774,"pricefarmed_fuelstatus.quo",1995,10.0269293104296,"price.fuel.mod","farmed","status.quo",6.21391252952628,10.7890232405838,0.867027844,108.180773361917
"Large",0.0364024217776774,"pricefarmed_fuelstatus.quo",1995.5,11.1595797370325,"price.fuel.mod","farmed","status.quo",11.1939421930543,9.62593281197826,0.92666276,107.421364758589
"Large",0.0364024217776774,"pricefarmed_fuelstatus.quo",1996,4.58253783737548,"price.fuel.mod","farmed","status.quo",4.69273193485784,10.3436601282369,0.990501339,47.4002139145976
"Large",0.0364024217776774,"pricefarmed_fuelstatus.quo",1996.5,7.09674340765516,"price.fuel.mod","farmed","status.quo",10.9515132054804,10.4387237810633,1.235234785,74.0809441775942
"Large",0.0364024217776774,"pricefarmed_fuelstatus.quo",1997,4.54370661792861,"price.fuel.mod","farmed","status.quo",3.43510362636754,11.5771198057125,0.933448325,52.6030358777684
"Large",0.0364024217776774,"pricefarmed_fuelstatus.quo",1997.5,8.73187356309806,"price.fuel.mod","farmed","status.quo",9.04681397446952,11.3781664584964,0.938670805,99.3527108954737
"Large",0.0364024217776774,"pricefarmed_fuelstatus.quo",1998,5.58296406208453,"price.fuel.mod","farmed","status.quo",4.24075938686746,10.7769406001589,0.640660448,60.167272069907
"Large",0.0364024217776774,"pricefarmed_fuelstatus.quo",1998.5,9.71903166275535,"price.fuel.mod","farmed","status.quo",12.0293003674683,9.51226679526253,0.622172867,92.4500221677329
"Large",0.0364024217776774,"pricefarmed_fuelstatus.quo",1999,8.78414542346186,"price.fuel.mod","farmed","status.quo",6.26837397930924,10.3714508913732,0.804286601,91.1043328821157
"Large",0.0364024217776774,"pricefarmed_fuelstatus.quo",1999.5,9.05061664424378,"price.fuel.mod","farmed","status.quo",9.94572173827841,10.6330528005955,1.050467788,96.2356846561922
"Large",0.0364024217776774,"pricefarmed_fuelstatus.quo",2000,12.168715429895,"price.fuel.mod","farmed","status.quo",9.60103636139893,10.7508888167683,1.327541825,130.824506629694
"Large",0.0364024217776774,"pricefarmed_fuelstatus.quo",2000.5,10.3147129121958,"price.fuel.mod","farmed","status.quo",12.330422287742,9.34581671991077,1.612986692,96.3994163958789
"Large",0.0364024217776774,"pricefarmed_fuelstatus.quo",2001,9.24977991510604,"price.fuel.mod","farmed","status.quo",7.91172740953807,9.69680841162668,1.194280761,89.6933436864958
"Large",0.0364024217776774,"pricefarmed_fuelstatus.quo",2001.5,7.54250673054405,"price.fuel.mod","farmed","status.quo",9.53611922083641,8.24439553464669,0.975859995,62.1834088093399
"Large",0.0364024217776774,"pricefarmed_fuelstatus.quo",2002,6.33880904295416,"price.fuel.mod","farmed","status.quo",5.90490467986567,7.03546425864735,1.070930495,44.5964644640947
"Large",0.0364024217776774,"pricefarmed_fuelstatus.quo",2002.5,6.58208886146631,"price.fuel.mod","farmed","status.quo",8.21494371689397,7.15032103828286,1.216097682,47.0640484619898
"Large",0.0364024217776774,"pricefarmed_fuelstatus.quo",2003,7.07648969967173,"price.fuel.mod","farmed","status.quo",5.88659270493106,6.83775934994511,1.210301841,48.3873336087207
"Large",0.0364024217776774,"pricefarmed_fuelstatus.quo",2003.5,8.61205292955769,"price.fuel.mod","farmed","status.quo",9.7458138599594,6.03783529573531,1.269159913,51.9981571468241
"Large",0.0364024217776774,"pricefarmed_fuelstatus.quo",2004,13.9126331690354,"price.fuel.mod","farmed","status.quo",6.97115490146669,6.51352108495447,1.620877333,90.6202294937492
"Large",0.0364024217776774,"pricefarmed_fuelstatus.quo",2004.5,9.15361279753341,"price.fuel.mod","farmed","status.quo",10.0288422319289,6.56657427628878,2.02849139,60.1078783313907
"Large",0.0364024217776774,"pricefarmed_fuelstatus.quo",2005,4.64616903864719,"price.fuel.mod","farmed","status.quo",5.57953019668072,6.02719887276295,2.382254002,28.0033847924005
"Large",0.0364024217776774,"pricefarmed_fuelstatus.quo",2005.5,7.07130337511595,"price.fuel.mod","farmed","status.quo",10.0812503959341,5.6234149093112,2.636138142,39.7648728278896
"Large",0.0364024217776774,"pricefarmed_fuelstatus.quo",2006,8.71940942021577,"price.fuel.mod","farmed","status.quo",9.32814760671619,4.72089382927121,2.787784045,41.1634061267859
"Large",0.0364024217776774,"pricefarmed_fuelstatus.quo",2006.5,6.84934689025661,"price.fuel.mod","farmed","status.quo",19.3733736458873,4.22533641185959,2.365521844,28.9407948128585
"Large",0.0364024217776774,"pricefarmed_fuelstatus.quo",2007,7.0796881835825,"price.fuel.mod","farmed","status.quo",8.93251755415469,5.4674366499906,2.755746336,38.7077466454244
"Large",0.0364024217776774,"pricefarmed_fuelstatus.quo",2007.5,8.94784450255713,"price.fuel.mod","farmed","status.quo",11.9723465627928,5.86706497636183,3.320424497,52.4975850948847
"Large",0.0364024217776774,"pricefarmed_fuelstatus.quo",2008,7.21652559899077,"price.fuel.mod","farmed","status.quo",6.8632023388661,6.87395329195337,4.889983343,49.6060598976483
"Large",0.0364024217776774,"pricefarmed_fuelstatus.quo",2008.5,10.6410019637121,"price.fuel.mod","farmed","status.quo",12.9867202704612,4.910949850942,2.844336426,52.2574270075657
"Large",0.0364024217776774,"pricefarmed_fuelstatus.quo",2009,2.28212544244915,"price.fuel.mod","farmed","status.quo",11.3957385120874,3.4946185695594,2.278682818,7.97515794924676
"Large",0.0364024217776774,"pricefarmed_fuelstatus.quo",2009.5,7.97783950060318,"price.fuel.mod","farmed","status.quo",20.1822701677183,3.95084796176061,2.572136375,31.5192309302114
"Large",0.0364024217776774,"pricefarmed_fuelstatus.quo",2010,32.9756449667265,"price.fuel.mod","farmed","status.quo",4.93689076135254,6.8935907213382,2.70288658,227.320600172769
"Large",0.0364024217776774,"pricefarmed_fuelstatus.quo",2010.5,30.8204377813916,"price.fuel.mod","farmed","status.quo",11.8949437102665,6.08552889172307,3.033457857,187.558664574212
"Large",0.0364024217776774,"pricefarmed_fuelstatus.quo",2011,25.5693977207293,"price.fuel.mod","farmed","status.quo",7.43116987306931,6.42924813142202,3.91117392,164.392002517585
"Large",0.0364024217776774,"pricefarmed_fuelstatus.quo",2011.5,23.537915099518,"price.fuel.mod","farmed","status.quo",15.2124204306267,6.12657011782144,3.857637569,144.206687284525
"Large",0.0364024217776774,"pricefarmed_fuelstatus.quo",2012,13.5368738040848,"price.fuel.mod","farmed","status.quo",8.20944256638802,5.37802611663949,3.670647018,72.8016608560212
"Large",0.0364024217776774,"pricefarmed_fuelstatus.quo",2012.5,12.7470567775555,"price.fuel.mod","farmed","status.quo",12.7487994935888,5.26996060725231,3.926350999,67.1764870761259
"Large",0.0364024217776774,"pricefarmed_fuelstatus.quo",2013,15.454028675404,"price.fuel.mod","farmed","status.quo",8.12879485408897,7.29940876517483,3.59356354,112.805272370507
"Large",0.0364024217776774,"pricefarmed_fuelstatus.quo",2013.5,20.5189211531366,"price.fuel.mod","farmed","status.quo",12.1287990775526,8.36406624719241,3.730174711,171.621615845752
"Large",0.0364024217776774,"pricefarmed_fuelstatus.quo",2014,8.95226849401108,"price.fuel.mod","farmed","status.quo",4.83811460324899,9.26869378396509,3.505636196,82.9758353428271
"Large",0.0364024217776774,"pricefarmed_fuelstatus.quo",2014.5,25.2231454861815,"price.fuel.mod","farmed","status.quo",13.2014758885329,7.64784836022419,2.841017708,192.90279184619
"Large",0.0364024217776774,"pricefarmed_fuelstatus.quo",2015,6.05948419889366,"price.fuel.mod","farmed","status.quo",11.9161098619624,4.35779288507159,2.014201659,26.4059771291425
"Large",0.0364024217776774,"pricefarmed_fuelstatus.quo",2015.5,15.1309714539705,"price.fuel.mod","farmed","status.quo",12.4991106317133,4.55318414231323,1.59375734,68.8940992820127
"Large",0.0364024217776774,"pricefarmed_fuelstatus.quo",2016,11.9608213583819,"price.fuel.mod","farmed","status.quo",9.63632679089192,4.88277904371158,1.64619339,58.4020478742851
"Large",0.0364024217776774,"pricefarmed_fuelstatus.quo",2016.5,16.5987943166205,"price.fuel.mod","farmed","status.quo",9.76216658287913,6.21792739900937,1.755500592,103.210097971835
"Large",0.0364024217776774,"pricefarmed_fuelstatus.quo",2017,8.54951933992999,"price.fuel.mod","farmed","status.quo",9.02808762228676,4.92061824876707,1.721349829,42.0689208822465
"Large",0.0364024217776774,"pricefarmed_fuelstatus.quo",2017.5,10.9667803741238,"price.fuel.mod","farmed","status.quo",9.08662344104663,5.10145524158574,2.115492451,55.9465392228937
"Large",0.0364024217776774,"pricefarmed_fuelstatus.quo",2018,6.59240588011919,"price.fuel.mod","farmed","status.quo",10.2255227834163,4.71837605093946,2.502609693,31.1054500228268
"Large",0.0364024217776774,"pricefarmed_fuelstatus.quo",2018.5,11.486619833874,"price.fuel.mod","farmed","status.quo",12.0208463089032,5.01855298773329,2.434931942,57.6462102862448
"Large",0.0364024217776774,"pricefarmed_fuelstatus.quo",2019,5.46389989185006,"price.fuel.mod","farmed","status.quo",6.49742860601407,4.88494408016038,2.166705119,26.6908454312819
"Large",0.0364024217776774,"pricefarmed_fuelstatus.quo",2019.5,9.12293392269843,"price.fuel.mod","farmed","status.quo",8.12546140575837,5.17750496313892,2.217115677,47.2340356631596
"Large",0.0364024217776774,"pricefarmed_fuelstatus.quo",2020,9.52477947537156,"price.fuel.mod","farmed","status.quo",6.99253856614546,4.68046753159861,1.223776883,44.5804210801135
"Large",0.0364024217776774,"pricefarmed_fuelstatus.quo",2020.5,18.77433405639,"price.fuel.mod","farmed","status.quo",8.32614451400999,5.40555837390546,1.326079845,101.485758673017
"Large",0.0364024217776774,"pricefarmed_fuelstatus.quo",2021,17.0195093445105,"price.fuel.mod","farmed","status.quo",4.15856313937567,6.22144464823613,2.064034533,105.88593532701
"Large",0.0364024217776774,"pricefarmed_fuelstatus.quo",2021.5,15.3668926180311,"price.fuel.mod","farmed","status.quo",5.87361341229464,6.47320276956418,2.34283939,99.4730118546345
"Large",0.0364024217776774,"pricefarmed_fuelstatus.quo",2022,6.57805714616534,"price.fuel.mod","farmed","status.quo",4.33617367568456,4.29638469636797,3.992053255,28.2618640546187
"Large",0.0364024217776774,"pricefarmed_fuelstatus.quo",2022.5,0.289190169552395,"price.fuel.mod","farmed","status.quo",5.27214346715716,3.49424942020108,3.5445,1.01050258228631
"Large",0.0364024217776774,"pricefarmed_fuelstatus.quo",2023,4.75127392567361,"price.fuel.mod","farmed","status.quo",NA,3.82141342998418,2.41554731766667,18.1565819891028
"Large",0.0364024217776774,"pricefarmed_fuelstatus.quo",2023.5,3.14699634297296,"price.fuel.mod","farmed","status.quo",NA,3.82141342998418,2.41554731766667,12.025974089148
"Large",0.0364024217776774,"pricefarmed_fuelstatus.quo",2024,4.21549793363848,"price.fuel.mod","farmed","status.quo",NA,3.82141342998418,2.41554731766667,16.1091604176767
"Large",0.0364024217776774,"pricefarmed_fuelstatus.quo",2024.5,3.04621768253002,"price.fuel.mod","farmed","status.quo",NA,3.82141342998418,2.41554731766667,11.6408571626755
"Large",0.0364024217776774,"pricefarmed_fuelstatus.quo",2025,4.48728248206463,"price.fuel.mod","farmed","status.quo",NA,3.82141342998418,2.41554731766667,17.1477615410945
"Large",0.0364024217776774,"pricefarmed_fuelstatus.quo",2025.5,3.29573068791548,"price.fuel.mod","farmed","status.quo",NA,3.82141342998418,2.41554731766667,12.5943495124112
"Large",0.0364024217776774,"pricefarmed_fuelstatus.quo",2026,4.55195477278982,"price.fuel.mod","farmed","status.quo",NA,3.82141342998418,2.41554731766667,17.3949011014196
"Large",0.0364024217776774,"pricefarmed_fuelstatus.quo",2026.5,3.3648006883167,"price.fuel.mod","farmed","status.quo",NA,3.82141342998418,2.41554731766667,12.8582945395535
"Large",0.0364024217776774,"pricefarmed_fuelstatus.quo",2027,4.43225109974953,"price.fuel.mod","farmed","status.quo",NA,3.82141342998418,2.41554731766667,16.937463877645
"Medium",0.021891846537182,"pricefarmed_fuelstatus.quo",1987,16.77118699456,"price.fuel.mod","farmed","status.quo",32.7194132783767,6.08983897957365,1.193864043,102.13382829319
"Medium",0.021891846537182,"pricefarmed_fuelstatus.quo",1987.5,6.43334377614751,"price.fuel.mod","farmed","status.quo",7.64637899895229,6.22272095995808,1.218517776,40.032903158449
"Medium",0.021891846537182,"pricefarmed_fuelstatus.quo",1988,10.8379343764981,"price.fuel.mod","farmed","status.quo",32.816615646671,5.28614926542636,0.992170369,57.2909388430643
"Medium",0.021891846537182,"pricefarmed_fuelstatus.quo",1988.5,4.56746626149539,"price.fuel.mod","farmed","status.quo",5.51691034329667,5.92203308328633,0.95042966,27.0486863073698
"Medium",0.021891846537182,"pricefarmed_fuelstatus.quo",1989,48.9599422786893,"price.fuel.mod","farmed","status.quo",36.5678534777813,5.11980548744016,1.040677249,250.665381143187
"Medium",0.021891846537182,"pricefarmed_fuelstatus.quo",1989.5,9.83460324865674,"price.fuel.mod","farmed","status.quo",9.12915061718908,5.89339168953183,1.319286796,57.9591690554764
"Medium",0.021891846537182,"pricefarmed_fuelstatus.quo",1990,31.6653088566793,"price.fuel.mod","farmed","status.quo",35.6475771015084,4.69183072247511,1.165362175,148.568268930431
"Medium",0.021891846537182,"pricefarmed_fuelstatus.quo",1990.5,8.16709149773667,"price.fuel.mod","farmed","status.quo",8.40505368169431,5.87198459467529,1.749252381,47.9570354580133
"Medium",0.021891846537182,"pricefarmed_fuelstatus.quo",1991,42.3969264921548,"price.fuel.mod","farmed","status.quo",27.3423279699856,5.29812880233018,1.109832663,224.624377378361
"Medium",0.021891846537182,"pricefarmed_fuelstatus.quo",1991.5,12.0111234011054,"price.fuel.mod","farmed","status.quo",6.60304838164396,5.66122882462061,1.186270087,67.9977180144128
"Medium",0.021891846537182,"pricefarmed_fuelstatus.quo",1992,14.0957432368974,"price.fuel.mod","farmed","status.quo",22.2825090419081,5.27007850286719,1.136504152,74.2856734147087
"Medium",0.021891846537182,"pricefarmed_fuelstatus.quo",1992.5,9.70977124251765,"price.fuel.mod","farmed","status.quo",8.04572442883319,5.34944559516089,1.119827889,51.9418930033059
"Medium",0.021891846537182,"pricefarmed_fuelstatus.quo",1993,9.87115731969945,"price.fuel.mod","farmed","status.quo",16.9236119526854,4.69304570072945,0.970890649,46.3257924204396
"Medium",0.021891846537182,"pricefarmed_fuelstatus.quo",1993.5,9.71182227076254,"price.fuel.mod","farmed","status.quo",6.56173810175156,5.6129027756598,0.925675909,54.5115141802777
"Medium",0.021891846537182,"pricefarmed_fuelstatus.quo",1994,28.6600193671097,"price.fuel.mod","farmed","status.quo",22.2137154211208,7.16914108424744,0.900017334,205.467722320073
"Medium",0.021891846537182,"pricefarmed_fuelstatus.quo",1994.5,11.7542725558221,"price.fuel.mod","farmed","status.quo",6.25221156996301,7.27604909512476,0.879442785,85.5246641936395
"Medium",0.021891846537182,"pricefarmed_fuelstatus.quo",1995,38.8205992327867,"price.fuel.mod","farmed","status.quo",20.030923425577,5.32227477000002,0.867027844,206.613895852943
"Medium",0.021891846537182,"pricefarmed_fuelstatus.quo",1995.5,15.2042508189004,"price.fuel.mod","farmed","status.quo",6.04923251875156,5.09212478044929,0.92666276,77.421942363089
"Medium",0.021891846537182,"pricefarmed_fuelstatus.quo",1996,9.5557309036492,"price.fuel.mod","farmed","status.quo",20.8366043824406,4.72257319055959,0.990501339,45.1276385817755
"Medium",0.021891846537182,"pricefarmed_fuelstatus.quo",1996.5,8.49640854128699,"price.fuel.mod","farmed","status.quo",6.16548682253209,5.66253041071969,1.235234785,48.1111717469361
"Medium",0.021891846537182,"pricefarmed_fuelstatus.quo",1997,9.60595422034296,"price.fuel.mod","farmed","status.quo",16.3328456637844,6.69271878623742,0.933448325,64.289950270226
"Medium",0.021891846537182,"pricefarmed_fuelstatus.quo",1997.5,12.0048869760248,"price.fuel.mod","farmed","status.quo",7.94680082880489,6.70282972128026,0.938670805,80.4667132235094
"Medium",0.021891846537182,"pricefarmed_fuelstatus.quo",1998,24.0802463555333,"price.fuel.mod","farmed","status.quo",24.0115004673135,4.55282361783213,0.640660448,109.633114330688
"Medium",0.021891846537182,"pricefarmed_fuelstatus.quo",1998.5,9.85708071931299,"price.fuel.mod","farmed","status.quo",7.21680260156809,4.56254309845653,0.622172867,44.9733556068304
"Medium",0.021891846537182,"pricefarmed_fuelstatus.quo",1999,30.8501905994638,"price.fuel.mod","farmed","status.quo",20.1063773758566,4.84198465538306,0.804286601,149.376149498247
"Medium",0.021891846537182,"pricefarmed_fuelstatus.quo",1999.5,9.93835210096371,"price.fuel.mod","farmed","status.quo",6.42932894524407,6.01017980396059,1.050467788,59.7312830818614
"Medium",0.021891846537182,"pricefarmed_fuelstatus.quo",2000,36.7988879989563,"price.fuel.mod","farmed","status.quo",28.1806030510016,6.33227130160756,1.327541825,233.020542406862
"Medium",0.021891846537182,"pricefarmed_fuelstatus.quo",2000.5,10.887787008839,"price.fuel.mod","farmed","status.quo",8.71077659307286,5.90087585057623,1.612986692,64.2474794266753
"Medium",0.021891846537182,"pricefarmed_fuelstatus.quo",2001,27.9149415972564,"price.fuel.mod","farmed","status.quo",28.3160763222633,4.47355045862035,1.194280761,124.878899784767
"Medium",0.021891846537182,"pricefarmed_fuelstatus.quo",2001.5,10.6642236584208,"price.fuel.mod","farmed","status.quo",5.47603106489692,4.42953362104376,0.975859995,47.2375372373054
"Medium",0.021891846537182,"pricefarmed_fuelstatus.quo",2002,23.6540968034033,"price.fuel.mod","farmed","status.quo",20.8191160581067,3.66198228125976,1.070930495,86.6208833732659
"Medium",0.021891846537182,"pricefarmed_fuelstatus.quo",2002.5,8.101106373518,"price.fuel.mod","farmed","status.quo",6.9024297187297,4.02193440093658,1.216097682,32.5821184092987
"Medium",0.021891846537182,"pricefarmed_fuelstatus.quo",2003,21.5393969588878,"price.fuel.mod","farmed","status.quo",22.7726223065002,3.41458224662662,1.210301841,73.5480424588619
"Medium",0.021891846537182,"pricefarmed_fuelstatus.quo",2003.5,5.86536360422995,"price.fuel.mod","farmed","status.quo",6.95872350472763,3.1173102683852,1.269159913,18.2841581912789
"Medium",0.021891846537182,"pricefarmed_fuelstatus.quo",2004,19.4658557470449,"price.fuel.mod","farmed","status.quo",16.488138917693,2.96352396392705,1.620877333,57.6875299847147
"Medium",0.021891846537182,"pricefarmed_fuelstatus.quo",2004.5,4.68915262934443,"price.fuel.mod","farmed","status.quo",5.41492897646919,3.2568059561738,2.02849139,15.271660212657
"Medium",0.021891846537182,"pricefarmed_fuelstatus.quo",2005,10.4947094333218,"price.fuel.mod","farmed","status.quo",12.5141930894517,3.40067473540805,2.382254002,35.6890932253459
"Medium",0.021891846537182,"pricefarmed_fuelstatus.quo",2005.5,4.42211949815867,"price.fuel.mod","farmed","status.quo",5.3781189264929,3.32928335785263,2.636138142,14.7224888516553
"Medium",0.021891846537182,"pricefarmed_fuelstatus.quo",2006,20.0935323545862,"price.fuel.mod","farmed","status.quo",21.8386311572776,2.58047613508342,2.787784045,51.8508807105362
"Medium",0.021891846537182,"pricefarmed_fuelstatus.quo",2006.5,3.84488231664203,"price.fuel.mod","farmed","status.quo",8.63501978553956,2.57368762405512,2.365521844,9.89552603428996
"Medium",0.021891846537182,"pricefarmed_fuelstatus.quo",2007,10.0358585021311,"price.fuel.mod","farmed","status.quo",17.8553156773805,2.78674750448948,2.755746336,27.9674036362235
"Medium",0.021891846537182,"pricefarmed_fuelstatus.quo",2007.5,3.32208417331655,"price.fuel.mod","farmed","status.quo",5.52115890238281,3.19323641553863,3.320424497,10.608200157719
"Medium",0.021891846537182,"pricefarmed_fuelstatus.quo",2008,8.56097506680424,"price.fuel.mod","farmed","status.quo",11.3577946496599,3.91862878927398,4.889983343,33.5472833610358
"Medium",0.021891846537182,"pricefarmed_fuelstatus.quo",2008.5,7.26499089533838,"price.fuel.mod","farmed","status.quo",5.08086533882322,3.33130130874346,2.844336426,24.2018736776501
"Medium",0.021891846537182,"pricefarmed_fuelstatus.quo",2009,13.2798274090951,"price.fuel.mod","farmed","status.quo",17.9668851781964,2.25868223125,2.278682818,29.9949102029897
"Medium",0.021891846537182,"pricefarmed_fuelstatus.quo",2009.5,4.55477593311164,"price.fuel.mod","farmed","status.quo",7.57574099599588,2.39828041246072,2.572136375,10.9236299035291
"Medium",0.021891846537182,"pricefarmed_fuelstatus.quo",2010,24.0466719274362,"price.fuel.mod","farmed","status.quo",8.04780714544663,3.03808440430528,2.70288658,73.0558189581895
"Medium",0.021891846537182,"pricefarmed_fuelstatus.quo",2010.5,6.40850913456549,"price.fuel.mod","farmed","status.quo",8.57478318074798,3.07854866749727,3.033457857,19.7289072568607
"Medium",0.021891846537182,"pricefarmed_fuelstatus.quo",2011,19.0967439396111,"price.fuel.mod","farmed","status.quo",17.8287157295084,3.21106661498974,3.91117392,61.320916919493
"Medium",0.021891846537182,"pricefarmed_fuelstatus.quo",2011.5,4.28057255131751,"price.fuel.mod","farmed","status.quo",8.37455860329747,3.77640735527577,3.857637569,16.165185667587
"Medium",0.021891846537182,"pricefarmed_fuelstatus.quo",2012,16.0504173037322,"price.fuel.mod","farmed","status.quo",18.6467153647801,3.43378376176959,3.670647018,55.1136623071814
"Medium",0.021891846537182,"pricefarmed_fuelstatus.quo",2012.5,6.10349292244328,"price.fuel.mod","farmed","status.quo",8.81451598006909,3.3867862695019,3.926350999,20.6712260257329
"Medium",0.021891846537182,"pricefarmed_fuelstatus.quo",2013,9.5961366699342,"price.fuel.mod","farmed","status.quo",14.5150058419753,4.06054672077294,3.59356354,38.9655612871903
"Medium",0.021891846537182,"pricefarmed_fuelstatus.quo",2013.5,7.44572346698803,"price.fuel.mod","farmed","status.quo",7.81621022101394,5.35909558500419,3.730174711,39.9023437590976
"Medium",0.021891846537182,"pricefarmed_fuelstatus.quo",2014,8.52392036543948,"price.fuel.mod","farmed","status.quo",14.588974377991,5.29777481788601,3.505636196,45.157810661691
"Medium",0.021891846537182,"pricefarmed_fuelstatus.quo",2014.5,11.1188338992483,"price.fuel.mod","farmed","status.quo",9.23671593064456,4.41155164281167,2.841017708,49.0513099543788
"Medium",0.021891846537182,"pricefarmed_fuelstatus.quo",2015,19.6602389208487,"price.fuel.mod","farmed","status.quo",13.2147941220035,2.81150774930967,2.014201659,55.2749140792457
"Medium",0.021891846537182,"pricefarmed_fuelstatus.quo",2015.5,11.2642742393268,"price.fuel.mod","farmed","status.quo",7.50525393689402,2.86759769693102,1.59375734,32.301406866293
"Medium",0.021891846537182,"pricefarmed_fuelstatus.quo",2016,17.2326486705567,"price.fuel.mod","farmed","status.quo",10.1808130369481,3.00596842461488,1.64619339,51.8007977761749
"Medium",0.021891846537182,"pricefarmed_fuelstatus.quo",2016.5,9.3515200638894,"price.fuel.mod","farmed","status.quo",5.39307169815739,4.18887393214666,1.755500592,39.1723386215728
"Medium",0.021891846537182,"pricefarmed_fuelstatus.quo",2017,22.2159721420294,"price.fuel.mod","farmed","status.quo",12.1331828553547,3.47942031582626,1.721349829,77.2987048068072
"Medium",0.021891846537182,"pricefarmed_fuelstatus.quo",2017.5,12.0405975560374,"price.fuel.mod","farmed","status.quo",7.54050854388687,3.79112272220055,2.115492451,45.6473829835658
"Medium",0.021891846537182,"pricefarmed_fuelstatus.quo",2018,16.5541786770455,"price.fuel.mod","farmed","status.quo",13.7781541536191,3.25380794124098,2.502609693,53.8641180400927
"Medium",0.021891846537182,"pricefarmed_fuelstatus.quo",2018.5,7.29313982312769,"price.fuel.mod","farmed","status.quo",8.66981088922993,3.45385243293675,2.434931942,25.1894287218574
"Medium",0.021891846537182,"pricefarmed_fuelstatus.quo",2019,10.8588347380403,"price.fuel.mod","farmed","status.quo",7.94919114053227,3.29851886703811,2.166705119,35.8180712574747
"Medium",0.021891846537182,"pricefarmed_fuelstatus.quo",2019.5,7.04455879740266,"price.fuel.mod","farmed","status.quo",5.45331074318056,3.39313131687167,2.217115677,23.9031130690108
"Medium",0.021891846537182,"pricefarmed_fuelstatus.quo",2020,31.3809430452237,"price.fuel.mod","farmed","status.quo",11.8094531922773,2.81936323656955,1.223776883,88.4742771505865
"Medium",0.021891846537182,"pricefarmed_fuelstatus.quo",2020.5,15.7565224117422,"price.fuel.mod","farmed","status.quo",5.0535056945109,2.97562041568792,1.326079845,46.8854297686243
"Medium",0.021891846537182,"pricefarmed_fuelstatus.quo",2021,44.3839987179348,"price.fuel.mod","farmed","status.quo",12.1371153888044,3.68191490636116,2.064034533,163.418106483479
"Medium",0.021891846537182,"pricefarmed_fuelstatus.quo",2021.5,13.5234945256423,"price.fuel.mod","farmed","status.quo",8.24615492050734,3.50734091870751,2.34283939,47.4315057137023
"Medium",0.021891846537182,"pricefarmed_fuelstatus.quo",2022,6.10830031022244,"price.fuel.mod","farmed","status.quo",7.9248694210156,2.4198801778206,3.992053255,14.7813548408827
"Medium",0.021891846537182,"pricefarmed_fuelstatus.quo",2022.5,0.0883295852047201,"price.fuel.mod","farmed","status.quo",5.88528355085481,1.95246160438392,3.5445,0.172460123643374
"Medium",0.021891846537182,"pricefarmed_fuelstatus.quo",2023,9.16403343546471,"price.fuel.mod","farmed","status.quo",NA,2.16957265744133,2.41554731766667,19.8820363734624
"Medium",0.021891846537182,"pricefarmed_fuelstatus.quo",2023.5,2.5760130085818,"price.fuel.mod","farmed","status.quo",NA,2.16957265744133,2.41554731766667,5.58884738863226
"Medium",0.021891846537182,"pricefarmed_fuelstatus.quo",2024,6.75435938644667,"price.fuel.mod","farmed","status.quo",NA,2.16957265744133,2.41554731766667,14.6540734433669
"Medium",0.021891846537182,"pricefarmed_fuelstatus.quo",2024.5,3.22014473111028,"price.fuel.mod","farmed","status.quo",NA,2.16957265744133,2.41554731766667,6.98633796162063
"Medium",0.021891846537182,"pricefarmed_fuelstatus.quo",2025,12.0719312306404,"price.fuel.mod","farmed","status.quo",NA,2.16957265744133,2.41554731766667,26.1909319205094
"Medium",0.021891846537182,"pricefarmed_fuelstatus.quo",2025.5,4.87436444865294,"price.fuel.mod","farmed","status.quo",NA,2.16957265744133,2.41554731766667,10.5752878302015
"Medium",0.021891846537182,"pricefarmed_fuelstatus.quo",2026,13.4767637311046,"price.fuel.mod","farmed","status.quo",NA,2.16957265744133,2.41554731766667,29.2388181018015
"Medium",0.021891846537182,"pricefarmed_fuelstatus.quo",2026.5,5.52842584870563,"price.fuel.mod","farmed","status.quo",NA,2.16957265744133,2.41554731766667,11.9943215600436
"Medium",0.021891846537182,"pricefarmed_fuelstatus.quo",2027,11.4554857429005,"price.fuel.mod","farmed","status.quo",NA,2.16957265744133,2.41554731766667,24.8535086455059
"Small",0.0422072379874584,"pricefarmed_fuelstatus.quo",1987,20.8135037500085,"price.fuel.mod","farmed","status.quo",33.1699600876773,3.46223983102226,1.193864043,72.0613417064108
"Small",0.0422072379874584,"pricefarmed_fuelstatus.quo",1987.5,2.54120121315483,"price.fuel.mod","farmed","status.quo",1.55534427195328,4.03600829559881,1.218517776,10.2563091770787
"Small",0.0422072379874584,"pricefarmed_fuelstatus.quo",1988,11.6315651134648,"price.fuel.mod","farmed","status.quo",23.8431624881257,2.83796100605314,0.992170369,33.0099282313811
"Small",0.0422072379874584,"pricefarmed_fuelstatus.quo",1988.5,1.80390188171304,"price.fuel.mod","farmed","status.quo",0.720080044745491,3.55275304925539,0.95042966,6.40881791081355
"Small",0.0422072379874584,"pricefarmed_fuelstatus.quo",1989,18.2940891156421,"price.fuel.mod","farmed","status.quo",28.7755001766216,2.51462103845419,1.040677249,46.0027013695495
"Small",0.0422072379874584,"pricefarmed_fuelstatus.quo",1989.5,2.2731327683833,"price.fuel.mod","farmed","status.quo",1.15542976955331,3.07473626443988,1.319286796,6.98928375683476
"Small",0.0422072379874584,"pricefarmed_fuelstatus.quo",1990,22.0223573639129,"price.fuel.mod","farmed","status.quo",40.4141643858711,2.31713756835269,1.165362175,51.028831591611
"Small",0.0422072379874584,"pricefarmed_fuelstatus.quo",1990.5,3.10412594096034,"price.fuel.mod","farmed","status.quo",0.71930936977849,3.31075264722307,1.749252381,10.2769931763482
"Small",0.0422072379874584,"pricefarmed_fuelstatus.quo",1991,31.2604263439201,"price.fuel.mod","farmed","status.quo",29.6999205320081,2.75220541657956,1.109832663,86.0351147083233
"Small",0.0422072379874584,"pricefarmed_fuelstatus.quo",1991.5,4.50753668962346,"price.fuel.mod","farmed","status.quo",1.45164641335001,3.33127362657706,1.186270087,15.0158380949711
"Small",0.0422072379874584,"pricefarmed_fuelstatus.quo",1992,9.58727414418958,"price.fuel.mod","farmed","status.quo",22.1974889327821,3.34190966430881,1.136504152,32.0398041168451
"Small",0.0422072379874584,"pricefarmed_fuelstatus.quo",1992.5,2.66299835043843,"price.fuel.mod","farmed","status.quo",1.90915308007694,3.40282759475462,1.119827889,9.06172427165792
"Small",0.0422072379874584,"pricefarmed_fuelstatus.quo",1993,10.7186072922499,"price.fuel.mod","farmed","status.quo",31.251177401142,2.55240244206907,0.970890649,27.358199428318
"Small",0.0422072379874584,"pricefarmed_fuelstatus.quo",1993.5,5.70294100202214,"price.fuel.mod","farmed","status.quo",0.649131295937703,2.80837868563889,0.925675909,16.0160179555351
"Small",0.0422072379874584,"pricefarmed_fuelstatus.quo",1994,24.7190267735338,"price.fuel.mod","farmed","status.quo",21.9947786917798,3.00582662053682,0.900017334,74.3011087096501
"Small",0.0422072379874584,"pricefarmed_fuelstatus.quo",1994.5,3.63340718201755,"price.fuel.mod","farmed","status.quo",1.36367695496224,3.87707147498693,0.879442785,14.0869793424129
"Small",0.0422072379874584,"pricefarmed_fuelstatus.quo",1995,28.7536075084638,"price.fuel.mod","farmed","status.quo",34.102267260659,2.974202323365,0.867027844,85.5190462567984
"Small",0.0422072379874584,"pricefarmed_fuelstatus.quo",1995.5,4.62208016035476,"price.fuel.mod","farmed","status.quo",0.735616089227739,3.19859578961608,0.92666276,14.7841661401787
"Small",0.0422072379874584,"pricefarmed_fuelstatus.quo",1996,17.0389034621952,"price.fuel.mod","farmed","status.quo",33.1773985935543,2.50019980592919,0.990501339,42.6006631294266
"Small",0.0422072379874584,"pricefarmed_fuelstatus.quo",1996.5,3.15382116732046,"price.fuel.mod","farmed","status.quo",0.716812406096025,3.16326652401382,1.235234785,9.97637692131101
"Small",0.0422072379874584,"pricefarmed_fuelstatus.quo",1997,16.6201184022468,"price.fuel.mod","farmed","status.quo",29.4775886362047,3.20074806344115,0.933448325,53.1968117901542
"Small",0.0422072379874584,"pricefarmed_fuelstatus.quo",1997.5,4.70685088460209,"price.fuel.mod","farmed","status.quo",1.69100390344393,3.17160491541806,0.938670805,14.9282714017438
"Small",0.0422072379874584,"pricefarmed_fuelstatus.quo",1998,39.8178823563558,"price.fuel.mod","farmed","status.quo",34.4104421044754,2.32616054446169,0.640660448,92.622786901372
"Small",0.0422072379874584,"pricefarmed_fuelstatus.quo",1998.5,4.02765375990267,"price.fuel.mod","farmed","status.quo",2.05210174026596,2.56029739710157,0.622172867,10.3119914379052
"Small",0.0422072379874584,"pricefarmed_fuelstatus.quo",1999,32.6134710423104,"price.fuel.mod","farmed","status.quo",38.4741550182192,2.39087042848093,0.804286601,77.9745834851791
"Small",0.0422072379874584,"pricefarmed_fuelstatus.quo",1999.5,7.34105698362153,"price.fuel.mod","farmed","status.quo",2.23520985136123,3.15007512047249,1.050467788,23.124880962077
"Small",0.0422072379874584,"pricefarmed_fuelstatus.quo",2000,28.5136807941917,"price.fuel.mod","farmed","status.quo",37.0846168064626,3.42056965332977,1.327541825,97.5330312293439
"Small",0.0422072379874584,"pricefarmed_fuelstatus.quo",2000.5,3.73610614040668,"price.fuel.mod","farmed","status.quo",1.12931721350037,3.50211131063933,1.612986692,13.0842595720673
"Small",0.0422072379874584,"pricefarmed_fuelstatus.quo",2001,12.7037455022581,"price.fuel.mod","farmed","status.quo",38.9592104154854,3.17152612550219,1.194280761,40.2902607521424
"Small",0.0422072379874584,"pricefarmed_fuelstatus.quo",2001.5,4.55397157179257,"price.fuel.mod","farmed","status.quo",0.95305989767346,2.72647203944922,0.975859995,12.416276158939
"Small",0.0422072379874584,"pricefarmed_fuelstatus.quo",2002,22.4343400748566,"price.fuel.mod","farmed","status.quo",32.8442587186268,2.43724646261169,1.070930495,54.678015988472
"Small",0.0422072379874584,"pricefarmed_fuelstatus.quo",2002.5,5.48568230839342,"price.fuel.mod","farmed","status.quo",1.87019646901045,2.48644434759047,1.216097682,13.6398437683818
"Small",0.0422072379874584,"pricefarmed_fuelstatus.quo",2003,48.5623415081451,"price.fuel.mod","farmed","status.quo",39.9101605584912,1.87960607049409,1.210301841,91.2780718961168
"Small",0.0422072379874584,"pricefarmed_fuelstatus.quo",2003.5,2.60262514573763,"price.fuel.mod","farmed","status.quo",1.08131262915648,1.64775643949941,1.269159913,4.28849234349227
"Small",0.0422072379874584,"pricefarmed_fuelstatus.quo",2004,16.0096258265811,"price.fuel.mod","farmed","status.quo",37.7506649665029,1.49426390224892,1.620877333,23.9226059611721
"Small",0.0422072379874584,"pricefarmed_fuelstatus.quo",2004.5,2.63591123083775,"price.fuel.mod","farmed","status.quo",0.542971426348707,1.95329414520825,2.02849139,5.14870997448404
"Small",0.0422072379874584,"pricefarmed_fuelstatus.quo",2005,8.38963354477427,"price.fuel.mod","farmed","status.quo",25.5567941818433,2.276876512803,2.382254002,19.1021595691207
"Small",0.0422072379874584,"pricefarmed_fuelstatus.quo",2005.5,3.98797224216047,"price.fuel.mod","farmed","status.quo",1.92148772697992,2.32541849460168,2.636138142,9.27370440787809
"Small",0.0422072379874584,"pricefarmed_fuelstatus.quo",2006,20.7297319353103,"price.fuel.mod","farmed","status.quo",29.3820294770415,1.64328250817206,2.787784045,34.0648058883913
"Small",0.0422072379874584,"pricefarmed_fuelstatus.quo",2006.5,4.59297066432427,"price.fuel.mod","farmed","status.quo",0.304521701423559,1.71856753817881,2.365521844,7.89333028751523
"Small",0.0422072379874584,"pricefarmed_fuelstatus.quo",2007,12.5553433506235,"price.fuel.mod","farmed","status.quo",27.6217543664749,1.89961137600456,2.755746336,23.8502730584876
"Small",0.0422072379874584,"pricefarmed_fuelstatus.quo",2007.5,1.33270487173307,"price.fuel.mod","farmed","status.quo",0.465516613623862,1.90748378576943,3.320424497,2.54211293404676
"Small",0.0422072379874584,"pricefarmed_fuelstatus.quo",2008,5.28524230597744,"price.fuel.mod","farmed","status.quo",17.7659276919536,1.84321551806618,4.889983343,9.7418406351175
"Small",0.0422072379874584,"pricefarmed_fuelstatus.quo",2008.5,4.70922035907056,"price.fuel.mod","farmed","status.quo",0.817461976283013,1.81599198296602,2.844336426,8.55190641809248
"Small",0.0422072379874584,"pricefarmed_fuelstatus.quo",2009,17.979744110761,"price.fuel.mod","farmed","status.quo",18.8947247584991,1.47843200217586,2.278682818,26.581829084282
"Small",0.0422072379874584,"pricefarmed_fuelstatus.quo",2009.5,2.28293010983765,"price.fuel.mod","farmed","status.quo",0.414448546792974,1.74489870397938,2.572136375,3.98348178993123
"Small",0.0422072379874584,"pricefarmed_fuelstatus.quo",2010,10.2851345619027,"price.fuel.mod","farmed","status.quo",10.3898713043782,2.40726345236337,2.70288658,24.7590285335078
"Small",0.0422072379874584,"pricefarmed_fuelstatus.quo",2010.5,0.753716117605967,"price.fuel.mod","farmed","status.quo",1.58086469169156,1.8721768967639,3.033457857,1.41108990210048
"Small",0.0422072379874584,"pricefarmed_fuelstatus.quo",2011,8.18772595541504,"price.fuel.mod","farmed","status.quo",24.250876531461,1.46960221213565,3.91117392,12.0327001764384
"Small",0.0422072379874584,"pricefarmed_fuelstatus.quo",2011.5,0.715900385777472,"price.fuel.mod","farmed","status.quo",1.02000463321805,2.11229011307718,3.857637569,1.5121893068259
"Small",0.0422072379874584,"pricefarmed_fuelstatus.quo",2012,8.78661668211595,"price.fuel.mod","farmed","status.quo",14.9581501376982,2.01235528403434,3.670647018,17.6817945090403
"Small",0.0422072379874584,"pricefarmed_fuelstatus.quo",2012.5,0.634382261630834,"price.fuel.mod","farmed","status.quo",1.06246201400765,1.95729714018241,3.926350999,1.24167458647248
"Small",0.0422072379874584,"pricefarmed_fuelstatus.quo",2013,8.52158969134006,"price.fuel.mod","farmed","status.quo",23.121954254089,2.08313110442743,3.59356354,17.7515885451986
"Small",0.0422072379874584,"pricefarmed_fuelstatus.quo",2013.5,0.80354423404111,"price.fuel.mod","farmed","status.quo",1.11985873291099,3.47567759827312,3.730174711,2.79286069347822
"Small",0.0422072379874584,"pricefarmed_fuelstatus.quo",2014,5.08384536835863,"price.fuel.mod","farmed","status.quo",25.8305466848948,3.59725315728399,3.505636196,18.2878788024717
"Small",0.0422072379874584,"pricefarmed_fuelstatus.quo",2014.5,2.38240519341649,"price.fuel.mod","farmed","status.quo",1.43466762510486,2.30597696796899,2.841017708,5.49377150438813
"Small",0.0422072379874584,"pricefarmed_fuelstatus.quo",2015,23.7255383646818,"price.fuel.mod","farmed","status.quo",17.7198833877751,1.60367976611785,2.014201659,38.0481658156931
"Small",0.0422072379874584,"pricefarmed_fuelstatus.quo",2015.5,4.51976358059737,"price.fuel.mod","farmed","status.quo",0.893230523631532,1.74925517610095,1.59375734,7.90621983811253
"Small",0.0422072379874584,"pricefarmed_fuelstatus.quo",2016,14.2959342187336,"price.fuel.mod","farmed","status.quo",13.7848418529771,1.36349750789189,1.64619339,19.4924706802296
"Small",0.0422072379874584,"pricefarmed_fuelstatus.quo",2016.5,2.35587317854296,"price.fuel.mod","farmed","status.quo",2.07950199163093,2.21804534012833,1.755500592,5.22543352560052
"Small",0.0422072379874584,"pricefarmed_fuelstatus.quo",2017,16.5151099488061,"price.fuel.mod","farmed","status.quo",16.1131159758896,1.54110611853533,1.721349829,25.4515369903887
"Small",0.0422072379874584,"pricefarmed_fuelstatus.quo",2017.5,4.17443452801571,"price.fuel.mod","farmed","status.quo",2.88503781328209,1.90789517166,2.115492451,7.96438348041196
"Small",0.0422072379874584,"pricefarmed_fuelstatus.quo",2018,8.59259116314626,"price.fuel.mod","farmed","status.quo",24.659261960846,1.44488280433977,2.502609693,12.4152872163519
"Small",0.0422072379874584,"pricefarmed_fuelstatus.quo",2018.5,3.21258314899257,"price.fuel.mod","farmed","status.quo",0.766913261974894,1.54754568558391,2.434931942,4.97161919180302
"Small",0.0422072379874584,"pricefarmed_fuelstatus.quo",2019,20.7978156247289,"price.fuel.mod","farmed","status.quo",12.1964944971997,1.60329405331422,2.166705119,33.3450141130535
"Small",0.0422072379874584,"pricefarmed_fuelstatus.quo",2019.5,3.24676204636475,"price.fuel.mod","farmed","status.quo",0.49134503743693,1.84553430067428,2.217115677,5.99201072269357
"Small",0.0422072379874584,"pricefarmed_fuelstatus.quo",2020,46.1233607871519,"price.fuel.mod","farmed","status.quo",8.45437092584065,1.74321307533248,1.223776883,80.4028456024407
"Small",0.0422072379874584,"pricefarmed_fuelstatus.quo",2020.5,6.18288786912017,"price.fuel.mod","farmed","status.quo",0.365339397994311,1.99966936626942,1.326079845,12.3637314669585
"Small",0.0422072379874584,"pricefarmed_fuelstatus.quo",2021,39.7868224520135,"price.fuel.mod","farmed","status.quo",10.9727795586288,2.19867920946227,2.064034533,87.4784593358086
"Small",0.0422072379874584,"pricefarmed_fuelstatus.quo",2021.5,3.02972604192832,"price.fuel.mod","farmed","status.quo",0.63159289139346,1.95371255603988,2.34283939,5.91921380947637
"Small",0.0422072379874584,"pricefarmed_fuelstatus.quo",2022,7.73812243170845,"price.fuel.mod","farmed","status.quo",7.02551689200128,1.20079679537534,3.992053255,9.29191261821754
"Small",0.0422072379874584,"pricefarmed_fuelstatus.quo",2022.5,2.14698323252443,"price.fuel.mod","farmed","status.quo",0.425794667042911,1.33949152023172,3.5445,2.87586583404616
"Small",0.0422072379874584,"pricefarmed_fuelstatus.quo",2023,9.83759847264943,"price.fuel.mod","farmed","status.quo",NA,1.30444531533889,2.41554731766667,12.8326092418326
"Small",0.0422072379874584,"pricefarmed_fuelstatus.quo",2023.5,4.77360220507583,"price.fuel.mod","farmed","status.quo",NA,1.30444531533889,2.41554731766667,6.22690303370256
"Small",0.0422072379874584,"pricefarmed_fuelstatus.quo",2024,17.4395680685515,"price.fuel.mod","farmed","status.quo",NA,1.30444531533889,2.41554731766667,22.7489628685557
"Small",0.0422072379874584,"pricefarmed_fuelstatus.quo",2024.5,3.00570040570466,"price.fuel.mod","farmed","status.quo",NA,1.30444531533889,2.41554731766667,3.92077181353364
"Small",0.0422072379874584,"pricefarmed_fuelstatus.quo",2025,17.7011435637153,"price.fuel.mod","farmed","status.quo",NA,1.30444531533889,2.41554731766667,23.0901737978296
"Small",0.0422072379874584,"pricefarmed_fuelstatus.quo",2025.5,2.37692632700035,"price.fuel.mod","farmed","status.quo",NA,1.30444531533889,2.41554731766667,3.10057041216128
"Small",0.0422072379874584,"pricefarmed_fuelstatus.quo",2026,19.1888405707047,"price.fuel.mod","farmed","status.quo",NA,1.30444531533889,2.41554731766667,25.0307931892405
"Small",0.0422072379874584,"pricefarmed_fuelstatus.quo",2026.5,2.79915297487514,"price.fuel.mod","farmed","status.quo",NA,1.30444531533889,2.41554731766667,3.65134198499279
"Small",0.0422072379874584,"pricefarmed_fuelstatus.quo",2027,18.9193785159664,"price.fuel.mod","farmed","status.quo",NA,1.30444531533889,2.41554731766667,24.6792946742756
"Large",0.13808167829591,"pricetariffs_fuelstatus.quo",1987,5.37542376888951,"price.fuel.mod","tariffs","status.quo",6.71737977735683,12.5899917441796,1.193864043,67.6765408717856
"Large",0.13808167829591,"pricetariffs_fuelstatus.quo",1987.5,6.26413715932755,"price.fuel.mod","tariffs","status.quo",10.622314411265,12.0793895597091,1.218517776,75.6669530029669
"Large",0.13808167829591,"pricetariffs_fuelstatus.quo",1988,2.65787682022248,"price.fuel.mod","tariffs","status.quo",8.57325287037129,12.6057295038419,0.992170369,33.5044762502561
"Large",0.13808167829591,"pricetariffs_fuelstatus.quo",1988.5,8.15074675368682,"price.fuel.mod","tariffs","status.quo",10.8087014478752,12.5584041151657,0.95042966,102.360371573174
"Large",0.13808167829591,"pricetariffs_fuelstatus.quo",1989,13.0134055141867,"price.fuel.mod","tariffs","status.quo",8.31618564404666,10.1603157047673,1.040677249,132.220308418297
"Large",0.13808167829591,"pricetariffs_fuelstatus.quo",1989.5,9.45511619314545,"price.fuel.mod","tariffs","status.quo",13.0119615266943,8.85794163390862,1.319286796,83.7528673807066
"Large",0.13808167829591,"pricetariffs_fuelstatus.quo",1990,7.17986244777725,"price.fuel.mod","tariffs","status.quo",10.4664894841967,8.57265311491896,1.165362175,61.5504701776273
"Large",0.13808167829591,"pricetariffs_fuelstatus.quo",1990.5,7.88615086783963,"price.fuel.mod","tariffs","status.quo",12.3173138400001,10.121152066617,1.749252381,79.8169321536887
"Large",0.13808167829591,"pricetariffs_fuelstatus.quo",1991,17.4064597169755,"price.fuel.mod","tariffs","status.quo",10.6108380057583,9.45743851223052,1.109832663,164.620522488914
"Large",0.13808167829591,"pricetariffs_fuelstatus.quo",1991.5,10.6322178974377,"price.fuel.mod","tariffs","status.quo",12.4879838019052,8.90923640938927,1.186270087,94.7249428044119
"Large",0.13808167829591,"pricetariffs_fuelstatus.quo",1992,5.97765522234903,"price.fuel.mod","tariffs","status.quo",4.36900738448302,9.78433680553042,1.136504152,58.4873920028007
"Large",0.13808167829591,"pricetariffs_fuelstatus.quo",1992.5,9.32278461450246,"price.fuel.mod","tariffs","status.quo",12.1414743179632,9.61389512435446,1.119827889,89.628273550772
"Large",0.13808167829591,"pricetariffs_fuelstatus.quo",1993,4.27003854406339,"price.fuel.mod","tariffs","status.quo",3.71286139165064,9.68624084782594,0.970890649,41.360621767298
"Large",0.13808167829591,"pricetariffs_fuelstatus.quo",1993.5,6.28028305462361,"price.fuel.mod","tariffs","status.quo",9.6599860067035,9.72021935763151,0.925675909,61.0457289189576
"Large",0.13808167829591,"pricetariffs_fuelstatus.quo",1994,7.93146522942181,"price.fuel.mod","tariffs","status.quo",5.51132667262915,10.8613688089981,0.900017334,86.1465690524952
"Large",0.13808167829591,"pricetariffs_fuelstatus.quo",1994.5,10.5220834343964,"price.fuel.mod","tariffs","status.quo",11.8112138407078,10.7633585365074,0.879442785,113.252956555454
"Large",0.13808167829591,"pricetariffs_fuelstatus.quo",1995,10.0269293104296,"price.fuel.mod","tariffs","status.quo",6.21391252952628,10.7890232405838,0.867027844,108.180773361917
"Large",0.13808167829591,"pricetariffs_fuelstatus.quo",1995.5,11.1595797370325,"price.fuel.mod","tariffs","status.quo",11.1939421930543,9.62593281197826,0.92666276,107.421364758589
"Large",0.13808167829591,"pricetariffs_fuelstatus.quo",1996,4.58253783737548,"price.fuel.mod","tariffs","status.quo",4.69273193485784,10.3436601282369,0.990501339,47.4002139145976
"Large",0.13808167829591,"pricetariffs_fuelstatus.quo",1996.5,7.09674340765516,"price.fuel.mod","tariffs","status.quo",10.9515132054804,10.4387237810633,1.235234785,74.0809441775942
"Large",0.13808167829591,"pricetariffs_fuelstatus.quo",1997,4.54370661792861,"price.fuel.mod","tariffs","status.quo",3.43510362636754,11.5771198057125,0.933448325,52.6030358777684
"Large",0.13808167829591,"pricetariffs_fuelstatus.quo",1997.5,8.73187356309806,"price.fuel.mod","tariffs","status.quo",9.04681397446952,11.3781664584964,0.938670805,99.3527108954737
"Large",0.13808167829591,"pricetariffs_fuelstatus.quo",1998,5.58296406208453,"price.fuel.mod","tariffs","status.quo",4.24075938686746,10.7769406001589,0.640660448,60.167272069907
"Large",0.13808167829591,"pricetariffs_fuelstatus.quo",1998.5,9.71903166275535,"price.fuel.mod","tariffs","status.quo",12.0293003674683,9.51226679526253,0.622172867,92.4500221677329
"Large",0.13808167829591,"pricetariffs_fuelstatus.quo",1999,8.78414542346186,"price.fuel.mod","tariffs","status.quo",6.26837397930924,10.3714508913732,0.804286601,91.1043328821157
"Large",0.13808167829591,"pricetariffs_fuelstatus.quo",1999.5,9.05061664424378,"price.fuel.mod","tariffs","status.quo",9.94572173827841,10.6330528005955,1.050467788,96.2356846561922
"Large",0.13808167829591,"pricetariffs_fuelstatus.quo",2000,12.168715429895,"price.fuel.mod","tariffs","status.quo",9.60103636139893,10.7508888167683,1.327541825,130.824506629694
"Large",0.13808167829591,"pricetariffs_fuelstatus.quo",2000.5,10.3147129121958,"price.fuel.mod","tariffs","status.quo",12.330422287742,9.34581671991077,1.612986692,96.3994163958789
"Large",0.13808167829591,"pricetariffs_fuelstatus.quo",2001,9.24977991510604,"price.fuel.mod","tariffs","status.quo",7.91172740953807,9.69680841162668,1.194280761,89.6933436864958
"Large",0.13808167829591,"pricetariffs_fuelstatus.quo",2001.5,7.54250673054405,"price.fuel.mod","tariffs","status.quo",9.53611922083641,8.24439553464669,0.975859995,62.1834088093399
"Large",0.13808167829591,"pricetariffs_fuelstatus.quo",2002,6.33880904295416,"price.fuel.mod","tariffs","status.quo",5.90490467986567,7.03546425864735,1.070930495,44.5964644640947
"Large",0.13808167829591,"pricetariffs_fuelstatus.quo",2002.5,6.58208886146631,"price.fuel.mod","tariffs","status.quo",8.21494371689397,7.15032103828286,1.216097682,47.0640484619898
"Large",0.13808167829591,"pricetariffs_fuelstatus.quo",2003,7.07648969967173,"price.fuel.mod","tariffs","status.quo",5.88659270493106,6.83775934994511,1.210301841,48.3873336087207
"Large",0.13808167829591,"pricetariffs_fuelstatus.quo",2003.5,8.61205292955769,"price.fuel.mod","tariffs","status.quo",9.7458138599594,6.03783529573531,1.269159913,51.9981571468241
"Large",0.13808167829591,"pricetariffs_fuelstatus.quo",2004,13.9126331690354,"price.fuel.mod","tariffs","status.quo",6.97115490146669,6.51352108495447,1.620877333,90.6202294937492
"Large",0.13808167829591,"pricetariffs_fuelstatus.quo",2004.5,9.15361279753341,"price.fuel.mod","tariffs","status.quo",10.0288422319289,6.56657427628878,2.02849139,60.1078783313907
"Large",0.13808167829591,"pricetariffs_fuelstatus.quo",2005,4.64616903864719,"price.fuel.mod","tariffs","status.quo",5.57953019668072,6.02719887276295,2.382254002,28.0033847924005
"Large",0.13808167829591,"pricetariffs_fuelstatus.quo",2005.5,7.07130337511595,"price.fuel.mod","tariffs","status.quo",10.0812503959341,5.6234149093112,2.636138142,39.7648728278896
"Large",0.13808167829591,"pricetariffs_fuelstatus.quo",2006,8.71940942021577,"price.fuel.mod","tariffs","status.quo",9.32814760671619,4.72089382927121,2.787784045,41.1634061267859
"Large",0.13808167829591,"pricetariffs_fuelstatus.quo",2006.5,6.84934689025661,"price.fuel.mod","tariffs","status.quo",19.3733736458873,4.22533641185959,2.365521844,28.9407948128585
"Large",0.13808167829591,"pricetariffs_fuelstatus.quo",2007,7.0796881835825,"price.fuel.mod","tariffs","status.quo",8.93251755415469,5.4674366499906,2.755746336,38.7077466454244
"Large",0.13808167829591,"pricetariffs_fuelstatus.quo",2007.5,8.94784450255713,"price.fuel.mod","tariffs","status.quo",11.9723465627928,5.86706497636183,3.320424497,52.4975850948847
"Large",0.13808167829591,"pricetariffs_fuelstatus.quo",2008,7.21652559899077,"price.fuel.mod","tariffs","status.quo",6.8632023388661,6.87395329195337,4.889983343,49.6060598976483
"Large",0.13808167829591,"pricetariffs_fuelstatus.quo",2008.5,10.6410019637121,"price.fuel.mod","tariffs","status.quo",12.9867202704612,4.910949850942,2.844336426,52.2574270075657
"Large",0.13808167829591,"pricetariffs_fuelstatus.quo",2009,2.28212544244915,"price.fuel.mod","tariffs","status.quo",11.3957385120874,3.4946185695594,2.278682818,7.97515794924676
"Large",0.13808167829591,"pricetariffs_fuelstatus.quo",2009.5,7.97783950060318,"price.fuel.mod","tariffs","status.quo",20.1822701677183,3.95084796176061,2.572136375,31.5192309302114
"Large",0.13808167829591,"pricetariffs_fuelstatus.quo",2010,32.9756449667265,"price.fuel.mod","tariffs","status.quo",4.93689076135254,6.8935907213382,2.70288658,227.320600172769
"Large",0.13808167829591,"pricetariffs_fuelstatus.quo",2010.5,30.8204377813916,"price.fuel.mod","tariffs","status.quo",11.8949437102665,6.08552889172307,3.033457857,187.558664574212
"Large",0.13808167829591,"pricetariffs_fuelstatus.quo",2011,25.5693977207293,"price.fuel.mod","tariffs","status.quo",7.43116987306931,6.42924813142202,3.91117392,164.392002517585
"Large",0.13808167829591,"pricetariffs_fuelstatus.quo",2011.5,23.537915099518,"price.fuel.mod","tariffs","status.quo",15.2124204306267,6.12657011782144,3.857637569,144.206687284525
"Large",0.13808167829591,"pricetariffs_fuelstatus.quo",2012,13.5368738040848,"price.fuel.mod","tariffs","status.quo",8.20944256638802,5.37802611663949,3.670647018,72.8016608560212
"Large",0.13808167829591,"pricetariffs_fuelstatus.quo",2012.5,12.7470567775555,"price.fuel.mod","tariffs","status.quo",12.7487994935888,5.26996060725231,3.926350999,67.1764870761259
"Large",0.13808167829591,"pricetariffs_fuelstatus.quo",2013,15.454028675404,"price.fuel.mod","tariffs","status.quo",8.12879485408897,7.29940876517483,3.59356354,112.805272370507
"Large",0.13808167829591,"pricetariffs_fuelstatus.quo",2013.5,20.5189211531366,"price.fuel.mod","tariffs","status.quo",12.1287990775526,8.36406624719241,3.730174711,171.621615845752
"Large",0.13808167829591,"pricetariffs_fuelstatus.quo",2014,8.95226849401108,"price.fuel.mod","tariffs","status.quo",4.83811460324899,9.26869378396509,3.505636196,82.9758353428271
"Large",0.13808167829591,"pricetariffs_fuelstatus.quo",2014.5,25.2231454861815,"price.fuel.mod","tariffs","status.quo",13.2014758885329,7.64784836022419,2.841017708,192.90279184619
"Large",0.13808167829591,"pricetariffs_fuelstatus.quo",2015,6.05948419889366,"price.fuel.mod","tariffs","status.quo",11.9161098619624,4.35779288507159,2.014201659,26.4059771291425
"Large",0.13808167829591,"pricetariffs_fuelstatus.quo",2015.5,15.1309714539705,"price.fuel.mod","tariffs","status.quo",12.4991106317133,4.55318414231323,1.59375734,68.8940992820127
"Large",0.13808167829591,"pricetariffs_fuelstatus.quo",2016,11.9608213583819,"price.fuel.mod","tariffs","status.quo",9.63632679089192,4.88277904371158,1.64619339,58.4020478742851
"Large",0.13808167829591,"pricetariffs_fuelstatus.quo",2016.5,16.5987943166205,"price.fuel.mod","tariffs","status.quo",9.76216658287913,6.21792739900937,1.755500592,103.210097971835
"Large",0.13808167829591,"pricetariffs_fuelstatus.quo",2017,8.54951933992999,"price.fuel.mod","tariffs","status.quo",9.02808762228676,4.92061824876707,1.721349829,42.0689208822465
"Large",0.13808167829591,"pricetariffs_fuelstatus.quo",2017.5,10.9667803741238,"price.fuel.mod","tariffs","status.quo",9.08662344104663,5.10145524158574,2.115492451,55.9465392228937
"Large",0.13808167829591,"pricetariffs_fuelstatus.quo",2018,6.59240588011919,"price.fuel.mod","tariffs","status.quo",10.2255227834163,4.71837605093946,2.502609693,31.1054500228268
"Large",0.13808167829591,"pricetariffs_fuelstatus.quo",2018.5,11.486619833874,"price.fuel.mod","tariffs","status.quo",12.0208463089032,5.01855298773329,2.434931942,57.6462102862448
"Large",0.13808167829591,"pricetariffs_fuelstatus.quo",2019,5.46389989185006,"price.fuel.mod","tariffs","status.quo",6.49742860601407,4.88494408016038,2.166705119,26.6908454312819
"Large",0.13808167829591,"pricetariffs_fuelstatus.quo",2019.5,9.12293392269843,"price.fuel.mod","tariffs","status.quo",8.12546140575837,5.17750496313892,2.217115677,47.2340356631596
"Large",0.13808167829591,"pricetariffs_fuelstatus.quo",2020,9.52477947537156,"price.fuel.mod","tariffs","status.quo",6.99253856614546,4.68046753159861,1.223776883,44.5804210801135
"Large",0.13808167829591,"pricetariffs_fuelstatus.quo",2020.5,18.77433405639,"price.fuel.mod","tariffs","status.quo",8.32614451400999,5.40555837390546,1.326079845,101.485758673017
"Large",0.13808167829591,"pricetariffs_fuelstatus.quo",2021,17.0195093445105,"price.fuel.mod","tariffs","status.quo",4.15856313937567,6.22144464823613,2.064034533,105.88593532701
"Large",0.13808167829591,"pricetariffs_fuelstatus.quo",2021.5,15.3668926180311,"price.fuel.mod","tariffs","status.quo",5.87361341229464,6.47320276956418,2.34283939,99.4730118546345
"Large",0.13808167829591,"pricetariffs_fuelstatus.quo",2022,6.57805714616534,"price.fuel.mod","tariffs","status.quo",4.33617367568456,4.29638469636797,3.992053255,28.2618640546187
"Large",0.13808167829591,"pricetariffs_fuelstatus.quo",2022.5,0.289190169552395,"price.fuel.mod","tariffs","status.quo",5.27214346715716,3.49424942020108,3.5445,1.01050258228631
"Large",0.13808167829591,"pricetariffs_fuelstatus.quo",2023,18.0225338222667,"price.fuel.mod","tariffs","status.quo",NA,6.36902238330697,2.41554731766667,114.785921317924
"Large",0.13808167829591,"pricetariffs_fuelstatus.quo",2023.5,11.7012580971044,"price.fuel.mod","tariffs","status.quo",NA,6.36902238330697,2.41554731766667,74.5255747333101
"Large",0.13808167829591,"pricetariffs_fuelstatus.quo",2024,16.1507862773774,"price.fuel.mod","tariffs","status.quo",NA,6.36902238330697,2.41554731766667,102.864719308624
"Large",0.13808167829591,"pricetariffs_fuelstatus.quo",2024.5,12.0480006589885,"price.fuel.mod","tariffs","status.quo",NA,6.36902238330697,2.41554731766667,76.7339858711948
"Large",0.13808167829591,"pricetariffs_fuelstatus.quo",2025,17.1050581295301,"price.fuel.mod","tariffs","status.quo",NA,6.36902238330697,2.41554731766667,108.942498094744
"Large",0.13808167829591,"pricetariffs_fuelstatus.quo",2025.5,13.0241717921916,"price.fuel.mod","tariffs","status.quo",NA,6.36902238330697,2.41554731766667,82.9512416685033
"Large",0.13808167829591,"pricetariffs_fuelstatus.quo",2026,16.8885712046958,"price.fuel.mod","tariffs","status.quo",NA,6.36902238330697,2.41554731766667,107.563688024781
"Large",0.13808167829591,"pricetariffs_fuelstatus.quo",2026.5,13.1885850428379,"price.fuel.mod","tariffs","status.quo",NA,6.36902238330697,2.41554731766667,83.9983933419822
"Large",0.13808167829591,"pricetariffs_fuelstatus.quo",2027,16.6470837405504,"price.fuel.mod","tariffs","status.quo",NA,6.36902238330697,2.41554731766667,106.025648960351
"Medium",0.0510979131955462,"pricetariffs_fuelstatus.quo",1987,16.77118699456,"price.fuel.mod","tariffs","status.quo",32.7194132783767,6.08983897957365,1.193864043,102.13382829319
"Medium",0.0510979131955462,"pricetariffs_fuelstatus.quo",1987.5,6.43334377614751,"price.fuel.mod","tariffs","status.quo",7.64637899895229,6.22272095995808,1.218517776,40.032903158449
"Medium",0.0510979131955462,"pricetariffs_fuelstatus.quo",1988,10.8379343764981,"price.fuel.mod","tariffs","status.quo",32.816615646671,5.28614926542636,0.992170369,57.2909388430643
"Medium",0.0510979131955462,"pricetariffs_fuelstatus.quo",1988.5,4.56746626149539,"price.fuel.mod","tariffs","status.quo",5.51691034329667,5.92203308328633,0.95042966,27.0486863073698
"Medium",0.0510979131955462,"pricetariffs_fuelstatus.quo",1989,48.9599422786893,"price.fuel.mod","tariffs","status.quo",36.5678534777813,5.11980548744016,1.040677249,250.665381143187
"Medium",0.0510979131955462,"pricetariffs_fuelstatus.quo",1989.5,9.83460324865674,"price.fuel.mod","tariffs","status.quo",9.12915061718908,5.89339168953183,1.319286796,57.9591690554764
"Medium",0.0510979131955462,"pricetariffs_fuelstatus.quo",1990,31.6653088566793,"price.fuel.mod","tariffs","status.quo",35.6475771015084,4.69183072247511,1.165362175,148.568268930431
"Medium",0.0510979131955462,"pricetariffs_fuelstatus.quo",1990.5,8.16709149773667,"price.fuel.mod","tariffs","status.quo",8.40505368169431,5.87198459467529,1.749252381,47.9570354580133
"Medium",0.0510979131955462,"pricetariffs_fuelstatus.quo",1991,42.3969264921548,"price.fuel.mod","tariffs","status.quo",27.3423279699856,5.29812880233018,1.109832663,224.624377378361
"Medium",0.0510979131955462,"pricetariffs_fuelstatus.quo",1991.5,12.0111234011054,"price.fuel.mod","tariffs","status.quo",6.60304838164396,5.66122882462061,1.186270087,67.9977180144128
"Medium",0.0510979131955462,"pricetariffs_fuelstatus.quo",1992,14.0957432368974,"price.fuel.mod","tariffs","status.quo",22.2825090419081,5.27007850286719,1.136504152,74.2856734147087
"Medium",0.0510979131955462,"pricetariffs_fuelstatus.quo",1992.5,9.70977124251765,"price.fuel.mod","tariffs","status.quo",8.04572442883319,5.34944559516089,1.119827889,51.9418930033059
"Medium",0.0510979131955462,"pricetariffs_fuelstatus.quo",1993,9.87115731969945,"price.fuel.mod","tariffs","status.quo",16.9236119526854,4.69304570072945,0.970890649,46.3257924204396
"Medium",0.0510979131955462,"pricetariffs_fuelstatus.quo",1993.5,9.71182227076254,"price.fuel.mod","tariffs","status.quo",6.56173810175156,5.6129027756598,0.925675909,54.5115141802777
"Medium",0.0510979131955462,"pricetariffs_fuelstatus.quo",1994,28.6600193671097,"price.fuel.mod","tariffs","status.quo",22.2137154211208,7.16914108424744,0.900017334,205.467722320073
"Medium",0.0510979131955462,"pricetariffs_fuelstatus.quo",1994.5,11.7542725558221,"price.fuel.mod","tariffs","status.quo",6.25221156996301,7.27604909512476,0.879442785,85.5246641936395
"Medium",0.0510979131955462,"pricetariffs_fuelstatus.quo",1995,38.8205992327867,"price.fuel.mod","tariffs","status.quo",20.030923425577,5.32227477000002,0.867027844,206.613895852943
"Medium",0.0510979131955462,"pricetariffs_fuelstatus.quo",1995.5,15.2042508189004,"price.fuel.mod","tariffs","status.quo",6.04923251875156,5.09212478044929,0.92666276,77.421942363089
"Medium",0.0510979131955462,"pricetariffs_fuelstatus.quo",1996,9.5557309036492,"price.fuel.mod","tariffs","status.quo",20.8366043824406,4.72257319055959,0.990501339,45.1276385817755
"Medium",0.0510979131955462,"pricetariffs_fuelstatus.quo",1996.5,8.49640854128699,"price.fuel.mod","tariffs","status.quo",6.16548682253209,5.66253041071969,1.235234785,48.1111717469361
"Medium",0.0510979131955462,"pricetariffs_fuelstatus.quo",1997,9.60595422034296,"price.fuel.mod","tariffs","status.quo",16.3328456637844,6.69271878623742,0.933448325,64.289950270226
"Medium",0.0510979131955462,"pricetariffs_fuelstatus.quo",1997.5,12.0048869760248,"price.fuel.mod","tariffs","status.quo",7.94680082880489,6.70282972128026,0.938670805,80.4667132235094
"Medium",0.0510979131955462,"pricetariffs_fuelstatus.quo",1998,24.0802463555333,"price.fuel.mod","tariffs","status.quo",24.0115004673135,4.55282361783213,0.640660448,109.633114330688
"Medium",0.0510979131955462,"pricetariffs_fuelstatus.quo",1998.5,9.85708071931299,"price.fuel.mod","tariffs","status.quo",7.21680260156809,4.56254309845653,0.622172867,44.9733556068304
"Medium",0.0510979131955462,"pricetariffs_fuelstatus.quo",1999,30.8501905994638,"price.fuel.mod","tariffs","status.quo",20.1063773758566,4.84198465538306,0.804286601,149.376149498247
"Medium",0.0510979131955462,"pricetariffs_fuelstatus.quo",1999.5,9.93835210096371,"price.fuel.mod","tariffs","status.quo",6.42932894524407,6.01017980396059,1.050467788,59.7312830818614
"Medium",0.0510979131955462,"pricetariffs_fuelstatus.quo",2000,36.7988879989563,"price.fuel.mod","tariffs","status.quo",28.1806030510016,6.33227130160756,1.327541825,233.020542406862
"Medium",0.0510979131955462,"pricetariffs_fuelstatus.quo",2000.5,10.887787008839,"price.fuel.mod","tariffs","status.quo",8.71077659307286,5.90087585057623,1.612986692,64.2474794266753
"Medium",0.0510979131955462,"pricetariffs_fuelstatus.quo",2001,27.9149415972564,"price.fuel.mod","tariffs","status.quo",28.3160763222633,4.47355045862035,1.194280761,124.878899784767
"Medium",0.0510979131955462,"pricetariffs_fuelstatus.quo",2001.5,10.6642236584208,"price.fuel.mod","tariffs","status.quo",5.47603106489692,4.42953362104376,0.975859995,47.2375372373054
"Medium",0.0510979131955462,"pricetariffs_fuelstatus.quo",2002,23.6540968034033,"price.fuel.mod","tariffs","status.quo",20.8191160581067,3.66198228125976,1.070930495,86.6208833732659
"Medium",0.0510979131955462,"pricetariffs_fuelstatus.quo",2002.5,8.101106373518,"price.fuel.mod","tariffs","status.quo",6.9024297187297,4.02193440093658,1.216097682,32.5821184092987
"Medium",0.0510979131955462,"pricetariffs_fuelstatus.quo",2003,21.5393969588878,"price.fuel.mod","tariffs","status.quo",22.7726223065002,3.41458224662662,1.210301841,73.5480424588619
"Medium",0.0510979131955462,"pricetariffs_fuelstatus.quo",2003.5,5.86536360422995,"price.fuel.mod","tariffs","status.quo",6.95872350472763,3.1173102683852,1.269159913,18.2841581912789
"Medium",0.0510979131955462,"pricetariffs_fuelstatus.quo",2004,19.4658557470449,"price.fuel.mod","tariffs","status.quo",16.488138917693,2.96352396392705,1.620877333,57.6875299847147
"Medium",0.0510979131955462,"pricetariffs_fuelstatus.quo",2004.5,4.68915262934443,"price.fuel.mod","tariffs","status.quo",5.41492897646919,3.2568059561738,2.02849139,15.271660212657
"Medium",0.0510979131955462,"pricetariffs_fuelstatus.quo",2005,10.4947094333218,"price.fuel.mod","tariffs","status.quo",12.5141930894517,3.40067473540805,2.382254002,35.6890932253459
"Medium",0.0510979131955462,"pricetariffs_fuelstatus.quo",2005.5,4.42211949815867,"price.fuel.mod","tariffs","status.quo",5.3781189264929,3.32928335785263,2.636138142,14.7224888516553
"Medium",0.0510979131955462,"pricetariffs_fuelstatus.quo",2006,20.0935323545862,"price.fuel.mod","tariffs","status.quo",21.8386311572776,2.58047613508342,2.787784045,51.8508807105362
"Medium",0.0510979131955462,"pricetariffs_fuelstatus.quo",2006.5,3.84488231664203,"price.fuel.mod","tariffs","status.quo",8.63501978553956,2.57368762405512,2.365521844,9.89552603428996
"Medium",0.0510979131955462,"pricetariffs_fuelstatus.quo",2007,10.0358585021311,"price.fuel.mod","tariffs","status.quo",17.8553156773805,2.78674750448948,2.755746336,27.9674036362235
"Medium",0.0510979131955462,"pricetariffs_fuelstatus.quo",2007.5,3.32208417331655,"price.fuel.mod","tariffs","status.quo",5.52115890238281,3.19323641553863,3.320424497,10.608200157719
"Medium",0.0510979131955462,"pricetariffs_fuelstatus.quo",2008,8.56097506680424,"price.fuel.mod","tariffs","status.quo",11.3577946496599,3.91862878927398,4.889983343,33.5472833610358
"Medium",0.0510979131955462,"pricetariffs_fuelstatus.quo",2008.5,7.26499089533838,"price.fuel.mod","tariffs","status.quo",5.08086533882322,3.33130130874346,2.844336426,24.2018736776501
"Medium",0.0510979131955462,"pricetariffs_fuelstatus.quo",2009,13.2798274090951,"price.fuel.mod","tariffs","status.quo",17.9668851781964,2.25868223125,2.278682818,29.9949102029897
"Medium",0.0510979131955462,"pricetariffs_fuelstatus.quo",2009.5,4.55477593311164,"price.fuel.mod","tariffs","status.quo",7.57574099599588,2.39828041246072,2.572136375,10.9236299035291
"Medium",0.0510979131955462,"pricetariffs_fuelstatus.quo",2010,24.0466719274362,"price.fuel.mod","tariffs","status.quo",8.04780714544663,3.03808440430528,2.70288658,73.0558189581895
"Medium",0.0510979131955462,"pricetariffs_fuelstatus.quo",2010.5,6.40850913456549,"price.fuel.mod","tariffs","status.quo",8.57478318074798,3.07854866749727,3.033457857,19.7289072568607
"Medium",0.0510979131955462,"pricetariffs_fuelstatus.quo",2011,19.0967439396111,"price.fuel.mod","tariffs","status.quo",17.8287157295084,3.21106661498974,3.91117392,61.320916919493
"Medium",0.0510979131955462,"pricetariffs_fuelstatus.quo",2011.5,4.28057255131751,"price.fuel.mod","tariffs","status.quo",8.37455860329747,3.77640735527577,3.857637569,16.165185667587
"Medium",0.0510979131955462,"pricetariffs_fuelstatus.quo",2012,16.0504173037322,"price.fuel.mod","tariffs","status.quo",18.6467153647801,3.43378376176959,3.670647018,55.1136623071814
"Medium",0.0510979131955462,"pricetariffs_fuelstatus.quo",2012.5,6.10349292244328,"price.fuel.mod","tariffs","status.quo",8.81451598006909,3.3867862695019,3.926350999,20.6712260257329
"Medium",0.0510979131955462,"pricetariffs_fuelstatus.quo",2013,9.5961366699342,"price.fuel.mod","tariffs","status.quo",14.5150058419753,4.06054672077294,3.59356354,38.9655612871903
"Medium",0.0510979131955462,"pricetariffs_fuelstatus.quo",2013.5,7.44572346698803,"price.fuel.mod","tariffs","status.quo",7.81621022101394,5.35909558500419,3.730174711,39.9023437590976
"Medium",0.0510979131955462,"pricetariffs_fuelstatus.quo",2014,8.52392036543948,"price.fuel.mod","tariffs","status.quo",14.588974377991,5.29777481788601,3.505636196,45.157810661691
"Medium",0.0510979131955462,"pricetariffs_fuelstatus.quo",2014.5,11.1188338992483,"price.fuel.mod","tariffs","status.quo",9.23671593064456,4.41155164281167,2.841017708,49.0513099543788
"Medium",0.0510979131955462,"pricetariffs_fuelstatus.quo",2015,19.6602389208487,"price.fuel.mod","tariffs","status.quo",13.2147941220035,2.81150774930967,2.014201659,55.2749140792457
"Medium",0.0510979131955462,"pricetariffs_fuelstatus.quo",2015.5,11.2642742393268,"price.fuel.mod","tariffs","status.quo",7.50525393689402,2.86759769693102,1.59375734,32.301406866293
"Medium",0.0510979131955462,"pricetariffs_fuelstatus.quo",2016,17.2326486705567,"price.fuel.mod","tariffs","status.quo",10.1808130369481,3.00596842461488,1.64619339,51.8007977761749
"Medium",0.0510979131955462,"pricetariffs_fuelstatus.quo",2016.5,9.3515200638894,"price.fuel.mod","tariffs","status.quo",5.39307169815739,4.18887393214666,1.755500592,39.1723386215728
"Medium",0.0510979131955462,"pricetariffs_fuelstatus.quo",2017,22.2159721420294,"price.fuel.mod","tariffs","status.quo",12.1331828553547,3.47942031582626,1.721349829,77.2987048068072
"Medium",0.0510979131955462,"pricetariffs_fuelstatus.quo",2017.5,12.0405975560374,"price.fuel.mod","tariffs","status.quo",7.54050854388687,3.79112272220055,2.115492451,45.6473829835658
"Medium",0.0510979131955462,"pricetariffs_fuelstatus.quo",2018,16.5541786770455,"price.fuel.mod","tariffs","status.quo",13.7781541536191,3.25380794124098,2.502609693,53.8641180400927
"Medium",0.0510979131955462,"pricetariffs_fuelstatus.quo",2018.5,7.29313982312769,"price.fuel.mod","tariffs","status.quo",8.66981088922993,3.45385243293675,2.434931942,25.1894287218574
"Medium",0.0510979131955462,"pricetariffs_fuelstatus.quo",2019,10.8588347380403,"price.fuel.mod","tariffs","status.quo",7.94919114053227,3.29851886703811,2.166705119,35.8180712574747
"Medium",0.0510979131955462,"pricetariffs_fuelstatus.quo",2019.5,7.04455879740266,"price.fuel.mod","tariffs","status.quo",5.45331074318056,3.39313131687167,2.217115677,23.9031130690108
"Medium",0.0510979131955462,"pricetariffs_fuelstatus.quo",2020,31.3809430452237,"price.fuel.mod","tariffs","status.quo",11.8094531922773,2.81936323656955,1.223776883,88.4742771505865
"Medium",0.0510979131955462,"pricetariffs_fuelstatus.quo",2020.5,15.7565224117422,"price.fuel.mod","tariffs","status.quo",5.0535056945109,2.97562041568792,1.326079845,46.8854297686243
"Medium",0.0510979131955462,"pricetariffs_fuelstatus.quo",2021,44.3839987179348,"price.fuel.mod","tariffs","status.quo",12.1371153888044,3.68191490636116,2.064034533,163.418106483479
"Medium",0.0510979131955462,"pricetariffs_fuelstatus.quo",2021.5,13.5234945256423,"price.fuel.mod","tariffs","status.quo",8.24615492050734,3.50734091870751,2.34283939,47.4315057137023
"Medium",0.0510979131955462,"pricetariffs_fuelstatus.quo",2022,6.10830031022244,"price.fuel.mod","tariffs","status.quo",7.9248694210156,2.4198801778206,3.992053255,14.7813548408827
"Medium",0.0510979131955462,"pricetariffs_fuelstatus.quo",2022.5,0.0883295852047201,"price.fuel.mod","tariffs","status.quo",5.88528355085481,1.95246160438392,3.5445,0.172460123643374
"Medium",0.0510979131955462,"pricetariffs_fuelstatus.quo",2023,21.3898349877039,"price.fuel.mod","tariffs","status.quo",NA,3.61595442906889,2.41554731766667,77.3446685608405
"Medium",0.0510979131955462,"pricetariffs_fuelstatus.quo",2023.5,5.80069828481166,"price.fuel.mod","tariffs","status.quo",NA,3.61595442906889,2.41554731766667,20.975060654657
"Medium",0.0510979131955462,"pricetariffs_fuelstatus.quo",2024,15.1366837592311,"price.fuel.mod","tariffs","status.quo",NA,3.61595442906889,2.41554731766667,54.7335586806069
"Medium",0.0510979131955462,"pricetariffs_fuelstatus.quo",2024.5,8.21041531826475,"price.fuel.mod","tariffs","status.quo",NA,3.61595442906889,2.41554731766667,29.6884876345745
"Medium",0.0510979131955462,"pricetariffs_fuelstatus.quo",2025,27.8986200737279,"price.fuel.mod","tariffs","status.quo",NA,3.61595442906889,2.41554731766667,100.880138820506
"Medium",0.0510979131955462,"pricetariffs_fuelstatus.quo",2025.5,10.8956439485362,"price.fuel.mod","tariffs","status.quo",NA,3.61595442906889,2.41554731766667,39.3981519932672
"Medium",0.0510979131955462,"pricetariffs_fuelstatus.quo",2026,27.2771853234182,"price.fuel.mod","tariffs","status.quo",NA,3.61595442906889,2.41554731766667,98.633059082747
"Medium",0.0510979131955462,"pricetariffs_fuelstatus.quo",2026.5,9.72336229120465,"price.fuel.mod","tariffs","status.quo",NA,3.61595442906889,2.41554731766667,35.1592349423228
"Medium",0.0510979131955462,"pricetariffs_fuelstatus.quo",2027,27.3929099138087,"price.fuel.mod","tariffs","status.quo",NA,3.61595442906889,2.41554731766667,99.0515139279217
"Small",0.0373927172900217,"pricetariffs_fuelstatus.quo",1987,20.8135037500085,"price.fuel.mod","tariffs","status.quo",33.1699600876773,3.46223983102226,1.193864043,72.0613417064108
"Small",0.0373927172900217,"pricetariffs_fuelstatus.quo",1987.5,2.54120121315483,"price.fuel.mod","tariffs","status.quo",1.55534427195328,4.03600829559881,1.218517776,10.2563091770787
"Small",0.0373927172900217,"pricetariffs_fuelstatus.quo",1988,11.6315651134648,"price.fuel.mod","tariffs","status.quo",23.8431624881257,2.83796100605314,0.992170369,33.0099282313811
"Small",0.0373927172900217,"pricetariffs_fuelstatus.quo",1988.5,1.80390188171304,"price.fuel.mod","tariffs","status.quo",0.720080044745491,3.55275304925539,0.95042966,6.40881791081355
"Small",0.0373927172900217,"pricetariffs_fuelstatus.quo",1989,18.2940891156421,"price.fuel.mod","tariffs","status.quo",28.7755001766216,2.51462103845419,1.040677249,46.0027013695495
"Small",0.0373927172900217,"pricetariffs_fuelstatus.quo",1989.5,2.2731327683833,"price.fuel.mod","tariffs","status.quo",1.15542976955331,3.07473626443988,1.319286796,6.98928375683476
"Small",0.0373927172900217,"pricetariffs_fuelstatus.quo",1990,22.0223573639129,"price.fuel.mod","tariffs","status.quo",40.4141643858711,2.31713756835269,1.165362175,51.028831591611
"Small",0.0373927172900217,"pricetariffs_fuelstatus.quo",1990.5,3.10412594096034,"price.fuel.mod","tariffs","status.quo",0.71930936977849,3.31075264722307,1.749252381,10.2769931763482
"Small",0.0373927172900217,"pricetariffs_fuelstatus.quo",1991,31.2604263439201,"price.fuel.mod","tariffs","status.quo",29.6999205320081,2.75220541657956,1.109832663,86.0351147083233
"Small",0.0373927172900217,"pricetariffs_fuelstatus.quo",1991.5,4.50753668962346,"price.fuel.mod","tariffs","status.quo",1.45164641335001,3.33127362657706,1.186270087,15.0158380949711
"Small",0.0373927172900217,"pricetariffs_fuelstatus.quo",1992,9.58727414418958,"price.fuel.mod","tariffs","status.quo",22.1974889327821,3.34190966430881,1.136504152,32.0398041168451
"Small",0.0373927172900217,"pricetariffs_fuelstatus.quo",1992.5,2.66299835043843,"price.fuel.mod","tariffs","status.quo",1.90915308007694,3.40282759475462,1.119827889,9.06172427165792
"Small",0.0373927172900217,"pricetariffs_fuelstatus.quo",1993,10.7186072922499,"price.fuel.mod","tariffs","status.quo",31.251177401142,2.55240244206907,0.970890649,27.358199428318
"Small",0.0373927172900217,"pricetariffs_fuelstatus.quo",1993.5,5.70294100202214,"price.fuel.mod","tariffs","status.quo",0.649131295937703,2.80837868563889,0.925675909,16.0160179555351
"Small",0.0373927172900217,"pricetariffs_fuelstatus.quo",1994,24.7190267735338,"price.fuel.mod","tariffs","status.quo",21.9947786917798,3.00582662053682,0.900017334,74.3011087096501
"Small",0.0373927172900217,"pricetariffs_fuelstatus.quo",1994.5,3.63340718201755,"price.fuel.mod","tariffs","status.quo",1.36367695496224,3.87707147498693,0.879442785,14.0869793424129
"Small",0.0373927172900217,"pricetariffs_fuelstatus.quo",1995,28.7536075084638,"price.fuel.mod","tariffs","status.quo",34.102267260659,2.974202323365,0.867027844,85.5190462567984
"Small",0.0373927172900217,"pricetariffs_fuelstatus.quo",1995.5,4.62208016035476,"price.fuel.mod","tariffs","status.quo",0.735616089227739,3.19859578961608,0.92666276,14.7841661401787
"Small",0.0373927172900217,"pricetariffs_fuelstatus.quo",1996,17.0389034621952,"price.fuel.mod","tariffs","status.quo",33.1773985935543,2.50019980592919,0.990501339,42.6006631294266
"Small",0.0373927172900217,"pricetariffs_fuelstatus.quo",1996.5,3.15382116732046,"price.fuel.mod","tariffs","status.quo",0.716812406096025,3.16326652401382,1.235234785,9.97637692131101
"Small",0.0373927172900217,"pricetariffs_fuelstatus.quo",1997,16.6201184022468,"price.fuel.mod","tariffs","status.quo",29.4775886362047,3.20074806344115,0.933448325,53.1968117901542
"Small",0.0373927172900217,"pricetariffs_fuelstatus.quo",1997.5,4.70685088460209,"price.fuel.mod","tariffs","status.quo",1.69100390344393,3.17160491541806,0.938670805,14.9282714017438
"Small",0.0373927172900217,"pricetariffs_fuelstatus.quo",1998,39.8178823563558,"price.fuel.mod","tariffs","status.quo",34.4104421044754,2.32616054446169,0.640660448,92.622786901372
"Small",0.0373927172900217,"pricetariffs_fuelstatus.quo",1998.5,4.02765375990267,"price.fuel.mod","tariffs","status.quo",2.05210174026596,2.56029739710157,0.622172867,10.3119914379052
"Small",0.0373927172900217,"pricetariffs_fuelstatus.quo",1999,32.6134710423104,"price.fuel.mod","tariffs","status.quo",38.4741550182192,2.39087042848093,0.804286601,77.9745834851791
"Small",0.0373927172900217,"pricetariffs_fuelstatus.quo",1999.5,7.34105698362153,"price.fuel.mod","tariffs","status.quo",2.23520985136123,3.15007512047249,1.050467788,23.124880962077
"Small",0.0373927172900217,"pricetariffs_fuelstatus.quo",2000,28.5136807941917,"price.fuel.mod","tariffs","status.quo",37.0846168064626,3.42056965332977,1.327541825,97.5330312293439
"Small",0.0373927172900217,"pricetariffs_fuelstatus.quo",2000.5,3.73610614040668,"price.fuel.mod","tariffs","status.quo",1.12931721350037,3.50211131063933,1.612986692,13.0842595720673
"Small",0.0373927172900217,"pricetariffs_fuelstatus.quo",2001,12.7037455022581,"price.fuel.mod","tariffs","status.quo",38.9592104154854,3.17152612550219,1.194280761,40.2902607521424
"Small",0.0373927172900217,"pricetariffs_fuelstatus.quo",2001.5,4.55397157179257,"price.fuel.mod","tariffs","status.quo",0.95305989767346,2.72647203944922,0.975859995,12.416276158939
"Small",0.0373927172900217,"pricetariffs_fuelstatus.quo",2002,22.4343400748566,"price.fuel.mod","tariffs","status.quo",32.8442587186268,2.43724646261169,1.070930495,54.678015988472
"Small",0.0373927172900217,"pricetariffs_fuelstatus.quo",2002.5,5.48568230839342,"price.fuel.mod","tariffs","status.quo",1.87019646901045,2.48644434759047,1.216097682,13.6398437683818
"Small",0.0373927172900217,"pricetariffs_fuelstatus.quo",2003,48.5623415081451,"price.fuel.mod","tariffs","status.quo",39.9101605584912,1.87960607049409,1.210301841,91.2780718961168
"Small",0.0373927172900217,"pricetariffs_fuelstatus.quo",2003.5,2.60262514573763,"price.fuel.mod","tariffs","status.quo",1.08131262915648,1.64775643949941,1.269159913,4.28849234349227
"Small",0.0373927172900217,"pricetariffs_fuelstatus.quo",2004,16.0096258265811,"price.fuel.mod","tariffs","status.quo",37.7506649665029,1.49426390224892,1.620877333,23.9226059611721
"Small",0.0373927172900217,"pricetariffs_fuelstatus.quo",2004.5,2.63591123083775,"price.fuel.mod","tariffs","status.quo",0.542971426348707,1.95329414520825,2.02849139,5.14870997448404
"Small",0.0373927172900217,"pricetariffs_fuelstatus.quo",2005,8.38963354477427,"price.fuel.mod","tariffs","status.quo",25.5567941818433,2.276876512803,2.382254002,19.1021595691207
"Small",0.0373927172900217,"pricetariffs_fuelstatus.quo",2005.5,3.98797224216047,"price.fuel.mod","tariffs","status.quo",1.92148772697992,2.32541849460168,2.636138142,9.27370440787809
"Small",0.0373927172900217,"pricetariffs_fuelstatus.quo",2006,20.7297319353103,"price.fuel.mod","tariffs","status.quo",29.3820294770415,1.64328250817206,2.787784045,34.0648058883913
"Small",0.0373927172900217,"pricetariffs_fuelstatus.quo",2006.5,4.59297066432427,"price.fuel.mod","tariffs","status.quo",0.304521701423559,1.71856753817881,2.365521844,7.89333028751523
"Small",0.0373927172900217,"pricetariffs_fuelstatus.quo",2007,12.5553433506235,"price.fuel.mod","tariffs","status.quo",27.6217543664749,1.89961137600456,2.755746336,23.8502730584876
"Small",0.0373927172900217,"pricetariffs_fuelstatus.quo",2007.5,1.33270487173307,"price.fuel.mod","tariffs","status.quo",0.465516613623862,1.90748378576943,3.320424497,2.54211293404676
"Small",0.0373927172900217,"pricetariffs_fuelstatus.quo",2008,5.28524230597744,"price.fuel.mod","tariffs","status.quo",17.7659276919536,1.84321551806618,4.889983343,9.7418406351175
"Small",0.0373927172900217,"pricetariffs_fuelstatus.quo",2008.5,4.70922035907056,"price.fuel.mod","tariffs","status.quo",0.817461976283013,1.81599198296602,2.844336426,8.55190641809248
"Small",0.0373927172900217,"pricetariffs_fuelstatus.quo",2009,17.979744110761,"price.fuel.mod","tariffs","status.quo",18.8947247584991,1.47843200217586,2.278682818,26.581829084282
"Small",0.0373927172900217,"pricetariffs_fuelstatus.quo",2009.5,2.28293010983765,"price.fuel.mod","tariffs","status.quo",0.414448546792974,1.74489870397938,2.572136375,3.98348178993123
"Small",0.0373927172900217,"pricetariffs_fuelstatus.quo",2010,10.2851345619027,"price.fuel.mod","tariffs","status.quo",10.3898713043782,2.40726345236337,2.70288658,24.7590285335078
"Small",0.0373927172900217,"pricetariffs_fuelstatus.quo",2010.5,0.753716117605967,"price.fuel.mod","tariffs","status.quo",1.58086469169156,1.8721768967639,3.033457857,1.41108990210048
"Small",0.0373927172900217,"pricetariffs_fuelstatus.quo",2011,8.18772595541504,"price.fuel.mod","tariffs","status.quo",24.250876531461,1.46960221213565,3.91117392,12.0327001764384
"Small",0.0373927172900217,"pricetariffs_fuelstatus.quo",2011.5,0.715900385777472,"price.fuel.mod","tariffs","status.quo",1.02000463321805,2.11229011307718,3.857637569,1.5121893068259
"Small",0.0373927172900217,"pricetariffs_fuelstatus.quo",2012,8.78661668211595,"price.fuel.mod","tariffs","status.quo",14.9581501376982,2.01235528403434,3.670647018,17.6817945090403
"Small",0.0373927172900217,"pricetariffs_fuelstatus.quo",2012.5,0.634382261630834,"price.fuel.mod","tariffs","status.quo",1.06246201400765,1.95729714018241,3.926350999,1.24167458647248
"Small",0.0373927172900217,"pricetariffs_fuelstatus.quo",2013,8.52158969134006,"price.fuel.mod","tariffs","status.quo",23.121954254089,2.08313110442743,3.59356354,17.7515885451986
"Small",0.0373927172900217,"pricetariffs_fuelstatus.quo",2013.5,0.80354423404111,"price.fuel.mod","tariffs","status.quo",1.11985873291099,3.47567759827312,3.730174711,2.79286069347822
"Small",0.0373927172900217,"pricetariffs_fuelstatus.quo",2014,5.08384536835863,"price.fuel.mod","tariffs","status.quo",25.8305466848948,3.59725315728399,3.505636196,18.2878788024717
"Small",0.0373927172900217,"pricetariffs_fuelstatus.quo",2014.5,2.38240519341649,"price.fuel.mod","tariffs","status.quo",1.43466762510486,2.30597696796899,2.841017708,5.49377150438813
"Small",0.0373927172900217,"pricetariffs_fuelstatus.quo",2015,23.7255383646818,"price.fuel.mod","tariffs","status.quo",17.7198833877751,1.60367976611785,2.014201659,38.0481658156931
"Small",0.0373927172900217,"pricetariffs_fuelstatus.quo",2015.5,4.51976358059737,"price.fuel.mod","tariffs","status.quo",0.893230523631532,1.74925517610095,1.59375734,7.90621983811253
"Small",0.0373927172900217,"pricetariffs_fuelstatus.quo",2016,14.2959342187336,"price.fuel.mod","tariffs","status.quo",13.7848418529771,1.36349750789189,1.64619339,19.4924706802296
"Small",0.0373927172900217,"pricetariffs_fuelstatus.quo",2016.5,2.35587317854296,"price.fuel.mod","tariffs","status.quo",2.07950199163093,2.21804534012833,1.755500592,5.22543352560052
"Small",0.0373927172900217,"pricetariffs_fuelstatus.quo",2017,16.5151099488061,"price.fuel.mod","tariffs","status.quo",16.1131159758896,1.54110611853533,1.721349829,25.4515369903887
"Small",0.0373927172900217,"pricetariffs_fuelstatus.quo",2017.5,4.17443452801571,"price.fuel.mod","tariffs","status.quo",2.88503781328209,1.90789517166,2.115492451,7.96438348041196
"Small",0.0373927172900217,"pricetariffs_fuelstatus.quo",2018,8.59259116314626,"price.fuel.mod","tariffs","status.quo",24.659261960846,1.44488280433977,2.502609693,12.4152872163519
"Small",0.0373927172900217,"pricetariffs_fuelstatus.quo",2018.5,3.21258314899257,"price.fuel.mod","tariffs","status.quo",0.766913261974894,1.54754568558391,2.434931942,4.97161919180302
"Small",0.0373927172900217,"pricetariffs_fuelstatus.quo",2019,20.7978156247289,"price.fuel.mod","tariffs","status.quo",12.1964944971997,1.60329405331422,2.166705119,33.3450141130535
"Small",0.0373927172900217,"pricetariffs_fuelstatus.quo",2019.5,3.24676204636475,"price.fuel.mod","tariffs","status.quo",0.49134503743693,1.84553430067428,2.217115677,5.99201072269357
"Small",0.0373927172900217,"pricetariffs_fuelstatus.quo",2020,46.1233607871519,"price.fuel.mod","tariffs","status.quo",8.45437092584065,1.74321307533248,1.223776883,80.4028456024407
"Small",0.0373927172900217,"pricetariffs_fuelstatus.quo",2020.5,6.18288786912017,"price.fuel.mod","tariffs","status.quo",0.365339397994311,1.99966936626942,1.326079845,12.3637314669585
"Small",0.0373927172900217,"pricetariffs_fuelstatus.quo",2021,39.7868224520135,"price.fuel.mod","tariffs","status.quo",10.9727795586288,2.19867920946227,2.064034533,87.4784593358086
"Small",0.0373927172900217,"pricetariffs_fuelstatus.quo",2021.5,3.02972604192832,"price.fuel.mod","tariffs","status.quo",0.63159289139346,1.95371255603988,2.34283939,5.91921380947637
"Small",0.0373927172900217,"pricetariffs_fuelstatus.quo",2022,7.73812243170845,"price.fuel.mod","tariffs","status.quo",7.02551689200128,1.20079679537534,3.992053255,9.29191261821754
"Small",0.0373927172900217,"pricetariffs_fuelstatus.quo",2022.5,2.14698323252443,"price.fuel.mod","tariffs","status.quo",0.425794667042911,1.33949152023172,3.5445,2.87586583404616
"Small",0.0373927172900217,"pricetariffs_fuelstatus.quo",2023,8.71543735247104,"price.fuel.mod","tariffs","status.quo",NA,2.17407552556482,2.41554731766667,18.9480190426007
"Small",0.0373927172900217,"pricetariffs_fuelstatus.quo",2023.5,4.23300244883723,"price.fuel.mod","tariffs","status.quo",NA,2.17407552556482,2.41554731766667,9.20286702367295
"Small",0.0373927172900217,"pricetariffs_fuelstatus.quo",2024,15.5173992455185,"price.fuel.mod","tariffs","status.quo",NA,2.17407552556482,2.41554731766667,33.7359979200997
"Small",0.0373927172900217,"pricetariffs_fuelstatus.quo",2024.5,2.66656524842879,"price.fuel.mod","tariffs","status.quo",NA,2.17407552556482,2.41554731766667,5.79731424393069
"Small",0.0373927172900217,"pricetariffs_fuelstatus.quo",2025,15.7759736827368,"price.fuel.mod","tariffs","status.quo",NA,2.17407552556482,2.41554731766667,34.2981582755927
"Small",0.0373927172900217,"pricetariffs_fuelstatus.quo",2025.5,2.11117139721187,"price.fuel.mod","tariffs","status.quo",NA,2.17407552556482,2.41554731766667,4.58984606495081
"Small",0.0373927172900217,"pricetariffs_fuelstatus.quo",2026,17.1675349547787,"price.fuel.mod","tariffs","status.quo",NA,2.17407552556482,2.41554731766667,37.3235175794629
"Small",0.0373927172900217,"pricetariffs_fuelstatus.quo",2026.5,2.54990791240537,"price.fuel.mod","tariffs","status.quo",NA,2.17407552556482,2.41554731766667,5.54369238480458
"Small",0.0373927172900217,"pricetariffs_fuelstatus.quo",2027,17.2081090042281,"price.fuel.mod","tariffs","status.quo",NA,2.17407552556482,2.41554731766667,37.4117286273439
"Large",0.174372575775533,"pricelabel.premium_fuelstatus.quo",1987,5.37542376888951,"price.fuel.mod","label.premium","status.quo",6.71737977735683,12.5899917441796,1.193864043,67.6765408717856
"Large",0.174372575775533,"pricelabel.premium_fuelstatus.quo",1987.5,6.26413715932755,"price.fuel.mod","label.premium","status.quo",10.622314411265,12.0793895597091,1.218517776,75.6669530029669
"Large",0.174372575775533,"pricelabel.premium_fuelstatus.quo",1988,2.65787682022248,"price.fuel.mod","label.premium","status.quo",8.57325287037129,12.6057295038419,0.992170369,33.5044762502561
"Large",0.174372575775533,"pricelabel.premium_fuelstatus.quo",1988.5,8.15074675368682,"price.fuel.mod","label.premium","status.quo",10.8087014478752,12.5584041151657,0.95042966,102.360371573174
"Large",0.174372575775533,"pricelabel.premium_fuelstatus.quo",1989,13.0134055141867,"price.fuel.mod","label.premium","status.quo",8.31618564404666,10.1603157047673,1.040677249,132.220308418297
"Large",0.174372575775533,"pricelabel.premium_fuelstatus.quo",1989.5,9.45511619314545,"price.fuel.mod","label.premium","status.quo",13.0119615266943,8.85794163390862,1.319286796,83.7528673807066
"Large",0.174372575775533,"pricelabel.premium_fuelstatus.quo",1990,7.17986244777725,"price.fuel.mod","label.premium","status.quo",10.4664894841967,8.57265311491896,1.165362175,61.5504701776273
"Large",0.174372575775533,"pricelabel.premium_fuelstatus.quo",1990.5,7.88615086783963,"price.fuel.mod","label.premium","status.quo",12.3173138400001,10.121152066617,1.749252381,79.8169321536887
"Large",0.174372575775533,"pricelabel.premium_fuelstatus.quo",1991,17.4064597169755,"price.fuel.mod","label.premium","status.quo",10.6108380057583,9.45743851223052,1.109832663,164.620522488914
"Large",0.174372575775533,"pricelabel.premium_fuelstatus.quo",1991.5,10.6322178974377,"price.fuel.mod","label.premium","status.quo",12.4879838019052,8.90923640938927,1.186270087,94.7249428044119
"Large",0.174372575775533,"pricelabel.premium_fuelstatus.quo",1992,5.97765522234903,"price.fuel.mod","label.premium","status.quo",4.36900738448302,9.78433680553042,1.136504152,58.4873920028007
"Large",0.174372575775533,"pricelabel.premium_fuelstatus.quo",1992.5,9.32278461450246,"price.fuel.mod","label.premium","status.quo",12.1414743179632,9.61389512435446,1.119827889,89.628273550772
"Large",0.174372575775533,"pricelabel.premium_fuelstatus.quo",1993,4.27003854406339,"price.fuel.mod","label.premium","status.quo",3.71286139165064,9.68624084782594,0.970890649,41.360621767298
"Large",0.174372575775533,"pricelabel.premium_fuelstatus.quo",1993.5,6.28028305462361,"price.fuel.mod","label.premium","status.quo",9.6599860067035,9.72021935763151,0.925675909,61.0457289189576
"Large",0.174372575775533,"pricelabel.premium_fuelstatus.quo",1994,7.93146522942181,"price.fuel.mod","label.premium","status.quo",5.51132667262915,10.8613688089981,0.900017334,86.1465690524952
"Large",0.174372575775533,"pricelabel.premium_fuelstatus.quo",1994.5,10.5220834343964,"price.fuel.mod","label.premium","status.quo",11.8112138407078,10.7633585365074,0.879442785,113.252956555454
"Large",0.174372575775533,"pricelabel.premium_fuelstatus.quo",1995,10.0269293104296,"price.fuel.mod","label.premium","status.quo",6.21391252952628,10.7890232405838,0.867027844,108.180773361917
"Large",0.174372575775533,"pricelabel.premium_fuelstatus.quo",1995.5,11.1595797370325,"price.fuel.mod","label.premium","status.quo",11.1939421930543,9.62593281197826,0.92666276,107.421364758589
"Large",0.174372575775533,"pricelabel.premium_fuelstatus.quo",1996,4.58253783737548,"price.fuel.mod","label.premium","status.quo",4.69273193485784,10.3436601282369,0.990501339,47.4002139145976
"Large",0.174372575775533,"pricelabel.premium_fuelstatus.quo",1996.5,7.09674340765516,"price.fuel.mod","label.premium","status.quo",10.9515132054804,10.4387237810633,1.235234785,74.0809441775942
"Large",0.174372575775533,"pricelabel.premium_fuelstatus.quo",1997,4.54370661792861,"price.fuel.mod","label.premium","status.quo",3.43510362636754,11.5771198057125,0.933448325,52.6030358777684
"Large",0.174372575775533,"pricelabel.premium_fuelstatus.quo",1997.5,8.73187356309806,"price.fuel.mod","label.premium","status.quo",9.04681397446952,11.3781664584964,0.938670805,99.3527108954737
"Large",0.174372575775533,"pricelabel.premium_fuelstatus.quo",1998,5.58296406208453,"price.fuel.mod","label.premium","status.quo",4.24075938686746,10.7769406001589,0.640660448,60.167272069907
"Large",0.174372575775533,"pricelabel.premium_fuelstatus.quo",1998.5,9.71903166275535,"price.fuel.mod","label.premium","status.quo",12.0293003674683,9.51226679526253,0.622172867,92.4500221677329
"Large",0.174372575775533,"pricelabel.premium_fuelstatus.quo",1999,8.78414542346186,"price.fuel.mod","label.premium","status.quo",6.26837397930924,10.3714508913732,0.804286601,91.1043328821157
"Large",0.174372575775533,"pricelabel.premium_fuelstatus.quo",1999.5,9.05061664424378,"price.fuel.mod","label.premium","status.quo",9.94572173827841,10.6330528005955,1.050467788,96.2356846561922
"Large",0.174372575775533,"pricelabel.premium_fuelstatus.quo",2000,12.168715429895,"price.fuel.mod","label.premium","status.quo",9.60103636139893,10.7508888167683,1.327541825,130.824506629694
"Large",0.174372575775533,"pricelabel.premium_fuelstatus.quo",2000.5,10.3147129121958,"price.fuel.mod","label.premium","status.quo",12.330422287742,9.34581671991077,1.612986692,96.3994163958789
"Large",0.174372575775533,"pricelabel.premium_fuelstatus.quo",2001,9.24977991510604,"price.fuel.mod","label.premium","status.quo",7.91172740953807,9.69680841162668,1.194280761,89.6933436864958
"Large",0.174372575775533,"pricelabel.premium_fuelstatus.quo",2001.5,7.54250673054405,"price.fuel.mod","label.premium","status.quo",9.53611922083641,8.24439553464669,0.975859995,62.1834088093399
"Large",0.174372575775533,"pricelabel.premium_fuelstatus.quo",2002,6.33880904295416,"price.fuel.mod","label.premium","status.quo",5.90490467986567,7.03546425864735,1.070930495,44.5964644640947
"Large",0.174372575775533,"pricelabel.premium_fuelstatus.quo",2002.5,6.58208886146631,"price.fuel.mod","label.premium","status.quo",8.21494371689397,7.15032103828286,1.216097682,47.0640484619898
"Large",0.174372575775533,"pricelabel.premium_fuelstatus.quo",2003,7.07648969967173,"price.fuel.mod","label.premium","status.quo",5.88659270493106,6.83775934994511,1.210301841,48.3873336087207
"Large",0.174372575775533,"pricelabel.premium_fuelstatus.quo",2003.5,8.61205292955769,"price.fuel.mod","label.premium","status.quo",9.7458138599594,6.03783529573531,1.269159913,51.9981571468241
"Large",0.174372575775533,"pricelabel.premium_fuelstatus.quo",2004,13.9126331690354,"price.fuel.mod","label.premium","status.quo",6.97115490146669,6.51352108495447,1.620877333,90.6202294937492
"Large",0.174372575775533,"pricelabel.premium_fuelstatus.quo",2004.5,9.15361279753341,"price.fuel.mod","label.premium","status.quo",10.0288422319289,6.56657427628878,2.02849139,60.1078783313907
"Large",0.174372575775533,"pricelabel.premium_fuelstatus.quo",2005,4.64616903864719,"price.fuel.mod","label.premium","status.quo",5.57953019668072,6.02719887276295,2.382254002,28.0033847924005
"Large",0.174372575775533,"pricelabel.premium_fuelstatus.quo",2005.5,7.07130337511595,"price.fuel.mod","label.premium","status.quo",10.0812503959341,5.6234149093112,2.636138142,39.7648728278896
"Large",0.174372575775533,"pricelabel.premium_fuelstatus.quo",2006,8.71940942021577,"price.fuel.mod","label.premium","status.quo",9.32814760671619,4.72089382927121,2.787784045,41.1634061267859
"Large",0.174372575775533,"pricelabel.premium_fuelstatus.quo",2006.5,6.84934689025661,"price.fuel.mod","label.premium","status.quo",19.3733736458873,4.22533641185959,2.365521844,28.9407948128585
"Large",0.174372575775533,"pricelabel.premium_fuelstatus.quo",2007,7.0796881835825,"price.fuel.mod","label.premium","status.quo",8.93251755415469,5.4674366499906,2.755746336,38.7077466454244
"Large",0.174372575775533,"pricelabel.premium_fuelstatus.quo",2007.5,8.94784450255713,"price.fuel.mod","label.premium","status.quo",11.9723465627928,5.86706497636183,3.320424497,52.4975850948847
"Large",0.174372575775533,"pricelabel.premium_fuelstatus.quo",2008,7.21652559899077,"price.fuel.mod","label.premium","status.quo",6.8632023388661,6.87395329195337,4.889983343,49.6060598976483
"Large",0.174372575775533,"pricelabel.premium_fuelstatus.quo",2008.5,10.6410019637121,"price.fuel.mod","label.premium","status.quo",12.9867202704612,4.910949850942,2.844336426,52.2574270075657
"Large",0.174372575775533,"pricelabel.premium_fuelstatus.quo",2009,2.28212544244915,"price.fuel.mod","label.premium","status.quo",11.3957385120874,3.4946185695594,2.278682818,7.97515794924676
"Large",0.174372575775533,"pricelabel.premium_fuelstatus.quo",2009.5,7.97783950060318,"price.fuel.mod","label.premium","status.quo",20.1822701677183,3.95084796176061,2.572136375,31.5192309302114
"Large",0.174372575775533,"pricelabel.premium_fuelstatus.quo",2010,32.9756449667265,"price.fuel.mod","label.premium","status.quo",4.93689076135254,6.8935907213382,2.70288658,227.320600172769
"Large",0.174372575775533,"pricelabel.premium_fuelstatus.quo",2010.5,30.8204377813916,"price.fuel.mod","label.premium","status.quo",11.8949437102665,6.08552889172307,3.033457857,187.558664574212
"Large",0.174372575775533,"pricelabel.premium_fuelstatus.quo",2011,25.5693977207293,"price.fuel.mod","label.premium","status.quo",7.43116987306931,6.42924813142202,3.91117392,164.392002517585
"Large",0.174372575775533,"pricelabel.premium_fuelstatus.quo",2011.5,23.537915099518,"price.fuel.mod","label.premium","status.quo",15.2124204306267,6.12657011782144,3.857637569,144.206687284525
"Large",0.174372575775533,"pricelabel.premium_fuelstatus.quo",2012,13.5368738040848,"price.fuel.mod","label.premium","status.quo",8.20944256638802,5.37802611663949,3.670647018,72.8016608560212
"Large",0.174372575775533,"pricelabel.premium_fuelstatus.quo",2012.5,12.7470567775555,"price.fuel.mod","label.premium","status.quo",12.7487994935888,5.26996060725231,3.926350999,67.1764870761259
"Large",0.174372575775533,"pricelabel.premium_fuelstatus.quo",2013,15.454028675404,"price.fuel.mod","label.premium","status.quo",8.12879485408897,7.29940876517483,3.59356354,112.805272370507
"Large",0.174372575775533,"pricelabel.premium_fuelstatus.quo",2013.5,20.5189211531366,"price.fuel.mod","label.premium","status.quo",12.1287990775526,8.36406624719241,3.730174711,171.621615845752
"Large",0.174372575775533,"pricelabel.premium_fuelstatus.quo",2014,8.95226849401108,"price.fuel.mod","label.premium","status.quo",4.83811460324899,9.26869378396509,3.505636196,82.9758353428271
"Large",0.174372575775533,"pricelabel.premium_fuelstatus.quo",2014.5,25.2231454861815,"price.fuel.mod","label.premium","status.quo",13.2014758885329,7.64784836022419,2.841017708,192.90279184619
"Large",0.174372575775533,"pricelabel.premium_fuelstatus.quo",2015,6.05948419889366,"price.fuel.mod","label.premium","status.quo",11.9161098619624,4.35779288507159,2.014201659,26.4059771291425
"Large",0.174372575775533,"pricelabel.premium_fuelstatus.quo",2015.5,15.1309714539705,"price.fuel.mod","label.premium","status.quo",12.4991106317133,4.55318414231323,1.59375734,68.8940992820127
"Large",0.174372575775533,"pricelabel.premium_fuelstatus.quo",2016,11.9608213583819,"price.fuel.mod","label.premium","status.quo",9.63632679089192,4.88277904371158,1.64619339,58.4020478742851
"Large",0.174372575775533,"pricelabel.premium_fuelstatus.quo",2016.5,16.5987943166205,"price.fuel.mod","label.premium","status.quo",9.76216658287913,6.21792739900937,1.755500592,103.210097971835
"Large",0.174372575775533,"pricelabel.premium_fuelstatus.quo",2017,8.54951933992999,"price.fuel.mod","label.premium","status.quo",9.02808762228676,4.92061824876707,1.721349829,42.0689208822465
"Large",0.174372575775533,"pricelabel.premium_fuelstatus.quo",2017.5,10.9667803741238,"price.fuel.mod","label.premium","status.quo",9.08662344104663,5.10145524158574,2.115492451,55.9465392228937
"Large",0.174372575775533,"pricelabel.premium_fuelstatus.quo",2018,6.59240588011919,"price.fuel.mod","label.premium","status.quo",10.2255227834163,4.71837605093946,2.502609693,31.1054500228268
"Large",0.174372575775533,"pricelabel.premium_fuelstatus.quo",2018.5,11.486619833874,"price.fuel.mod","label.premium","status.quo",12.0208463089032,5.01855298773329,2.434931942,57.6462102862448
"Large",0.174372575775533,"pricelabel.premium_fuelstatus.quo",2019,5.46389989185006,"price.fuel.mod","label.premium","status.quo",6.49742860601407,4.88494408016038,2.166705119,26.6908454312819
"Large",0.174372575775533,"pricelabel.premium_fuelstatus.quo",2019.5,9.12293392269843,"price.fuel.mod","label.premium","status.quo",8.12546140575837,5.17750496313892,2.217115677,47.2340356631596
"Large",0.174372575775533,"pricelabel.premium_fuelstatus.quo",2020,9.52477947537156,"price.fuel.mod","label.premium","status.quo",6.99253856614546,4.68046753159861,1.223776883,44.5804210801135
"Large",0.174372575775533,"pricelabel.premium_fuelstatus.quo",2020.5,18.77433405639,"price.fuel.mod","label.premium","status.quo",8.32614451400999,5.40555837390546,1.326079845,101.485758673017
"Large",0.174372575775533,"pricelabel.premium_fuelstatus.quo",2021,17.0195093445105,"price.fuel.mod","label.premium","status.quo",4.15856313937567,6.22144464823613,2.064034533,105.88593532701
"Large",0.174372575775533,"pricelabel.premium_fuelstatus.quo",2021.5,15.3668926180311,"price.fuel.mod","label.premium","status.quo",5.87361341229464,6.47320276956418,2.34283939,99.4730118546345
"Large",0.174372575775533,"pricelabel.premium_fuelstatus.quo",2022,6.57805714616534,"price.fuel.mod","label.premium","status.quo",4.33617367568456,4.29638469636797,3.992053255,28.2618640546187
"Large",0.174372575775533,"pricelabel.premium_fuelstatus.quo",2022.5,0.289190169552395,"price.fuel.mod","label.premium","status.quo",5.27214346715716,3.49424942020108,3.5445,1.01050258228631
"Large",0.174372575775533,"pricelabel.premium_fuelstatus.quo",2023,22.7592515051535,"price.fuel.mod","label.premium","status.quo",NA,7.64282685996836,2.41554731766667,173.945018716363
"Large",0.174372575775533,"pricelabel.premium_fuelstatus.quo",2023.5,14.8784835268453,"price.fuel.mod","label.premium","status.quo",NA,7.64282685996836,2.41554731766667,113.71367353457
"Large",0.174372575775533,"pricelabel.premium_fuelstatus.quo",2024,20.2660145897649,"price.fuel.mod","label.premium","status.quo",NA,7.64282685996836,2.41554731766667,154.889640651166
"Large",0.174372575775533,"pricelabel.premium_fuelstatus.quo",2024.5,15.6701857527352,"price.fuel.mod","label.premium","status.quo",NA,7.64282685996836,2.41554731766667,119.764516571698
"Large",0.174372575775533,"pricelabel.premium_fuelstatus.quo",2025,21.2719259950886,"price.fuel.mod","label.premium","status.quo",NA,7.64282685996836,2.41554731766667,162.577647358523
"Large",0.174372575775533,"pricelabel.premium_fuelstatus.quo",2025.5,16.7494793058848,"price.fuel.mod","label.premium","status.quo",NA,7.64282685996836,2.41554731766667,128.013370329501
"Large",0.174372575775533,"pricelabel.premium_fuelstatus.quo",2026,20.6903572844116,"price.fuel.mod","label.premium","status.quo",NA,7.64282685996836,2.41554731766667,158.132818395643
"Large",0.174372575775533,"pricelabel.premium_fuelstatus.quo",2026.5,17.0433489512585,"price.fuel.mod","label.premium","status.quo",NA,7.64282685996836,2.41554731766667,130.259365148492
"Large",0.174372575775533,"pricelabel.premium_fuelstatus.quo",2027,20.4886406470675,"price.fuel.mod","label.premium","status.quo",NA,7.64282685996836,2.41554731766667,156.591133061647
"Medium",0.0615220095862557,"pricelabel.premium_fuelstatus.quo",1987,16.77118699456,"price.fuel.mod","label.premium","status.quo",32.7194132783767,6.08983897957365,1.193864043,102.13382829319
"Medium",0.0615220095862557,"pricelabel.premium_fuelstatus.quo",1987.5,6.43334377614751,"price.fuel.mod","label.premium","status.quo",7.64637899895229,6.22272095995808,1.218517776,40.032903158449
"Medium",0.0615220095862557,"pricelabel.premium_fuelstatus.quo",1988,10.8379343764981,"price.fuel.mod","label.premium","status.quo",32.816615646671,5.28614926542636,0.992170369,57.2909388430643
"Medium",0.0615220095862557,"pricelabel.premium_fuelstatus.quo",1988.5,4.56746626149539,"price.fuel.mod","label.premium","status.quo",5.51691034329667,5.92203308328633,0.95042966,27.0486863073698
"Medium",0.0615220095862557,"pricelabel.premium_fuelstatus.quo",1989,48.9599422786893,"price.fuel.mod","label.premium","status.quo",36.5678534777813,5.11980548744016,1.040677249,250.665381143187
"Medium",0.0615220095862557,"pricelabel.premium_fuelstatus.quo",1989.5,9.83460324865674,"price.fuel.mod","label.premium","status.quo",9.12915061718908,5.89339168953183,1.319286796,57.9591690554764
"Medium",0.0615220095862557,"pricelabel.premium_fuelstatus.quo",1990,31.6653088566793,"price.fuel.mod","label.premium","status.quo",35.6475771015084,4.69183072247511,1.165362175,148.568268930431
"Medium",0.0615220095862557,"pricelabel.premium_fuelstatus.quo",1990.5,8.16709149773667,"price.fuel.mod","label.premium","status.quo",8.40505368169431,5.87198459467529,1.749252381,47.9570354580133
"Medium",0.0615220095862557,"pricelabel.premium_fuelstatus.quo",1991,42.3969264921548,"price.fuel.mod","label.premium","status.quo",27.3423279699856,5.29812880233018,1.109832663,224.624377378361
"Medium",0.0615220095862557,"pricelabel.premium_fuelstatus.quo",1991.5,12.0111234011054,"price.fuel.mod","label.premium","status.quo",6.60304838164396,5.66122882462061,1.186270087,67.9977180144128
"Medium",0.0615220095862557,"pricelabel.premium_fuelstatus.quo",1992,14.0957432368974,"price.fuel.mod","label.premium","status.quo",22.2825090419081,5.27007850286719,1.136504152,74.2856734147087
"Medium",0.0615220095862557,"pricelabel.premium_fuelstatus.quo",1992.5,9.70977124251765,"price.fuel.mod","label.premium","status.quo",8.04572442883319,5.34944559516089,1.119827889,51.9418930033059
"Medium",0.0615220095862557,"pricelabel.premium_fuelstatus.quo",1993,9.87115731969945,"price.fuel.mod","label.premium","status.quo",16.9236119526854,4.69304570072945,0.970890649,46.3257924204396
"Medium",0.0615220095862557,"pricelabel.premium_fuelstatus.quo",1993.5,9.71182227076254,"price.fuel.mod","label.premium","status.quo",6.56173810175156,5.6129027756598,0.925675909,54.5115141802777
"Medium",0.0615220095862557,"pricelabel.premium_fuelstatus.quo",1994,28.6600193671097,"price.fuel.mod","label.premium","status.quo",22.2137154211208,7.16914108424744,0.900017334,205.467722320073
"Medium",0.0615220095862557,"pricelabel.premium_fuelstatus.quo",1994.5,11.7542725558221,"price.fuel.mod","label.premium","status.quo",6.25221156996301,7.27604909512476,0.879442785,85.5246641936395
"Medium",0.0615220095862557,"pricelabel.premium_fuelstatus.quo",1995,38.8205992327867,"price.fuel.mod","label.premium","status.quo",20.030923425577,5.32227477000002,0.867027844,206.613895852943
"Medium",0.0615220095862557,"pricelabel.premium_fuelstatus.quo",1995.5,15.2042508189004,"price.fuel.mod","label.premium","status.quo",6.04923251875156,5.09212478044929,0.92666276,77.421942363089
"Medium",0.0615220095862557,"pricelabel.premium_fuelstatus.quo",1996,9.5557309036492,"price.fuel.mod","label.premium","status.quo",20.8366043824406,4.72257319055959,0.990501339,45.1276385817755
"Medium",0.0615220095862557,"pricelabel.premium_fuelstatus.quo",1996.5,8.49640854128699,"price.fuel.mod","label.premium","status.quo",6.16548682253209,5.66253041071969,1.235234785,48.1111717469361
"Medium",0.0615220095862557,"pricelabel.premium_fuelstatus.quo",1997,9.60595422034296,"price.fuel.mod","label.premium","status.quo",16.3328456637844,6.69271878623742,0.933448325,64.289950270226
"Medium",0.0615220095862557,"pricelabel.premium_fuelstatus.quo",1997.5,12.0048869760248,"price.fuel.mod","label.premium","status.quo",7.94680082880489,6.70282972128026,0.938670805,80.4667132235094
"Medium",0.0615220095862557,"pricelabel.premium_fuelstatus.quo",1998,24.0802463555333,"price.fuel.mod","label.premium","status.quo",24.0115004673135,4.55282361783213,0.640660448,109.633114330688
"Medium",0.0615220095862557,"pricelabel.premium_fuelstatus.quo",1998.5,9.85708071931299,"price.fuel.mod","label.premium","status.quo",7.21680260156809,4.56254309845653,0.622172867,44.9733556068304
"Medium",0.0615220095862557,"pricelabel.premium_fuelstatus.quo",1999,30.8501905994638,"price.fuel.mod","label.premium","status.quo",20.1063773758566,4.84198465538306,0.804286601,149.376149498247
"Medium",0.0615220095862557,"pricelabel.premium_fuelstatus.quo",1999.5,9.93835210096371,"price.fuel.mod","label.premium","status.quo",6.42932894524407,6.01017980396059,1.050467788,59.7312830818614
"Medium",0.0615220095862557,"pricelabel.premium_fuelstatus.quo",2000,36.7988879989563,"price.fuel.mod","label.premium","status.quo",28.1806030510016,6.33227130160756,1.327541825,233.020542406862
"Medium",0.0615220095862557,"pricelabel.premium_fuelstatus.quo",2000.5,10.887787008839,"price.fuel.mod","label.premium","status.quo",8.71077659307286,5.90087585057623,1.612986692,64.2474794266753
"Medium",0.0615220095862557,"pricelabel.premium_fuelstatus.quo",2001,27.9149415972564,"price.fuel.mod","label.premium","status.quo",28.3160763222633,4.47355045862035,1.194280761,124.878899784767
"Medium",0.0615220095862557,"pricelabel.premium_fuelstatus.quo",2001.5,10.6642236584208,"price.fuel.mod","label.premium","status.quo",5.47603106489692,4.42953362104376,0.975859995,47.2375372373054
"Medium",0.0615220095862557,"pricelabel.premium_fuelstatus.quo",2002,23.6540968034033,"price.fuel.mod","label.premium","status.quo",20.8191160581067,3.66198228125976,1.070930495,86.6208833732659
"Medium",0.0615220095862557,"pricelabel.premium_fuelstatus.quo",2002.5,8.101106373518,"price.fuel.mod","label.premium","status.quo",6.9024297187297,4.02193440093658,1.216097682,32.5821184092987
"Medium",0.0615220095862557,"pricelabel.premium_fuelstatus.quo",2003,21.5393969588878,"price.fuel.mod","label.premium","status.quo",22.7726223065002,3.41458224662662,1.210301841,73.5480424588619
"Medium",0.0615220095862557,"pricelabel.premium_fuelstatus.quo",2003.5,5.86536360422995,"price.fuel.mod","label.premium","status.quo",6.95872350472763,3.1173102683852,1.269159913,18.2841581912789
"Medium",0.0615220095862557,"pricelabel.premium_fuelstatus.quo",2004,19.4658557470449,"price.fuel.mod","label.premium","status.quo",16.488138917693,2.96352396392705,1.620877333,57.6875299847147
"Medium",0.0615220095862557,"pricelabel.premium_fuelstatus.quo",2004.5,4.68915262934443,"price.fuel.mod","label.premium","status.quo",5.41492897646919,3.2568059561738,2.02849139,15.271660212657
"Medium",0.0615220095862557,"pricelabel.premium_fuelstatus.quo",2005,10.4947094333218,"price.fuel.mod","label.premium","status.quo",12.5141930894517,3.40067473540805,2.382254002,35.6890932253459
"Medium",0.0615220095862557,"pricelabel.premium_fuelstatus.quo",2005.5,4.42211949815867,"price.fuel.mod","label.premium","status.quo",5.3781189264929,3.32928335785263,2.636138142,14.7224888516553
"Medium",0.0615220095862557,"pricelabel.premium_fuelstatus.quo",2006,20.0935323545862,"price.fuel.mod","label.premium","status.quo",21.8386311572776,2.58047613508342,2.787784045,51.8508807105362
"Medium",0.0615220095862557,"pricelabel.premium_fuelstatus.quo",2006.5,3.84488231664203,"price.fuel.mod","label.premium","status.quo",8.63501978553956,2.57368762405512,2.365521844,9.89552603428996
"Medium",0.0615220095862557,"pricelabel.premium_fuelstatus.quo",2007,10.0358585021311,"price.fuel.mod","label.premium","status.quo",17.8553156773805,2.78674750448948,2.755746336,27.9674036362235
"Medium",0.0615220095862557,"pricelabel.premium_fuelstatus.quo",2007.5,3.32208417331655,"price.fuel.mod","label.premium","status.quo",5.52115890238281,3.19323641553863,3.320424497,10.608200157719
"Medium",0.0615220095862557,"pricelabel.premium_fuelstatus.quo",2008,8.56097506680424,"price.fuel.mod","label.premium","status.quo",11.3577946496599,3.91862878927398,4.889983343,33.5472833610358
"Medium",0.0615220095862557,"pricelabel.premium_fuelstatus.quo",2008.5,7.26499089533838,"price.fuel.mod","label.premium","status.quo",5.08086533882322,3.33130130874346,2.844336426,24.2018736776501
"Medium",0.0615220095862557,"pricelabel.premium_fuelstatus.quo",2009,13.2798274090951,"price.fuel.mod","label.premium","status.quo",17.9668851781964,2.25868223125,2.278682818,29.9949102029897
"Medium",0.0615220095862557,"pricelabel.premium_fuelstatus.quo",2009.5,4.55477593311164,"price.fuel.mod","label.premium","status.quo",7.57574099599588,2.39828041246072,2.572136375,10.9236299035291
"Medium",0.0615220095862557,"pricelabel.premium_fuelstatus.quo",2010,24.0466719274362,"price.fuel.mod","label.premium","status.quo",8.04780714544663,3.03808440430528,2.70288658,73.0558189581895
"Medium",0.0615220095862557,"pricelabel.premium_fuelstatus.quo",2010.5,6.40850913456549,"price.fuel.mod","label.premium","status.quo",8.57478318074798,3.07854866749727,3.033457857,19.7289072568607
"Medium",0.0615220095862557,"pricelabel.premium_fuelstatus.quo",2011,19.0967439396111,"price.fuel.mod","label.premium","status.quo",17.8287157295084,3.21106661498974,3.91117392,61.320916919493
"Medium",0.0615220095862557,"pricelabel.premium_fuelstatus.quo",2011.5,4.28057255131751,"price.fuel.mod","label.premium","status.quo",8.37455860329747,3.77640735527577,3.857637569,16.165185667587
"Medium",0.0615220095862557,"pricelabel.premium_fuelstatus.quo",2012,16.0504173037322,"price.fuel.mod","label.premium","status.quo",18.6467153647801,3.43378376176959,3.670647018,55.1136623071814
"Medium",0.0615220095862557,"pricelabel.premium_fuelstatus.quo",2012.5,6.10349292244328,"price.fuel.mod","label.premium","status.quo",8.81451598006909,3.3867862695019,3.926350999,20.6712260257329
"Medium",0.0615220095862557,"pricelabel.premium_fuelstatus.quo",2013,9.5961366699342,"price.fuel.mod","label.premium","status.quo",14.5150058419753,4.06054672077294,3.59356354,38.9655612871903
"Medium",0.0615220095862557,"pricelabel.premium_fuelstatus.quo",2013.5,7.44572346698803,"price.fuel.mod","label.premium","status.quo",7.81621022101394,5.35909558500419,3.730174711,39.9023437590976
"Medium",0.0615220095862557,"pricelabel.premium_fuelstatus.quo",2014,8.52392036543948,"price.fuel.mod","label.premium","status.quo",14.588974377991,5.29777481788601,3.505636196,45.157810661691
"Medium",0.0615220095862557,"pricelabel.premium_fuelstatus.quo",2014.5,11.1188338992483,"price.fuel.mod","label.premium","status.quo",9.23671593064456,4.41155164281167,2.841017708,49.0513099543788
"Medium",0.0615220095862557,"pricelabel.premium_fuelstatus.quo",2015,19.6602389208487,"price.fuel.mod","label.premium","status.quo",13.2147941220035,2.81150774930967,2.014201659,55.2749140792457
"Medium",0.0615220095862557,"pricelabel.premium_fuelstatus.quo",2015.5,11.2642742393268,"price.fuel.mod","label.premium","status.quo",7.50525393689402,2.86759769693102,1.59375734,32.301406866293
"Medium",0.0615220095862557,"pricelabel.premium_fuelstatus.quo",2016,17.2326486705567,"price.fuel.mod","label.premium","status.quo",10.1808130369481,3.00596842461488,1.64619339,51.8007977761749
"Medium",0.0615220095862557,"pricelabel.premium_fuelstatus.quo",2016.5,9.3515200638894,"price.fuel.mod","label.premium","status.quo",5.39307169815739,4.18887393214666,1.755500592,39.1723386215728
"Medium",0.0615220095862557,"pricelabel.premium_fuelstatus.quo",2017,22.2159721420294,"price.fuel.mod","label.premium","status.quo",12.1331828553547,3.47942031582626,1.721349829,77.2987048068072
"Medium",0.0615220095862557,"pricelabel.premium_fuelstatus.quo",2017.5,12.0405975560374,"price.fuel.mod","label.premium","status.quo",7.54050854388687,3.79112272220055,2.115492451,45.6473829835658
"Medium",0.0615220095862557,"pricelabel.premium_fuelstatus.quo",2018,16.5541786770455,"price.fuel.mod","label.premium","status.quo",13.7781541536191,3.25380794124098,2.502609693,53.8641180400927
"Medium",0.0615220095862557,"pricelabel.premium_fuelstatus.quo",2018.5,7.29313982312769,"price.fuel.mod","label.premium","status.quo",8.66981088922993,3.45385243293675,2.434931942,25.1894287218574
"Medium",0.0615220095862557,"pricelabel.premium_fuelstatus.quo",2019,10.8588347380403,"price.fuel.mod","label.premium","status.quo",7.94919114053227,3.29851886703811,2.166705119,35.8180712574747
"Medium",0.0615220095862557,"pricelabel.premium_fuelstatus.quo",2019.5,7.04455879740266,"price.fuel.mod","label.premium","status.quo",5.45331074318056,3.39313131687167,2.217115677,23.9031130690108
"Medium",0.0615220095862557,"pricelabel.premium_fuelstatus.quo",2020,31.3809430452237,"price.fuel.mod","label.premium","status.quo",11.8094531922773,2.81936323656955,1.223776883,88.4742771505865
"Medium",0.0615220095862557,"pricelabel.premium_fuelstatus.quo",2020.5,15.7565224117422,"price.fuel.mod","label.premium","status.quo",5.0535056945109,2.97562041568792,1.326079845,46.8854297686243
"Medium",0.0615220095862557,"pricelabel.premium_fuelstatus.quo",2021,44.3839987179348,"price.fuel.mod","label.premium","status.quo",12.1371153888044,3.68191490636116,2.064034533,163.418106483479
"Medium",0.0615220095862557,"pricelabel.premium_fuelstatus.quo",2021.5,13.5234945256423,"price.fuel.mod","label.premium","status.quo",8.24615492050734,3.50734091870751,2.34283939,47.4315057137023
"Medium",0.0615220095862557,"pricelabel.premium_fuelstatus.quo",2022,6.10830031022244,"price.fuel.mod","label.premium","status.quo",7.9248694210156,2.4198801778206,3.992053255,14.7813548408827
"Medium",0.0615220095862557,"pricelabel.premium_fuelstatus.quo",2022.5,0.0883295852047201,"price.fuel.mod","label.premium","status.quo",5.88528355085481,1.95246160438392,3.5445,0.172460123643374
"Medium",0.0615220095862557,"pricelabel.premium_fuelstatus.quo",2023,25.7534124363546,"price.fuel.mod","label.premium","status.quo",NA,4.33914531488266,2.41554731766667,111.747798915449
"Medium",0.0615220095862557,"pricelabel.premium_fuelstatus.quo",2023.5,6.91153026494126,"price.fuel.mod","label.premium","status.quo",NA,4.33914531488266,2.41554731766667,29.9901341677896
"Medium",0.0615220095862557,"pricelabel.premium_fuelstatus.quo",2024,17.962162918741,"price.fuel.mod","label.premium","status.quo",NA,4.33914531488266,2.41554731766667,77.9404350740142
"Medium",0.0615220095862557,"pricelabel.premium_fuelstatus.quo",2024.5,10.2049195871555,"price.fuel.mod","label.premium","status.quo",NA,4.33914531488266,2.41554731766667,44.2806290153603
"Medium",0.0615220095862557,"pricelabel.premium_fuelstatus.quo",2025,33.413348655791,"price.fuel.mod","label.premium","status.quo",NA,4.33914531488266,2.41554731766667,144.985375274316
"Medium",0.0615220095862557,"pricelabel.premium_fuelstatus.quo",2025.5,12.8415292864173,"price.fuel.mod","label.premium","status.quo",NA,4.33914531488266,2.41554731766667,55.7212616390862
"Medium",0.0615220095862557,"pricelabel.premium_fuelstatus.quo",2026,30.9637631274056,"price.fuel.mod","label.premium","status.quo",NA,4.33914531488266,2.41554731766667,134.356267705419
"Medium",0.0615220095862557,"pricelabel.premium_fuelstatus.quo",2026.5,10.0369490587819,"price.fuel.mod","label.premium","status.quo",NA,4.33914531488266,2.41554731766667,43.5517804841294
"Medium",0.0615220095862557,"pricelabel.premium_fuelstatus.quo",2027,30.9674920329607,"price.fuel.mod","label.premium","status.quo",NA,4.33914531488266,2.41554731766667,134.372447968488
"Small",0.0356743404742661,"pricelabel.premium_fuelstatus.quo",1987,20.8135037500085,"price.fuel.mod","label.premium","status.quo",33.1699600876773,3.46223983102226,1.193864043,72.0613417064108
"Small",0.0356743404742661,"pricelabel.premium_fuelstatus.quo",1987.5,2.54120121315483,"price.fuel.mod","label.premium","status.quo",1.55534427195328,4.03600829559881,1.218517776,10.2563091770787
"Small",0.0356743404742661,"pricelabel.premium_fuelstatus.quo",1988,11.6315651134648,"price.fuel.mod","label.premium","status.quo",23.8431624881257,2.83796100605314,0.992170369,33.0099282313811
"Small",0.0356743404742661,"pricelabel.premium_fuelstatus.quo",1988.5,1.80390188171304,"price.fuel.mod","label.premium","status.quo",0.720080044745491,3.55275304925539,0.95042966,6.40881791081355
"Small",0.0356743404742661,"pricelabel.premium_fuelstatus.quo",1989,18.2940891156421,"price.fuel.mod","label.premium","status.quo",28.7755001766216,2.51462103845419,1.040677249,46.0027013695495
"Small",0.0356743404742661,"pricelabel.premium_fuelstatus.quo",1989.5,2.2731327683833,"price.fuel.mod","label.premium","status.quo",1.15542976955331,3.07473626443988,1.319286796,6.98928375683476
"Small",0.0356743404742661,"pricelabel.premium_fuelstatus.quo",1990,22.0223573639129,"price.fuel.mod","label.premium","status.quo",40.4141643858711,2.31713756835269,1.165362175,51.028831591611
"Small",0.0356743404742661,"pricelabel.premium_fuelstatus.quo",1990.5,3.10412594096034,"price.fuel.mod","label.premium","status.quo",0.71930936977849,3.31075264722307,1.749252381,10.2769931763482
"Small",0.0356743404742661,"pricelabel.premium_fuelstatus.quo",1991,31.2604263439201,"price.fuel.mod","label.premium","status.quo",29.6999205320081,2.75220541657956,1.109832663,86.0351147083233
"Small",0.0356743404742661,"pricelabel.premium_fuelstatus.quo",1991.5,4.50753668962346,"price.fuel.mod","label.premium","status.quo",1.45164641335001,3.33127362657706,1.186270087,15.0158380949711
"Small",0.0356743404742661,"pricelabel.premium_fuelstatus.quo",1992,9.58727414418958,"price.fuel.mod","label.premium","status.quo",22.1974889327821,3.34190966430881,1.136504152,32.0398041168451
"Small",0.0356743404742661,"pricelabel.premium_fuelstatus.quo",1992.5,2.66299835043843,"price.fuel.mod","label.premium","status.quo",1.90915308007694,3.40282759475462,1.119827889,9.06172427165792
"Small",0.0356743404742661,"pricelabel.premium_fuelstatus.quo",1993,10.7186072922499,"price.fuel.mod","label.premium","status.quo",31.251177401142,2.55240244206907,0.970890649,27.358199428318
"Small",0.0356743404742661,"pricelabel.premium_fuelstatus.quo",1993.5,5.70294100202214,"price.fuel.mod","label.premium","status.quo",0.649131295937703,2.80837868563889,0.925675909,16.0160179555351
"Small",0.0356743404742661,"pricelabel.premium_fuelstatus.quo",1994,24.7190267735338,"price.fuel.mod","label.premium","status.quo",21.9947786917798,3.00582662053682,0.900017334,74.3011087096501
"Small",0.0356743404742661,"pricelabel.premium_fuelstatus.quo",1994.5,3.63340718201755,"price.fuel.mod","label.premium","status.quo",1.36367695496224,3.87707147498693,0.879442785,14.0869793424129
"Small",0.0356743404742661,"pricelabel.premium_fuelstatus.quo",1995,28.7536075084638,"price.fuel.mod","label.premium","status.quo",34.102267260659,2.974202323365,0.867027844,85.5190462567984
"Small",0.0356743404742661,"pricelabel.premium_fuelstatus.quo",1995.5,4.62208016035476,"price.fuel.mod","label.premium","status.quo",0.735616089227739,3.19859578961608,0.92666276,14.7841661401787
"Small",0.0356743404742661,"pricelabel.premium_fuelstatus.quo",1996,17.0389034621952,"price.fuel.mod","label.premium","status.quo",33.1773985935543,2.50019980592919,0.990501339,42.6006631294266
"Small",0.0356743404742661,"pricelabel.premium_fuelstatus.quo",1996.5,3.15382116732046,"price.fuel.mod","label.premium","status.quo",0.716812406096025,3.16326652401382,1.235234785,9.97637692131101
"Small",0.0356743404742661,"pricelabel.premium_fuelstatus.quo",1997,16.6201184022468,"price.fuel.mod","label.premium","status.quo",29.4775886362047,3.20074806344115,0.933448325,53.1968117901542
"Small",0.0356743404742661,"pricelabel.premium_fuelstatus.quo",1997.5,4.70685088460209,"price.fuel.mod","label.premium","status.quo",1.69100390344393,3.17160491541806,0.938670805,14.9282714017438
"Small",0.0356743404742661,"pricelabel.premium_fuelstatus.quo",1998,39.8178823563558,"price.fuel.mod","label.premium","status.quo",34.4104421044754,2.32616054446169,0.640660448,92.622786901372
"Small",0.0356743404742661,"pricelabel.premium_fuelstatus.quo",1998.5,4.02765375990267,"price.fuel.mod","label.premium","status.quo",2.05210174026596,2.56029739710157,0.622172867,10.3119914379052
"Small",0.0356743404742661,"pricelabel.premium_fuelstatus.quo",1999,32.6134710423104,"price.fuel.mod","label.premium","status.quo",38.4741550182192,2.39087042848093,0.804286601,77.9745834851791
"Small",0.0356743404742661,"pricelabel.premium_fuelstatus.quo",1999.5,7.34105698362153,"price.fuel.mod","label.premium","status.quo",2.23520985136123,3.15007512047249,1.050467788,23.124880962077
"Small",0.0356743404742661,"pricelabel.premium_fuelstatus.quo",2000,28.5136807941917,"price.fuel.mod","label.premium","status.quo",37.0846168064626,3.42056965332977,1.327541825,97.5330312293439
"Small",0.0356743404742661,"pricelabel.premium_fuelstatus.quo",2000.5,3.73610614040668,"price.fuel.mod","label.premium","status.quo",1.12931721350037,3.50211131063933,1.612986692,13.0842595720673
"Small",0.0356743404742661,"pricelabel.premium_fuelstatus.quo",2001,12.7037455022581,"price.fuel.mod","label.premium","status.quo",38.9592104154854,3.17152612550219,1.194280761,40.2902607521424
"Small",0.0356743404742661,"pricelabel.premium_fuelstatus.quo",2001.5,4.55397157179257,"price.fuel.mod","label.premium","status.quo",0.95305989767346,2.72647203944922,0.975859995,12.416276158939
"Small",0.0356743404742661,"pricelabel.premium_fuelstatus.quo",2002,22.4343400748566,"price.fuel.mod","label.premium","status.quo",32.8442587186268,2.43724646261169,1.070930495,54.678015988472
"Small",0.0356743404742661,"pricelabel.premium_fuelstatus.quo",2002.5,5.48568230839342,"price.fuel.mod","label.premium","status.quo",1.87019646901045,2.48644434759047,1.216097682,13.6398437683818
"Small",0.0356743404742661,"pricelabel.premium_fuelstatus.quo",2003,48.5623415081451,"price.fuel.mod","label.premium","status.quo",39.9101605584912,1.87960607049409,1.210301841,91.2780718961168
"Small",0.0356743404742661,"pricelabel.premium_fuelstatus.quo",2003.5,2.60262514573763,"price.fuel.mod","label.premium","status.quo",1.08131262915648,1.64775643949941,1.269159913,4.28849234349227
"Small",0.0356743404742661,"pricelabel.premium_fuelstatus.quo",2004,16.0096258265811,"price.fuel.mod","label.premium","status.quo",37.7506649665029,1.49426390224892,1.620877333,23.9226059611721
"Small",0.0356743404742661,"pricelabel.premium_fuelstatus.quo",2004.5,2.63591123083775,"price.fuel.mod","label.premium","status.quo",0.542971426348707,1.95329414520825,2.02849139,5.14870997448404
"Small",0.0356743404742661,"pricelabel.premium_fuelstatus.quo",2005,8.38963354477427,"price.fuel.mod","label.premium","status.quo",25.5567941818433,2.276876512803,2.382254002,19.1021595691207
"Small",0.0356743404742661,"pricelabel.premium_fuelstatus.quo",2005.5,3.98797224216047,"price.fuel.mod","label.premium","status.quo",1.92148772697992,2.32541849460168,2.636138142,9.27370440787809
"Small",0.0356743404742661,"pricelabel.premium_fuelstatus.quo",2006,20.7297319353103,"price.fuel.mod","label.premium","status.quo",29.3820294770415,1.64328250817206,2.787784045,34.0648058883913
"Small",0.0356743404742661,"pricelabel.premium_fuelstatus.quo",2006.5,4.59297066432427,"price.fuel.mod","label.premium","status.quo",0.304521701423559,1.71856753817881,2.365521844,7.89333028751523
"Small",0.0356743404742661,"pricelabel.premium_fuelstatus.quo",2007,12.5553433506235,"price.fuel.mod","label.premium","status.quo",27.6217543664749,1.89961137600456,2.755746336,23.8502730584876
"Small",0.0356743404742661,"pricelabel.premium_fuelstatus.quo",2007.5,1.33270487173307,"price.fuel.mod","label.premium","status.quo",0.465516613623862,1.90748378576943,3.320424497,2.54211293404676
"Small",0.0356743404742661,"pricelabel.premium_fuelstatus.quo",2008,5.28524230597744,"price.fuel.mod","label.premium","status.quo",17.7659276919536,1.84321551806618,4.889983343,9.7418406351175
"Small",0.0356743404742661,"pricelabel.premium_fuelstatus.quo",2008.5,4.70922035907056,"price.fuel.mod","label.premium","status.quo",0.817461976283013,1.81599198296602,2.844336426,8.55190641809248
"Small",0.0356743404742661,"pricelabel.premium_fuelstatus.quo",2009,17.979744110761,"price.fuel.mod","label.premium","status.quo",18.8947247584991,1.47843200217586,2.278682818,26.581829084282
"Small",0.0356743404742661,"pricelabel.premium_fuelstatus.quo",2009.5,2.28293010983765,"price.fuel.mod","label.premium","status.quo",0.414448546792974,1.74489870397938,2.572136375,3.98348178993123
"Small",0.0356743404742661,"pricelabel.premium_fuelstatus.quo",2010,10.2851345619027,"price.fuel.mod","label.premium","status.quo",10.3898713043782,2.40726345236337,2.70288658,24.7590285335078
"Small",0.0356743404742661,"pricelabel.premium_fuelstatus.quo",2010.5,0.753716117605967,"price.fuel.mod","label.premium","status.quo",1.58086469169156,1.8721768967639,3.033457857,1.41108990210048
"Small",0.0356743404742661,"pricelabel.premium_fuelstatus.quo",2011,8.18772595541504,"price.fuel.mod","label.premium","status.quo",24.250876531461,1.46960221213565,3.91117392,12.0327001764384
"Small",0.0356743404742661,"pricelabel.premium_fuelstatus.quo",2011.5,0.715900385777472,"price.fuel.mod","label.premium","status.quo",1.02000463321805,2.11229011307718,3.857637569,1.5121893068259
"Small",0.0356743404742661,"pricelabel.premium_fuelstatus.quo",2012,8.78661668211595,"price.fuel.mod","label.premium","status.quo",14.9581501376982,2.01235528403434,3.670647018,17.6817945090403
"Small",0.0356743404742661,"pricelabel.premium_fuelstatus.quo",2012.5,0.634382261630834,"price.fuel.mod","label.premium","status.quo",1.06246201400765,1.95729714018241,3.926350999,1.24167458647248
"Small",0.0356743404742661,"pricelabel.premium_fuelstatus.quo",2013,8.52158969134006,"price.fuel.mod","label.premium","status.quo",23.121954254089,2.08313110442743,3.59356354,17.7515885451986
"Small",0.0356743404742661,"pricelabel.premium_fuelstatus.quo",2013.5,0.80354423404111,"price.fuel.mod","label.premium","status.quo",1.11985873291099,3.47567759827312,3.730174711,2.79286069347822
"Small",0.0356743404742661,"pricelabel.premium_fuelstatus.quo",2014,5.08384536835863,"price.fuel.mod","label.premium","status.quo",25.8305466848948,3.59725315728399,3.505636196,18.2878788024717
"Small",0.0356743404742661,"pricelabel.premium_fuelstatus.quo",2014.5,2.38240519341649,"price.fuel.mod","label.premium","status.quo",1.43466762510486,2.30597696796899,2.841017708,5.49377150438813
"Small",0.0356743404742661,"pricelabel.premium_fuelstatus.quo",2015,23.7255383646818,"price.fuel.mod","label.premium","status.quo",17.7198833877751,1.60367976611785,2.014201659,38.0481658156931
"Small",0.0356743404742661,"pricelabel.premium_fuelstatus.quo",2015.5,4.51976358059737,"price.fuel.mod","label.premium","status.quo",0.893230523631532,1.74925517610095,1.59375734,7.90621983811253
"Small",0.0356743404742661,"pricelabel.premium_fuelstatus.quo",2016,14.2959342187336,"price.fuel.mod","label.premium","status.quo",13.7848418529771,1.36349750789189,1.64619339,19.4924706802296
"Small",0.0356743404742661,"pricelabel.premium_fuelstatus.quo",2016.5,2.35587317854296,"price.fuel.mod","label.premium","status.quo",2.07950199163093,2.21804534012833,1.755500592,5.22543352560052
"Small",0.0356743404742661,"pricelabel.premium_fuelstatus.quo",2017,16.5151099488061,"price.fuel.mod","label.premium","status.quo",16.1131159758896,1.54110611853533,1.721349829,25.4515369903887
"Small",0.0356743404742661,"pricelabel.premium_fuelstatus.quo",2017.5,4.17443452801571,"price.fuel.mod","label.premium","status.quo",2.88503781328209,1.90789517166,2.115492451,7.96438348041196
"Small",0.0356743404742661,"pricelabel.premium_fuelstatus.quo",2018,8.59259116314626,"price.fuel.mod","label.premium","status.quo",24.659261960846,1.44488280433977,2.502609693,12.4152872163519
"Small",0.0356743404742661,"pricelabel.premium_fuelstatus.quo",2018.5,3.21258314899257,"price.fuel.mod","label.premium","status.quo",0.766913261974894,1.54754568558391,2.434931942,4.97161919180302
"Small",0.0356743404742661,"pricelabel.premium_fuelstatus.quo",2019,20.7978156247289,"price.fuel.mod","label.premium","status.quo",12.1964944971997,1.60329405331422,2.166705119,33.3450141130535
"Small",0.0356743404742661,"pricelabel.premium_fuelstatus.quo",2019.5,3.24676204636475,"price.fuel.mod","label.premium","status.quo",0.49134503743693,1.84553430067428,2.217115677,5.99201072269357
"Small",0.0356743404742661,"pricelabel.premium_fuelstatus.quo",2020,46.1233607871519,"price.fuel.mod","label.premium","status.quo",8.45437092584065,1.74321307533248,1.223776883,80.4028456024407
"Small",0.0356743404742661,"pricelabel.premium_fuelstatus.quo",2020.5,6.18288786912017,"price.fuel.mod","label.premium","status.quo",0.365339397994311,1.99966936626942,1.326079845,12.3637314669585
"Small",0.0356743404742661,"pricelabel.premium_fuelstatus.quo",2021,39.7868224520135,"price.fuel.mod","label.premium","status.quo",10.9727795586288,2.19867920946227,2.064034533,87.4784593358086
"Small",0.0356743404742661,"pricelabel.premium_fuelstatus.quo",2021.5,3.02972604192832,"price.fuel.mod","label.premium","status.quo",0.63159289139346,1.95371255603988,2.34283939,5.91921380947637
"Small",0.0356743404742661,"pricelabel.premium_fuelstatus.quo",2022,7.73812243170845,"price.fuel.mod","label.premium","status.quo",7.02551689200128,1.20079679537534,3.992053255,9.29191261821754
"Small",0.0356743404742661,"pricelabel.premium_fuelstatus.quo",2022.5,2.14698323252443,"price.fuel.mod","label.premium","status.quo",0.425794667042911,1.33949152023172,3.5445,2.87586583404616
"Small",0.0356743404742661,"pricelabel.premium_fuelstatus.quo",2023,8.31492071257301,"price.fuel.mod","label.premium","status.quo",NA,2.60889063067778,2.41554731766667,21.6927187418603
"Small",0.0356743404742661,"pricelabel.premium_fuelstatus.quo",2023.5,4.03977829949402,"price.fuel.mod","label.premium","status.quo",NA,2.60889063067778,2.41554731766667,10.5393397555653
"Small",0.0356743404742661,"pricelabel.premium_fuelstatus.quo",2024,14.8271818941099,"price.fuel.mod","label.premium","status.quo",NA,2.60889063067778,2.41554731766667,38.6824959228985
"Small",0.0356743404742661,"pricelabel.premium_fuelstatus.quo",2024.5,2.54573228224492,"price.fuel.mod","label.premium","status.quo",NA,2.60889063067778,2.41554731766667,6.64153709936272
"Small",0.0356743404742661,"pricelabel.premium_fuelstatus.quo",2025,15.0834527627488,"price.fuel.mod","label.premium","status.quo",NA,2.60889063067778,2.41554731766667,39.3510785910063
"Small",0.0356743404742661,"pricelabel.premium_fuelstatus.quo",2025.5,2.01660997506895,"price.fuel.mod","label.premium","status.quo",NA,2.60889063067778,2.41554731766667,5.26111486968874
"Small",0.0356743404742661,"pricelabel.premium_fuelstatus.quo",2026,16.4397376184734,"price.fuel.mod","label.premium","status.quo",NA,2.60889063067778,2.41554731766667,42.8894774436364
"Small",0.0356743404742661,"pricelabel.premium_fuelstatus.quo",2026.5,2.45926870237292,"price.fuel.mod","label.premium","status.quo",NA,2.60889063067778,2.41554731766667,6.41596307593981
"Small",0.0356743404742661,"pricelabel.premium_fuelstatus.quo",2027,16.5853741963621,"price.fuel.mod","label.premium","status.quo",NA,2.60889063067778,2.41554731766667,43.269427347174
"Large",0.112938431790485,"pricestatus.quo_fuelmin",1987,5.37542376888951,"price.fuel.mod","status.quo","min",6.71737977735683,12.5899917441796,1.193864043,67.6765408717856
"Large",0.112938431790485,"pricestatus.quo_fuelmin",1987.5,6.26413715932755,"price.fuel.mod","status.quo","min",10.622314411265,12.0793895597091,1.218517776,75.6669530029669
"Large",0.112938431790485,"pricestatus.quo_fuelmin",1988,2.65787682022248,"price.fuel.mod","status.quo","min",8.57325287037129,12.6057295038419,0.992170369,33.5044762502561
"Large",0.112938431790485,"pricestatus.quo_fuelmin",1988.5,8.15074675368682,"price.fuel.mod","status.quo","min",10.8087014478752,12.5584041151657,0.95042966,102.360371573174
"Large",0.112938431790485,"pricestatus.quo_fuelmin",1989,13.0134055141867,"price.fuel.mod","status.quo","min",8.31618564404666,10.1603157047673,1.040677249,132.220308418297
"Large",0.112938431790485,"pricestatus.quo_fuelmin",1989.5,9.45511619314545,"price.fuel.mod","status.quo","min",13.0119615266943,8.85794163390862,1.319286796,83.7528673807066
"Large",0.112938431790485,"pricestatus.quo_fuelmin",1990,7.17986244777725,"price.fuel.mod","status.quo","min",10.4664894841967,8.57265311491896,1.165362175,61.5504701776273
"Large",0.112938431790485,"pricestatus.quo_fuelmin",1990.5,7.88615086783963,"price.fuel.mod","status.quo","min",12.3173138400001,10.121152066617,1.749252381,79.8169321536887
"Large",0.112938431790485,"pricestatus.quo_fuelmin",1991,17.4064597169755,"price.fuel.mod","status.quo","min",10.6108380057583,9.45743851223052,1.109832663,164.620522488914
"Large",0.112938431790485,"pricestatus.quo_fuelmin",1991.5,10.6322178974377,"price.fuel.mod","status.quo","min",12.4879838019052,8.90923640938927,1.186270087,94.7249428044119
"Large",0.112938431790485,"pricestatus.quo_fuelmin",1992,5.97765522234903,"price.fuel.mod","status.quo","min",4.36900738448302,9.78433680553042,1.136504152,58.4873920028007
"Large",0.112938431790485,"pricestatus.quo_fuelmin",1992.5,9.32278461450246,"price.fuel.mod","status.quo","min",12.1414743179632,9.61389512435446,1.119827889,89.628273550772
"Large",0.112938431790485,"pricestatus.quo_fuelmin",1993,4.27003854406339,"price.fuel.mod","status.quo","min",3.71286139165064,9.68624084782594,0.970890649,41.360621767298
"Large",0.112938431790485,"pricestatus.quo_fuelmin",1993.5,6.28028305462361,"price.fuel.mod","status.quo","min",9.6599860067035,9.72021935763151,0.925675909,61.0457289189576
"Large",0.112938431790485,"pricestatus.quo_fuelmin",1994,7.93146522942181,"price.fuel.mod","status.quo","min",5.51132667262915,10.8613688089981,0.900017334,86.1465690524952
"Large",0.112938431790485,"pricestatus.quo_fuelmin",1994.5,10.5220834343964,"price.fuel.mod","status.quo","min",11.8112138407078,10.7633585365074,0.879442785,113.252956555454
"Large",0.112938431790485,"pricestatus.quo_fuelmin",1995,10.0269293104296,"price.fuel.mod","status.quo","min",6.21391252952628,10.7890232405838,0.867027844,108.180773361917
"Large",0.112938431790485,"pricestatus.quo_fuelmin",1995.5,11.1595797370325,"price.fuel.mod","status.quo","min",11.1939421930543,9.62593281197826,0.92666276,107.421364758589
"Large",0.112938431790485,"pricestatus.quo_fuelmin",1996,4.58253783737548,"price.fuel.mod","status.quo","min",4.69273193485784,10.3436601282369,0.990501339,47.4002139145976
"Large",0.112938431790485,"pricestatus.quo_fuelmin",1996.5,7.09674340765516,"price.fuel.mod","status.quo","min",10.9515132054804,10.4387237810633,1.235234785,74.0809441775942
"Large",0.112938431790485,"pricestatus.quo_fuelmin",1997,4.54370661792861,"price.fuel.mod","status.quo","min",3.43510362636754,11.5771198057125,0.933448325,52.6030358777684
"Large",0.112938431790485,"pricestatus.quo_fuelmin",1997.5,8.73187356309806,"price.fuel.mod","status.quo","min",9.04681397446952,11.3781664584964,0.938670805,99.3527108954737
"Large",0.112938431790485,"pricestatus.quo_fuelmin",1998,5.58296406208453,"price.fuel.mod","status.quo","min",4.24075938686746,10.7769406001589,0.640660448,60.167272069907
"Large",0.112938431790485,"pricestatus.quo_fuelmin",1998.5,9.71903166275535,"price.fuel.mod","status.quo","min",12.0293003674683,9.51226679526253,0.622172867,92.4500221677329
"Large",0.112938431790485,"pricestatus.quo_fuelmin",1999,8.78414542346186,"price.fuel.mod","status.quo","min",6.26837397930924,10.3714508913732,0.804286601,91.1043328821157
"Large",0.112938431790485,"pricestatus.quo_fuelmin",1999.5,9.05061664424378,"price.fuel.mod","status.quo","min",9.94572173827841,10.6330528005955,1.050467788,96.2356846561922
"Large",0.112938431790485,"pricestatus.quo_fuelmin",2000,12.168715429895,"price.fuel.mod","status.quo","min",9.60103636139893,10.7508888167683,1.327541825,130.824506629694
"Large",0.112938431790485,"pricestatus.quo_fuelmin",2000.5,10.3147129121958,"price.fuel.mod","status.quo","min",12.330422287742,9.34581671991077,1.612986692,96.3994163958789
"Large",0.112938431790485,"pricestatus.quo_fuelmin",2001,9.24977991510604,"price.fuel.mod","status.quo","min",7.91172740953807,9.69680841162668,1.194280761,89.6933436864958
"Large",0.112938431790485,"pricestatus.quo_fuelmin",2001.5,7.54250673054405,"price.fuel.mod","status.quo","min",9.53611922083641,8.24439553464669,0.975859995,62.1834088093399
"Large",0.112938431790485,"pricestatus.quo_fuelmin",2002,6.33880904295416,"price.fuel.mod","status.quo","min",5.90490467986567,7.03546425864735,1.070930495,44.5964644640947
"Large",0.112938431790485,"pricestatus.quo_fuelmin",2002.5,6.58208886146631,"price.fuel.mod","status.quo","min",8.21494371689397,7.15032103828286,1.216097682,47.0640484619898
"Large",0.112938431790485,"pricestatus.quo_fuelmin",2003,7.07648969967173,"price.fuel.mod","status.quo","min",5.88659270493106,6.83775934994511,1.210301841,48.3873336087207
"Large",0.112938431790485,"pricestatus.quo_fuelmin",2003.5,8.61205292955769,"price.fuel.mod","status.quo","min",9.7458138599594,6.03783529573531,1.269159913,51.9981571468241
"Large",0.112938431790485,"pricestatus.quo_fuelmin",2004,13.9126331690354,"price.fuel.mod","status.quo","min",6.97115490146669,6.51352108495447,1.620877333,90.6202294937492
"Large",0.112938431790485,"pricestatus.quo_fuelmin",2004.5,9.15361279753341,"price.fuel.mod","status.quo","min",10.0288422319289,6.56657427628878,2.02849139,60.1078783313907
"Large",0.112938431790485,"pricestatus.quo_fuelmin",2005,4.64616903864719,"price.fuel.mod","status.quo","min",5.57953019668072,6.02719887276295,2.382254002,28.0033847924005
"Large",0.112938431790485,"pricestatus.quo_fuelmin",2005.5,7.07130337511595,"price.fuel.mod","status.quo","min",10.0812503959341,5.6234149093112,2.636138142,39.7648728278896
"Large",0.112938431790485,"pricestatus.quo_fuelmin",2006,8.71940942021577,"price.fuel.mod","status.quo","min",9.32814760671619,4.72089382927121,2.787784045,41.1634061267859
"Large",0.112938431790485,"pricestatus.quo_fuelmin",2006.5,6.84934689025661,"price.fuel.mod","status.quo","min",19.3733736458873,4.22533641185959,2.365521844,28.9407948128585
"Large",0.112938431790485,"pricestatus.quo_fuelmin",2007,7.0796881835825,"price.fuel.mod","status.quo","min",8.93251755415469,5.4674366499906,2.755746336,38.7077466454244
"Large",0.112938431790485,"pricestatus.quo_fuelmin",2007.5,8.94784450255713,"price.fuel.mod","status.quo","min",11.9723465627928,5.86706497636183,3.320424497,52.4975850948847
"Large",0.112938431790485,"pricestatus.quo_fuelmin",2008,7.21652559899077,"price.fuel.mod","status.quo","min",6.8632023388661,6.87395329195337,4.889983343,49.6060598976483
"Large",0.112938431790485,"pricestatus.quo_fuelmin",2008.5,10.6410019637121,"price.fuel.mod","status.quo","min",12.9867202704612,4.910949850942,2.844336426,52.2574270075657
"Large",0.112938431790485,"pricestatus.quo_fuelmin",2009,2.28212544244915,"price.fuel.mod","status.quo","min",11.3957385120874,3.4946185695594,2.278682818,7.97515794924676
"Large",0.112938431790485,"pricestatus.quo_fuelmin",2009.5,7.97783950060318,"price.fuel.mod","status.quo","min",20.1822701677183,3.95084796176061,2.572136375,31.5192309302114
"Large",0.112938431790485,"pricestatus.quo_fuelmin",2010,32.9756449667265,"price.fuel.mod","status.quo","min",4.93689076135254,6.8935907213382,2.70288658,227.320600172769
"Large",0.112938431790485,"pricestatus.quo_fuelmin",2010.5,30.8204377813916,"price.fuel.mod","status.quo","min",11.8949437102665,6.08552889172307,3.033457857,187.558664574212
"Large",0.112938431790485,"pricestatus.quo_fuelmin",2011,25.5693977207293,"price.fuel.mod","status.quo","min",7.43116987306931,6.42924813142202,3.91117392,164.392002517585
"Large",0.112938431790485,"pricestatus.quo_fuelmin",2011.5,23.537915099518,"price.fuel.mod","status.quo","min",15.2124204306267,6.12657011782144,3.857637569,144.206687284525
"Large",0.112938431790485,"pricestatus.quo_fuelmin",2012,13.5368738040848,"price.fuel.mod","status.quo","min",8.20944256638802,5.37802611663949,3.670647018,72.8016608560212
"Large",0.112938431790485,"pricestatus.quo_fuelmin",2012.5,12.7470567775555,"price.fuel.mod","status.quo","min",12.7487994935888,5.26996060725231,3.926350999,67.1764870761259
"Large",0.112938431790485,"pricestatus.quo_fuelmin",2013,15.454028675404,"price.fuel.mod","status.quo","min",8.12879485408897,7.29940876517483,3.59356354,112.805272370507
"Large",0.112938431790485,"pricestatus.quo_fuelmin",2013.5,20.5189211531366,"price.fuel.mod","status.quo","min",12.1287990775526,8.36406624719241,3.730174711,171.621615845752
"Large",0.112938431790485,"pricestatus.quo_fuelmin",2014,8.95226849401108,"price.fuel.mod","status.quo","min",4.83811460324899,9.26869378396509,3.505636196,82.9758353428271
"Large",0.112938431790485,"pricestatus.quo_fuelmin",2014.5,25.2231454861815,"price.fuel.mod","status.quo","min",13.2014758885329,7.64784836022419,2.841017708,192.90279184619
"Large",0.112938431790485,"pricestatus.quo_fuelmin",2015,6.05948419889366,"price.fuel.mod","status.quo","min",11.9161098619624,4.35779288507159,2.014201659,26.4059771291425
"Large",0.112938431790485,"pricestatus.quo_fuelmin",2015.5,15.1309714539705,"price.fuel.mod","status.quo","min",12.4991106317133,4.55318414231323,1.59375734,68.8940992820127
"Large",0.112938431790485,"pricestatus.quo_fuelmin",2016,11.9608213583819,"price.fuel.mod","status.quo","min",9.63632679089192,4.88277904371158,1.64619339,58.4020478742851
"Large",0.112938431790485,"pricestatus.quo_fuelmin",2016.5,16.5987943166205,"price.fuel.mod","status.quo","min",9.76216658287913,6.21792739900937,1.755500592,103.210097971835
"Large",0.112938431790485,"pricestatus.quo_fuelmin",2017,8.54951933992999,"price.fuel.mod","status.quo","min",9.02808762228676,4.92061824876707,1.721349829,42.0689208822465
"Large",0.112938431790485,"pricestatus.quo_fuelmin",2017.5,10.9667803741238,"price.fuel.mod","status.quo","min",9.08662344104663,5.10145524158574,2.115492451,55.9465392228937
"Large",0.112938431790485,"pricestatus.quo_fuelmin",2018,6.59240588011919,"price.fuel.mod","status.quo","min",10.2255227834163,4.71837605093946,2.502609693,31.1054500228268
"Large",0.112938431790485,"pricestatus.quo_fuelmin",2018.5,11.486619833874,"price.fuel.mod","status.quo","min",12.0208463089032,5.01855298773329,2.434931942,57.6462102862448
"Large",0.112938431790485,"pricestatus.quo_fuelmin",2019,5.46389989185006,"price.fuel.mod","status.quo","min",6.49742860601407,4.88494408016038,2.166705119,26.6908454312819
"Large",0.112938431790485,"pricestatus.quo_fuelmin",2019.5,9.12293392269843,"price.fuel.mod","status.quo","min",8.12546140575837,5.17750496313892,2.217115677,47.2340356631596
"Large",0.112938431790485,"pricestatus.quo_fuelmin",2020,9.52477947537156,"price.fuel.mod","status.quo","min",6.99253856614546,4.68046753159861,1.223776883,44.5804210801135
"Large",0.112938431790485,"pricestatus.quo_fuelmin",2020.5,18.77433405639,"price.fuel.mod","status.quo","min",8.32614451400999,5.40555837390546,1.326079845,101.485758673017
"Large",0.112938431790485,"pricestatus.quo_fuelmin",2021,17.0195093445105,"price.fuel.mod","status.quo","min",4.15856313937567,6.22144464823613,2.064034533,105.88593532701
"Large",0.112938431790485,"pricestatus.quo_fuelmin",2021.5,15.3668926180311,"price.fuel.mod","status.quo","min",5.87361341229464,6.47320276956418,2.34283939,99.4730118546345
"Large",0.112938431790485,"pricestatus.quo_fuelmin",2022,6.57805714616534,"price.fuel.mod","status.quo","min",4.33617367568456,4.29638469636797,3.992053255,28.2618640546187
"Large",0.112938431790485,"pricestatus.quo_fuelmin",2022.5,0.289190169552395,"price.fuel.mod","status.quo","min",5.27214346715716,3.49424942020108,3.5445,1.01050258228631
"Large",0.112938431790485,"pricestatus.quo_fuelmin",2023,14.7408166810938,"price.fuel.mod","status.quo","min",NA,5.09521790664557,1.5,75.1076731120888
"Large",0.112938431790485,"pricestatus.quo_fuelmin",2023.5,9.56156754259048,"price.fuel.mod","status.quo","min",NA,5.09521790664557,1.5,48.7182701586081
"Large",0.112938431790485,"pricestatus.quo_fuelmin",2024,13.2372774689073,"price.fuel.mod","status.quo","min",NA,5.09521790664557,1.5,67.4468131948122
"Large",0.112938431790485,"pricestatus.quo_fuelmin",2024.5,9.69199742307607,"price.fuel.mod","status.quo","min",NA,5.09521790664557,1.5,49.3828388212199
"Large",0.112938431790485,"pricestatus.quo_fuelmin",2025,14.0814987782329,"price.fuel.mod","status.quo","min",NA,5.09521790664557,1.5,71.7483047272599
"Large",0.112938431790485,"pricestatus.quo_fuelmin",2025.5,10.5215542580635,"price.fuel.mod","status.quo","min",NA,5.09521790664557,1.5,53.6096116614281
"Large",0.112938431790485,"pricestatus.quo_fuelmin",2026,14.0170707153358,"price.fuel.mod","status.quo","min",NA,5.09521790664557,1.5,71.4200297074961
"Large",0.112938431790485,"pricestatus.quo_fuelmin",2026.5,10.6339138754887,"price.fuel.mod","status.quo","min",NA,5.09521790664557,1.5,54.1821083961168
"Large",0.112938431790485,"pricestatus.quo_fuelmin",2027,13.7751578169245,"price.fuel.mod","status.quo","min",NA,5.09521790664557,1.5,70.1874307756626
"Medium",0.0576130726275028,"pricestatus.quo_fuelmin",1987,16.77118699456,"price.fuel.mod","status.quo","min",32.7194132783767,6.08983897957365,1.193864043,102.13382829319
"Medium",0.0576130726275028,"pricestatus.quo_fuelmin",1987.5,6.43334377614751,"price.fuel.mod","status.quo","min",7.64637899895229,6.22272095995808,1.218517776,40.032903158449
"Medium",0.0576130726275028,"pricestatus.quo_fuelmin",1988,10.8379343764981,"price.fuel.mod","status.quo","min",32.816615646671,5.28614926542636,0.992170369,57.2909388430643
"Medium",0.0576130726275028,"pricestatus.quo_fuelmin",1988.5,4.56746626149539,"price.fuel.mod","status.quo","min",5.51691034329667,5.92203308328633,0.95042966,27.0486863073698
"Medium",0.0576130726275028,"pricestatus.quo_fuelmin",1989,48.9599422786893,"price.fuel.mod","status.quo","min",36.5678534777813,5.11980548744016,1.040677249,250.665381143187
"Medium",0.0576130726275028,"pricestatus.quo_fuelmin",1989.5,9.83460324865674,"price.fuel.mod","status.quo","min",9.12915061718908,5.89339168953183,1.319286796,57.9591690554764
"Medium",0.0576130726275028,"pricestatus.quo_fuelmin",1990,31.6653088566793,"price.fuel.mod","status.quo","min",35.6475771015084,4.69183072247511,1.165362175,148.568268930431
"Medium",0.0576130726275028,"pricestatus.quo_fuelmin",1990.5,8.16709149773667,"price.fuel.mod","status.quo","min",8.40505368169431,5.87198459467529,1.749252381,47.9570354580133
"Medium",0.0576130726275028,"pricestatus.quo_fuelmin",1991,42.3969264921548,"price.fuel.mod","status.quo","min",27.3423279699856,5.29812880233018,1.109832663,224.624377378361
"Medium",0.0576130726275028,"pricestatus.quo_fuelmin",1991.5,12.0111234011054,"price.fuel.mod","status.quo","min",6.60304838164396,5.66122882462061,1.186270087,67.9977180144128
"Medium",0.0576130726275028,"pricestatus.quo_fuelmin",1992,14.0957432368974,"price.fuel.mod","status.quo","min",22.2825090419081,5.27007850286719,1.136504152,74.2856734147087
"Medium",0.0576130726275028,"pricestatus.quo_fuelmin",1992.5,9.70977124251765,"price.fuel.mod","status.quo","min",8.04572442883319,5.34944559516089,1.119827889,51.9418930033059
"Medium",0.0576130726275028,"pricestatus.quo_fuelmin",1993,9.87115731969945,"price.fuel.mod","status.quo","min",16.9236119526854,4.69304570072945,0.970890649,46.3257924204396
"Medium",0.0576130726275028,"pricestatus.quo_fuelmin",1993.5,9.71182227076254,"price.fuel.mod","status.quo","min",6.56173810175156,5.6129027756598,0.925675909,54.5115141802777
"Medium",0.0576130726275028,"pricestatus.quo_fuelmin",1994,28.6600193671097,"price.fuel.mod","status.quo","min",22.2137154211208,7.16914108424744,0.900017334,205.467722320073
"Medium",0.0576130726275028,"pricestatus.quo_fuelmin",1994.5,11.7542725558221,"price.fuel.mod","status.quo","min",6.25221156996301,7.27604909512476,0.879442785,85.5246641936395
"Medium",0.0576130726275028,"pricestatus.quo_fuelmin",1995,38.8205992327867,"price.fuel.mod","status.quo","min",20.030923425577,5.32227477000002,0.867027844,206.613895852943
"Medium",0.0576130726275028,"pricestatus.quo_fuelmin",1995.5,15.2042508189004,"price.fuel.mod","status.quo","min",6.04923251875156,5.09212478044929,0.92666276,77.421942363089
"Medium",0.0576130726275028,"pricestatus.quo_fuelmin",1996,9.5557309036492,"price.fuel.mod","status.quo","min",20.8366043824406,4.72257319055959,0.990501339,45.1276385817755
"Medium",0.0576130726275028,"pricestatus.quo_fuelmin",1996.5,8.49640854128699,"price.fuel.mod","status.quo","min",6.16548682253209,5.66253041071969,1.235234785,48.1111717469361
"Medium",0.0576130726275028,"pricestatus.quo_fuelmin",1997,9.60595422034296,"price.fuel.mod","status.quo","min",16.3328456637844,6.69271878623742,0.933448325,64.289950270226
"Medium",0.0576130726275028,"pricestatus.quo_fuelmin",1997.5,12.0048869760248,"price.fuel.mod","status.quo","min",7.94680082880489,6.70282972128026,0.938670805,80.4667132235094
"Medium",0.0576130726275028,"pricestatus.quo_fuelmin",1998,24.0802463555333,"price.fuel.mod","status.quo","min",24.0115004673135,4.55282361783213,0.640660448,109.633114330688
"Medium",0.0576130726275028,"pricestatus.quo_fuelmin",1998.5,9.85708071931299,"price.fuel.mod","status.quo","min",7.21680260156809,4.56254309845653,0.622172867,44.9733556068304
"Medium",0.0576130726275028,"pricestatus.quo_fuelmin",1999,30.8501905994638,"price.fuel.mod","status.quo","min",20.1063773758566,4.84198465538306,0.804286601,149.376149498247
"Medium",0.0576130726275028,"pricestatus.quo_fuelmin",1999.5,9.93835210096371,"price.fuel.mod","status.quo","min",6.42932894524407,6.01017980396059,1.050467788,59.7312830818614
"Medium",0.0576130726275028,"pricestatus.quo_fuelmin",2000,36.7988879989563,"price.fuel.mod","status.quo","min",28.1806030510016,6.33227130160756,1.327541825,233.020542406862
"Medium",0.0576130726275028,"pricestatus.quo_fuelmin",2000.5,10.887787008839,"price.fuel.mod","status.quo","min",8.71077659307286,5.90087585057623,1.612986692,64.2474794266753
"Medium",0.0576130726275028,"pricestatus.quo_fuelmin",2001,27.9149415972564,"price.fuel.mod","status.quo","min",28.3160763222633,4.47355045862035,1.194280761,124.878899784767
"Medium",0.0576130726275028,"pricestatus.quo_fuelmin",2001.5,10.6642236584208,"price.fuel.mod","status.quo","min",5.47603106489692,4.42953362104376,0.975859995,47.2375372373054
"Medium",0.0576130726275028,"pricestatus.quo_fuelmin",2002,23.6540968034033,"price.fuel.mod","status.quo","min",20.8191160581067,3.66198228125976,1.070930495,86.6208833732659
"Medium",0.0576130726275028,"pricestatus.quo_fuelmin",2002.5,8.101106373518,"price.fuel.mod","status.quo","min",6.9024297187297,4.02193440093658,1.216097682,32.5821184092987
"Medium",0.0576130726275028,"pricestatus.quo_fuelmin",2003,21.5393969588878,"price.fuel.mod","status.quo","min",22.7726223065002,3.41458224662662,1.210301841,73.5480424588619
"Medium",0.0576130726275028,"pricestatus.quo_fuelmin",2003.5,5.86536360422995,"price.fuel.mod","status.quo","min",6.95872350472763,3.1173102683852,1.269159913,18.2841581912789
"Medium",0.0576130726275028,"pricestatus.quo_fuelmin",2004,19.4658557470449,"price.fuel.mod","status.quo","min",16.488138917693,2.96352396392705,1.620877333,57.6875299847147
"Medium",0.0576130726275028,"pricestatus.quo_fuelmin",2004.5,4.68915262934443,"price.fuel.mod","status.quo","min",5.41492897646919,3.2568059561738,2.02849139,15.271660212657
"Medium",0.0576130726275028,"pricestatus.quo_fuelmin",2005,10.4947094333218,"price.fuel.mod","status.quo","min",12.5141930894517,3.40067473540805,2.382254002,35.6890932253459
"Medium",0.0576130726275028,"pricestatus.quo_fuelmin",2005.5,4.42211949815867,"price.fuel.mod","status.quo","min",5.3781189264929,3.32928335785263,2.636138142,14.7224888516553
"Medium",0.0576130726275028,"pricestatus.quo_fuelmin",2006,20.0935323545862,"price.fuel.mod","status.quo","min",21.8386311572776,2.58047613508342,2.787784045,51.8508807105362
"Medium",0.0576130726275028,"pricestatus.quo_fuelmin",2006.5,3.84488231664203,"price.fuel.mod","status.quo","min",8.63501978553956,2.57368762405512,2.365521844,9.89552603428996
"Medium",0.0576130726275028,"pricestatus.quo_fuelmin",2007,10.0358585021311,"price.fuel.mod","status.quo","min",17.8553156773805,2.78674750448948,2.755746336,27.9674036362235
"Medium",0.0576130726275028,"pricestatus.quo_fuelmin",2007.5,3.32208417331655,"price.fuel.mod","status.quo","min",5.52115890238281,3.19323641553863,3.320424497,10.608200157719
"Medium",0.0576130726275028,"pricestatus.quo_fuelmin",2008,8.56097506680424,"price.fuel.mod","status.quo","min",11.3577946496599,3.91862878927398,4.889983343,33.5472833610358
"Medium",0.0576130726275028,"pricestatus.quo_fuelmin",2008.5,7.26499089533838,"price.fuel.mod","status.quo","min",5.08086533882322,3.33130130874346,2.844336426,24.2018736776501
"Medium",0.0576130726275028,"pricestatus.quo_fuelmin",2009,13.2798274090951,"price.fuel.mod","status.quo","min",17.9668851781964,2.25868223125,2.278682818,29.9949102029897
"Medium",0.0576130726275028,"pricestatus.quo_fuelmin",2009.5,4.55477593311164,"price.fuel.mod","status.quo","min",7.57574099599588,2.39828041246072,2.572136375,10.9236299035291
"Medium",0.0576130726275028,"pricestatus.quo_fuelmin",2010,24.0466719274362,"price.fuel.mod","status.quo","min",8.04780714544663,3.03808440430528,2.70288658,73.0558189581895
"Medium",0.0576130726275028,"pricestatus.quo_fuelmin",2010.5,6.40850913456549,"price.fuel.mod","status.quo","min",8.57478318074798,3.07854866749727,3.033457857,19.7289072568607
"Medium",0.0576130726275028,"pricestatus.quo_fuelmin",2011,19.0967439396111,"price.fuel.mod","status.quo","min",17.8287157295084,3.21106661498974,3.91117392,61.320916919493
"Medium",0.0576130726275028,"pricestatus.quo_fuelmin",2011.5,4.28057255131751,"price.fuel.mod","status.quo","min",8.37455860329747,3.77640735527577,3.857637569,16.165185667587
"Medium",0.0576130726275028,"pricestatus.quo_fuelmin",2012,16.0504173037322,"price.fuel.mod","status.quo","min",18.6467153647801,3.43378376176959,3.670647018,55.1136623071814
"Medium",0.0576130726275028,"pricestatus.quo_fuelmin",2012.5,6.10349292244328,"price.fuel.mod","status.quo","min",8.81451598006909,3.3867862695019,3.926350999,20.6712260257329
"Medium",0.0576130726275028,"pricestatus.quo_fuelmin",2013,9.5961366699342,"price.fuel.mod","status.quo","min",14.5150058419753,4.06054672077294,3.59356354,38.9655612871903
"Medium",0.0576130726275028,"pricestatus.quo_fuelmin",2013.5,7.44572346698803,"price.fuel.mod","status.quo","min",7.81621022101394,5.35909558500419,3.730174711,39.9023437590976
"Medium",0.0576130726275028,"pricestatus.quo_fuelmin",2014,8.52392036543948,"price.fuel.mod","status.quo","min",14.588974377991,5.29777481788601,3.505636196,45.157810661691
"Medium",0.0576130726275028,"pricestatus.quo_fuelmin",2014.5,11.1188338992483,"price.fuel.mod","status.quo","min",9.23671593064456,4.41155164281167,2.841017708,49.0513099543788
"Medium",0.0576130726275028,"pricestatus.quo_fuelmin",2015,19.6602389208487,"price.fuel.mod","status.quo","min",13.2147941220035,2.81150774930967,2.014201659,55.2749140792457
"Medium",0.0576130726275028,"pricestatus.quo_fuelmin",2015.5,11.2642742393268,"price.fuel.mod","status.quo","min",7.50525393689402,2.86759769693102,1.59375734,32.301406866293
"Medium",0.0576130726275028,"pricestatus.quo_fuelmin",2016,17.2326486705567,"price.fuel.mod","status.quo","min",10.1808130369481,3.00596842461488,1.64619339,51.8007977761749
"Medium",0.0576130726275028,"pricestatus.quo_fuelmin",2016.5,9.3515200638894,"price.fuel.mod","status.quo","min",5.39307169815739,4.18887393214666,1.755500592,39.1723386215728
"Medium",0.0576130726275028,"pricestatus.quo_fuelmin",2017,22.2159721420294,"price.fuel.mod","status.quo","min",12.1331828553547,3.47942031582626,1.721349829,77.2987048068072
"Medium",0.0576130726275028,"pricestatus.quo_fuelmin",2017.5,12.0405975560374,"price.fuel.mod","status.quo","min",7.54050854388687,3.79112272220055,2.115492451,45.6473829835658
"Medium",0.0576130726275028,"pricestatus.quo_fuelmin",2018,16.5541786770455,"price.fuel.mod","status.quo","min",13.7781541536191,3.25380794124098,2.502609693,53.8641180400927
"Medium",0.0576130726275028,"pricestatus.quo_fuelmin",2018.5,7.29313982312769,"price.fuel.mod","status.quo","min",8.66981088922993,3.45385243293675,2.434931942,25.1894287218574
"Medium",0.0576130726275028,"pricestatus.quo_fuelmin",2019,10.8588347380403,"price.fuel.mod","status.quo","min",7.94919114053227,3.29851886703811,2.166705119,35.8180712574747
"Medium",0.0576130726275028,"pricestatus.quo_fuelmin",2019.5,7.04455879740266,"price.fuel.mod","status.quo","min",5.45331074318056,3.39313131687167,2.217115677,23.9031130690108
"Medium",0.0576130726275028,"pricestatus.quo_fuelmin",2020,31.3809430452237,"price.fuel.mod","status.quo","min",11.8094531922773,2.81936323656955,1.223776883,88.4742771505865
"Medium",0.0576130726275028,"pricestatus.quo_fuelmin",2020.5,15.7565224117422,"price.fuel.mod","status.quo","min",5.0535056945109,2.97562041568792,1.326079845,46.8854297686243
"Medium",0.0576130726275028,"pricestatus.quo_fuelmin",2021,44.3839987179348,"price.fuel.mod","status.quo","min",12.1371153888044,3.68191490636116,2.064034533,163.418106483479
"Medium",0.0576130726275028,"pricestatus.quo_fuelmin",2021.5,13.5234945256423,"price.fuel.mod","status.quo","min",8.24615492050734,3.50734091870751,2.34283939,47.4315057137023
"Medium",0.0576130726275028,"pricestatus.quo_fuelmin",2022,6.10830031022244,"price.fuel.mod","status.quo","min",7.9248694210156,2.4198801778206,3.992053255,14.7813548408827
"Medium",0.0576130726275028,"pricestatus.quo_fuelmin",2022.5,0.0883295852047201,"price.fuel.mod","status.quo","min",5.88528355085481,1.95246160438392,3.5445,0.172460123643374
"Medium",0.0576130726275028,"pricestatus.quo_fuelmin",2023,24.1171124135906,"price.fuel.mod","status.quo","min",NA,2.89276354325511,1.5,69.7651035586202
"Medium",0.0576130726275028,"pricestatus.quo_fuelmin",2023.5,6.49679737494272,"price.fuel.mod","status.quo","min",NA,2.89276354325511,1.5,18.7936985941498
"Medium",0.0576130726275028,"pricestatus.quo_fuelmin",2024,16.9123530219027,"price.fuel.mod","status.quo","min",NA,2.89276354325511,1.5,48.9234382524205
"Medium",0.0576130726275028,"pricestatus.quo_fuelmin",2024.5,9.4436991270719,"price.fuel.mod","status.quo","min",NA,2.89276354325511,1.5,27.3183885482637
"Medium",0.0576130726275028,"pricestatus.quo_fuelmin",2025,31.3563852134139,"price.fuel.mod","status.quo","min",NA,2.89276354325511,1.5,90.7066079936273
"Medium",0.0576130726275028,"pricestatus.quo_fuelmin",2025.5,12.1268206236349,"price.fuel.mod","status.quo","min",NA,2.89276354325511,1.5,35.0800245956452
"Medium",0.0576130726275028,"pricestatus.quo_fuelmin",2026,29.6561183796818,"price.fuel.mod","status.quo","min",NA,2.89276354325511,1.5,85.7881380832012
"Medium",0.0576130726275028,"pricestatus.quo_fuelmin",2026.5,9.93769937080727,"price.fuel.mod","status.quo","min",NA,2.89276354325511,1.5,28.7474144437005
"Medium",0.0576130726275028,"pricestatus.quo_fuelmin",2027,29.8160206212998,"price.fuel.mod","status.quo","min",NA,2.89276354325511,1.5,86.2506974582385
"Small",0.0587690628629585,"pricestatus.quo_fuelmin",1987,20.8135037500085,"price.fuel.mod","status.quo","min",33.1699600876773,3.46223983102226,1.193864043,72.0613417064108
"Small",0.0587690628629585,"pricestatus.quo_fuelmin",1987.5,2.54120121315483,"price.fuel.mod","status.quo","min",1.55534427195328,4.03600829559881,1.218517776,10.2563091770787
"Small",0.0587690628629585,"pricestatus.quo_fuelmin",1988,11.6315651134648,"price.fuel.mod","status.quo","min",23.8431624881257,2.83796100605314,0.992170369,33.0099282313811
"Small",0.0587690628629585,"pricestatus.quo_fuelmin",1988.5,1.80390188171304,"price.fuel.mod","status.quo","min",0.720080044745491,3.55275304925539,0.95042966,6.40881791081355
"Small",0.0587690628629585,"pricestatus.quo_fuelmin",1989,18.2940891156421,"price.fuel.mod","status.quo","min",28.7755001766216,2.51462103845419,1.040677249,46.0027013695495
"Small",0.0587690628629585,"pricestatus.quo_fuelmin",1989.5,2.2731327683833,"price.fuel.mod","status.quo","min",1.15542976955331,3.07473626443988,1.319286796,6.98928375683476
"Small",0.0587690628629585,"pricestatus.quo_fuelmin",1990,22.0223573639129,"price.fuel.mod","status.quo","min",40.4141643858711,2.31713756835269,1.165362175,51.028831591611
"Small",0.0587690628629585,"pricestatus.quo_fuelmin",1990.5,3.10412594096034,"price.fuel.mod","status.quo","min",0.71930936977849,3.31075264722307,1.749252381,10.2769931763482
"Small",0.0587690628629585,"pricestatus.quo_fuelmin",1991,31.2604263439201,"price.fuel.mod","status.quo","min",29.6999205320081,2.75220541657956,1.109832663,86.0351147083233
"Small",0.0587690628629585,"pricestatus.quo_fuelmin",1991.5,4.50753668962346,"price.fuel.mod","status.quo","min",1.45164641335001,3.33127362657706,1.186270087,15.0158380949711
"Small",0.0587690628629585,"pricestatus.quo_fuelmin",1992,9.58727414418958,"price.fuel.mod","status.quo","min",22.1974889327821,3.34190966430881,1.136504152,32.0398041168451
"Small",0.0587690628629585,"pricestatus.quo_fuelmin",1992.5,2.66299835043843,"price.fuel.mod","status.quo","min",1.90915308007694,3.40282759475462,1.119827889,9.06172427165792
"Small",0.0587690628629585,"pricestatus.quo_fuelmin",1993,10.7186072922499,"price.fuel.mod","status.quo","min",31.251177401142,2.55240244206907,0.970890649,27.358199428318
"Small",0.0587690628629585,"pricestatus.quo_fuelmin",1993.5,5.70294100202214,"price.fuel.mod","status.quo","min",0.649131295937703,2.80837868563889,0.925675909,16.0160179555351
"Small",0.0587690628629585,"pricestatus.quo_fuelmin",1994,24.7190267735338,"price.fuel.mod","status.quo","min",21.9947786917798,3.00582662053682,0.900017334,74.3011087096501
"Small",0.0587690628629585,"pricestatus.quo_fuelmin",1994.5,3.63340718201755,"price.fuel.mod","status.quo","min",1.36367695496224,3.87707147498693,0.879442785,14.0869793424129
"Small",0.0587690628629585,"pricestatus.quo_fuelmin",1995,28.7536075084638,"price.fuel.mod","status.quo","min",34.102267260659,2.974202323365,0.867027844,85.5190462567984
"Small",0.0587690628629585,"pricestatus.quo_fuelmin",1995.5,4.62208016035476,"price.fuel.mod","status.quo","min",0.735616089227739,3.19859578961608,0.92666276,14.7841661401787
"Small",0.0587690628629585,"pricestatus.quo_fuelmin",1996,17.0389034621952,"price.fuel.mod","status.quo","min",33.1773985935543,2.50019980592919,0.990501339,42.6006631294266
"Small",0.0587690628629585,"pricestatus.quo_fuelmin",1996.5,3.15382116732046,"price.fuel.mod","status.quo","min",0.716812406096025,3.16326652401382,1.235234785,9.97637692131101
"Small",0.0587690628629585,"pricestatus.quo_fuelmin",1997,16.6201184022468,"price.fuel.mod","status.quo","min",29.4775886362047,3.20074806344115,0.933448325,53.1968117901542
"Small",0.0587690628629585,"pricestatus.quo_fuelmin",1997.5,4.70685088460209,"price.fuel.mod","status.quo","min",1.69100390344393,3.17160491541806,0.938670805,14.9282714017438
"Small",0.0587690628629585,"pricestatus.quo_fuelmin",1998,39.8178823563558,"price.fuel.mod","status.quo","min",34.4104421044754,2.32616054446169,0.640660448,92.622786901372
"Small",0.0587690628629585,"pricestatus.quo_fuelmin",1998.5,4.02765375990267,"price.fuel.mod","status.quo","min",2.05210174026596,2.56029739710157,0.622172867,10.3119914379052
"Small",0.0587690628629585,"pricestatus.quo_fuelmin",1999,32.6134710423104,"price.fuel.mod","status.quo","min",38.4741550182192,2.39087042848093,0.804286601,77.9745834851791
"Small",0.0587690628629585,"pricestatus.quo_fuelmin",1999.5,7.34105698362153,"price.fuel.mod","status.quo","min",2.23520985136123,3.15007512047249,1.050467788,23.124880962077
"Small",0.0587690628629585,"pricestatus.quo_fuelmin",2000,28.5136807941917,"price.fuel.mod","status.quo","min",37.0846168064626,3.42056965332977,1.327541825,97.5330312293439
"Small",0.0587690628629585,"pricestatus.quo_fuelmin",2000.5,3.73610614040668,"price.fuel.mod","status.quo","min",1.12931721350037,3.50211131063933,1.612986692,13.0842595720673
"Small",0.0587690628629585,"pricestatus.quo_fuelmin",2001,12.7037455022581,"price.fuel.mod","status.quo","min",38.9592104154854,3.17152612550219,1.194280761,40.2902607521424
"Small",0.0587690628629585,"pricestatus.quo_fuelmin",2001.5,4.55397157179257,"price.fuel.mod","status.quo","min",0.95305989767346,2.72647203944922,0.975859995,12.416276158939
"Small",0.0587690628629585,"pricestatus.quo_fuelmin",2002,22.4343400748566,"price.fuel.mod","status.quo","min",32.8442587186268,2.43724646261169,1.070930495,54.678015988472
"Small",0.0587690628629585,"pricestatus.quo_fuelmin",2002.5,5.48568230839342,"price.fuel.mod","status.quo","min",1.87019646901045,2.48644434759047,1.216097682,13.6398437683818
"Small",0.0587690628629585,"pricestatus.quo_fuelmin",2003,48.5623415081451,"price.fuel.mod","status.quo","min",39.9101605584912,1.87960607049409,1.210301841,91.2780718961168
"Small",0.0587690628629585,"pricestatus.quo_fuelmin",2003.5,2.60262514573763,"price.fuel.mod","status.quo","min",1.08131262915648,1.64775643949941,1.269159913,4.28849234349227
"Small",0.0587690628629585,"pricestatus.quo_fuelmin",2004,16.0096258265811,"price.fuel.mod","status.quo","min",37.7506649665029,1.49426390224892,1.620877333,23.9226059611721
"Small",0.0587690628629585,"pricestatus.quo_fuelmin",2004.5,2.63591123083775,"price.fuel.mod","status.quo","min",0.542971426348707,1.95329414520825,2.02849139,5.14870997448404
"Small",0.0587690628629585,"pricestatus.quo_fuelmin",2005,8.38963354477427,"price.fuel.mod","status.quo","min",25.5567941818433,2.276876512803,2.382254002,19.1021595691207
"Small",0.0587690628629585,"pricestatus.quo_fuelmin",2005.5,3.98797224216047,"price.fuel.mod","status.quo","min",1.92148772697992,2.32541849460168,2.636138142,9.27370440787809
"Small",0.0587690628629585,"pricestatus.quo_fuelmin",2006,20.7297319353103,"price.fuel.mod","status.quo","min",29.3820294770415,1.64328250817206,2.787784045,34.0648058883913
"Small",0.0587690628629585,"pricestatus.quo_fuelmin",2006.5,4.59297066432427,"price.fuel.mod","status.quo","min",0.304521701423559,1.71856753817881,2.365521844,7.89333028751523
"Small",0.0587690628629585,"pricestatus.quo_fuelmin",2007,12.5553433506235,"price.fuel.mod","status.quo","min",27.6217543664749,1.89961137600456,2.755746336,23.8502730584876
"Small",0.0587690628629585,"pricestatus.quo_fuelmin",2007.5,1.33270487173307,"price.fuel.mod","status.quo","min",0.465516613623862,1.90748378576943,3.320424497,2.54211293404676
"Small",0.0587690628629585,"pricestatus.quo_fuelmin",2008,5.28524230597744,"price.fuel.mod","status.quo","min",17.7659276919536,1.84321551806618,4.889983343,9.7418406351175
"Small",0.0587690628629585,"pricestatus.quo_fuelmin",2008.5,4.70922035907056,"price.fuel.mod","status.quo","min",0.817461976283013,1.81599198296602,2.844336426,8.55190641809248
"Small",0.0587690628629585,"pricestatus.quo_fuelmin",2009,17.979744110761,"price.fuel.mod","status.quo","min",18.8947247584991,1.47843200217586,2.278682818,26.581829084282
"Small",0.0587690628629585,"pricestatus.quo_fuelmin",2009.5,2.28293010983765,"price.fuel.mod","status.quo","min",0.414448546792974,1.74489870397938,2.572136375,3.98348178993123
"Small",0.0587690628629585,"pricestatus.quo_fuelmin",2010,10.2851345619027,"price.fuel.mod","status.quo","min",10.3898713043782,2.40726345236337,2.70288658,24.7590285335078
"Small",0.0587690628629585,"pricestatus.quo_fuelmin",2010.5,0.753716117605967,"price.fuel.mod","status.quo","min",1.58086469169156,1.8721768967639,3.033457857,1.41108990210048
"Small",0.0587690628629585,"pricestatus.quo_fuelmin",2011,8.18772595541504,"price.fuel.mod","status.quo","min",24.250876531461,1.46960221213565,3.91117392,12.0327001764384
"Small",0.0587690628629585,"pricestatus.quo_fuelmin",2011.5,0.715900385777472,"price.fuel.mod","status.quo","min",1.02000463321805,2.11229011307718,3.857637569,1.5121893068259
"Small",0.0587690628629585,"pricestatus.quo_fuelmin",2012,8.78661668211595,"price.fuel.mod","status.quo","min",14.9581501376982,2.01235528403434,3.670647018,17.6817945090403
"Small",0.0587690628629585,"pricestatus.quo_fuelmin",2012.5,0.634382261630834,"price.fuel.mod","status.quo","min",1.06246201400765,1.95729714018241,3.926350999,1.24167458647248
"Small",0.0587690628629585,"pricestatus.quo_fuelmin",2013,8.52158969134006,"price.fuel.mod","status.quo","min",23.121954254089,2.08313110442743,3.59356354,17.7515885451986
"Small",0.0587690628629585,"pricestatus.quo_fuelmin",2013.5,0.80354423404111,"price.fuel.mod","status.quo","min",1.11985873291099,3.47567759827312,3.730174711,2.79286069347822
"Small",0.0587690628629585,"pricestatus.quo_fuelmin",2014,5.08384536835863,"price.fuel.mod","status.quo","min",25.8305466848948,3.59725315728399,3.505636196,18.2878788024717
"Small",0.0587690628629585,"pricestatus.quo_fuelmin",2014.5,2.38240519341649,"price.fuel.mod","status.quo","min",1.43466762510486,2.30597696796899,2.841017708,5.49377150438813
"Small",0.0587690628629585,"pricestatus.quo_fuelmin",2015,23.7255383646818,"price.fuel.mod","status.quo","min",17.7198833877751,1.60367976611785,2.014201659,38.0481658156931
"Small",0.0587690628629585,"pricestatus.quo_fuelmin",2015.5,4.51976358059737,"price.fuel.mod","status.quo","min",0.893230523631532,1.74925517610095,1.59375734,7.90621983811253
"Small",0.0587690628629585,"pricestatus.quo_fuelmin",2016,14.2959342187336,"price.fuel.mod","status.quo","min",13.7848418529771,1.36349750789189,1.64619339,19.4924706802296
"Small",0.0587690628629585,"pricestatus.quo_fuelmin",2016.5,2.35587317854296,"price.fuel.mod","status.quo","min",2.07950199163093,2.21804534012833,1.755500592,5.22543352560052
"Small",0.0587690628629585,"pricestatus.quo_fuelmin",2017,16.5151099488061,"price.fuel.mod","status.quo","min",16.1131159758896,1.54110611853533,1.721349829,25.4515369903887
"Small",0.0587690628629585,"pricestatus.quo_fuelmin",2017.5,4.17443452801571,"price.fuel.mod","status.quo","min",2.88503781328209,1.90789517166,2.115492451,7.96438348041196
"Small",0.0587690628629585,"pricestatus.quo_fuelmin",2018,8.59259116314626,"price.fuel.mod","status.quo","min",24.659261960846,1.44488280433977,2.502609693,12.4152872163519
"Small",0.0587690628629585,"pricestatus.quo_fuelmin",2018.5,3.21258314899257,"price.fuel.mod","status.quo","min",0.766913261974894,1.54754568558391,2.434931942,4.97161919180302
"Small",0.0587690628629585,"pricestatus.quo_fuelmin",2019,20.7978156247289,"price.fuel.mod","status.quo","min",12.1964944971997,1.60329405331422,2.166705119,33.3450141130535
"Small",0.0587690628629585,"pricestatus.quo_fuelmin",2019.5,3.24676204636475,"price.fuel.mod","status.quo","min",0.49134503743693,1.84553430067428,2.217115677,5.99201072269357
"Small",0.0587690628629585,"pricestatus.quo_fuelmin",2020,46.1233607871519,"price.fuel.mod","status.quo","min",8.45437092584065,1.74321307533248,1.223776883,80.4028456024407
"Small",0.0587690628629585,"pricestatus.quo_fuelmin",2020.5,6.18288786912017,"price.fuel.mod","status.quo","min",0.365339397994311,1.99966936626942,1.326079845,12.3637314669585
"Small",0.0587690628629585,"pricestatus.quo_fuelmin",2021,39.7868224520135,"price.fuel.mod","status.quo","min",10.9727795586288,2.19867920946227,2.064034533,87.4784593358086
"Small",0.0587690628629585,"pricestatus.quo_fuelmin",2021.5,3.02972604192832,"price.fuel.mod","status.quo","min",0.63159289139346,1.95371255603988,2.34283939,5.91921380947637
"Small",0.0587690628629585,"pricestatus.quo_fuelmin",2022,7.73812243170845,"price.fuel.mod","status.quo","min",7.02551689200128,1.20079679537534,3.992053255,9.29191261821754
"Small",0.0587690628629585,"pricestatus.quo_fuelmin",2022.5,2.14698323252443,"price.fuel.mod","status.quo","min",0.425794667042911,1.33949152023172,3.5445,2.87586583404616
"Small",0.0587690628629585,"pricestatus.quo_fuelmin",2023,13.6978032827325,"price.fuel.mod","status.quo","min",NA,1.73926042045185,1.5,23.8240470967921
"Small",0.0587690628629585,"pricestatus.quo_fuelmin",2023.5,6.62389114775528,"price.fuel.mod","status.quo","min",NA,1.73926042045185,1.5,11.5206717026721
"Small",0.0587690628629585,"pricestatus.quo_fuelmin",2024,23.9207316861222,"price.fuel.mod","status.quo","min",NA,1.73926042045185,1.5,41.6043818499208
"Small",0.0587690628629585,"pricestatus.quo_fuelmin",2024.5,4.18626805077203,"price.fuel.mod","status.quo","min",NA,1.73926042045185,1.5,7.28101033010993
"Small",0.0587690628629585,"pricestatus.quo_fuelmin",2025,24.1583366161376,"price.fuel.mod","status.quo","min",NA,1.73926042045185,1.5,42.0176387004008
"Small",0.0587690628629585,"pricestatus.quo_fuelmin",2025.5,3.30873378846543,"price.fuel.mod","status.quo","min",NA,1.73926042045185,1.5,5.75474972008964
"Small",0.0587690628629585,"pricestatus.quo_fuelmin",2026,25.9861638369875,"price.fuel.mod","status.quo","min",NA,1.73926042045185,1.5,45.1967062410495
"Small",0.0587690628629585,"pricestatus.quo_fuelmin",2026.5,3.62808339263974,"price.fuel.mod","status.quo","min",NA,1.73926042045185,1.5,6.31018184691698
"Small",0.0587690628629585,"pricestatus.quo_fuelmin",2027,24.5767489976441,"price.fuel.mod","status.quo","min",NA,1.73926042045185,1.5,42.7453667949821
"Large",0.0556756441000978,"pricefarmed_fuelmin",1987,5.37542376888951,"price.fuel.mod","farmed","min",6.71737977735683,12.5899917441796,1.193864043,67.6765408717856
"Large",0.0556756441000978,"pricefarmed_fuelmin",1987.5,6.26413715932755,"price.fuel.mod","farmed","min",10.622314411265,12.0793895597091,1.218517776,75.6669530029669
"Large",0.0556756441000978,"pricefarmed_fuelmin",1988,2.65787682022248,"price.fuel.mod","farmed","min",8.57325287037129,12.6057295038419,0.992170369,33.5044762502561
"Large",0.0556756441000978,"pricefarmed_fuelmin",1988.5,8.15074675368682,"price.fuel.mod","farmed","min",10.8087014478752,12.5584041151657,0.95042966,102.360371573174
"Large",0.0556756441000978,"pricefarmed_fuelmin",1989,13.0134055141867,"price.fuel.mod","farmed","min",8.31618564404666,10.1603157047673,1.040677249,132.220308418297
"Large",0.0556756441000978,"pricefarmed_fuelmin",1989.5,9.45511619314545,"price.fuel.mod","farmed","min",13.0119615266943,8.85794163390862,1.319286796,83.7528673807066
"Large",0.0556756441000978,"pricefarmed_fuelmin",1990,7.17986244777725,"price.fuel.mod","farmed","min",10.4664894841967,8.57265311491896,1.165362175,61.5504701776273
"Large",0.0556756441000978,"pricefarmed_fuelmin",1990.5,7.88615086783963,"price.fuel.mod","farmed","min",12.3173138400001,10.121152066617,1.749252381,79.8169321536887
"Large",0.0556756441000978,"pricefarmed_fuelmin",1991,17.4064597169755,"price.fuel.mod","farmed","min",10.6108380057583,9.45743851223052,1.109832663,164.620522488914
"Large",0.0556756441000978,"pricefarmed_fuelmin",1991.5,10.6322178974377,"price.fuel.mod","farmed","min",12.4879838019052,8.90923640938927,1.186270087,94.7249428044119
"Large",0.0556756441000978,"pricefarmed_fuelmin",1992,5.97765522234903,"price.fuel.mod","farmed","min",4.36900738448302,9.78433680553042,1.136504152,58.4873920028007
"Large",0.0556756441000978,"pricefarmed_fuelmin",1992.5,9.32278461450246,"price.fuel.mod","farmed","min",12.1414743179632,9.61389512435446,1.119827889,89.628273550772
"Large",0.0556756441000978,"pricefarmed_fuelmin",1993,4.27003854406339,"price.fuel.mod","farmed","min",3.71286139165064,9.68624084782594,0.970890649,41.360621767298
"Large",0.0556756441000978,"pricefarmed_fuelmin",1993.5,6.28028305462361,"price.fuel.mod","farmed","min",9.6599860067035,9.72021935763151,0.925675909,61.0457289189576
"Large",0.0556756441000978,"pricefarmed_fuelmin",1994,7.93146522942181,"price.fuel.mod","farmed","min",5.51132667262915,10.8613688089981,0.900017334,86.1465690524952
"Large",0.0556756441000978,"pricefarmed_fuelmin",1994.5,10.5220834343964,"price.fuel.mod","farmed","min",11.8112138407078,10.7633585365074,0.879442785,113.252956555454
"Large",0.0556756441000978,"pricefarmed_fuelmin",1995,10.0269293104296,"price.fuel.mod","farmed","min",6.21391252952628,10.7890232405838,0.867027844,108.180773361917
"Large",0.0556756441000978,"pricefarmed_fuelmin",1995.5,11.1595797370325,"price.fuel.mod","farmed","min",11.1939421930543,9.62593281197826,0.92666276,107.421364758589
"Large",0.0556756441000978,"pricefarmed_fuelmin",1996,4.58253783737548,"price.fuel.mod","farmed","min",4.69273193485784,10.3436601282369,0.990501339,47.4002139145976
"Large",0.0556756441000978,"pricefarmed_fuelmin",1996.5,7.09674340765516,"price.fuel.mod","farmed","min",10.9515132054804,10.4387237810633,1.235234785,74.0809441775942
"Large",0.0556756441000978,"pricefarmed_fuelmin",1997,4.54370661792861,"price.fuel.mod","farmed","min",3.43510362636754,11.5771198057125,0.933448325,52.6030358777684
"Large",0.0556756441000978,"pricefarmed_fuelmin",1997.5,8.73187356309806,"price.fuel.mod","farmed","min",9.04681397446952,11.3781664584964,0.938670805,99.3527108954737
"Large",0.0556756441000978,"pricefarmed_fuelmin",1998,5.58296406208453,"price.fuel.mod","farmed","min",4.24075938686746,10.7769406001589,0.640660448,60.167272069907
"Large",0.0556756441000978,"pricefarmed_fuelmin",1998.5,9.71903166275535,"price.fuel.mod","farmed","min",12.0293003674683,9.51226679526253,0.622172867,92.4500221677329
"Large",0.0556756441000978,"pricefarmed_fuelmin",1999,8.78414542346186,"price.fuel.mod","farmed","min",6.26837397930924,10.3714508913732,0.804286601,91.1043328821157
"Large",0.0556756441000978,"pricefarmed_fuelmin",1999.5,9.05061664424378,"price.fuel.mod","farmed","min",9.94572173827841,10.6330528005955,1.050467788,96.2356846561922
"Large",0.0556756441000978,"pricefarmed_fuelmin",2000,12.168715429895,"price.fuel.mod","farmed","min",9.60103636139893,10.7508888167683,1.327541825,130.824506629694
"Large",0.0556756441000978,"pricefarmed_fuelmin",2000.5,10.3147129121958,"price.fuel.mod","farmed","min",12.330422287742,9.34581671991077,1.612986692,96.3994163958789
"Large",0.0556756441000978,"pricefarmed_fuelmin",2001,9.24977991510604,"price.fuel.mod","farmed","min",7.91172740953807,9.69680841162668,1.194280761,89.6933436864958
"Large",0.0556756441000978,"pricefarmed_fuelmin",2001.5,7.54250673054405,"price.fuel.mod","farmed","min",9.53611922083641,8.24439553464669,0.975859995,62.1834088093399
"Large",0.0556756441000978,"pricefarmed_fuelmin",2002,6.33880904295416,"price.fuel.mod","farmed","min",5.90490467986567,7.03546425864735,1.070930495,44.5964644640947
"Large",0.0556756441000978,"pricefarmed_fuelmin",2002.5,6.58208886146631,"price.fuel.mod","farmed","min",8.21494371689397,7.15032103828286,1.216097682,47.0640484619898
"Large",0.0556756441000978,"pricefarmed_fuelmin",2003,7.07648969967173,"price.fuel.mod","farmed","min",5.88659270493106,6.83775934994511,1.210301841,48.3873336087207
"Large",0.0556756441000978,"pricefarmed_fuelmin",2003.5,8.61205292955769,"price.fuel.mod","farmed","min",9.7458138599594,6.03783529573531,1.269159913,51.9981571468241
"Large",0.0556756441000978,"pricefarmed_fuelmin",2004,13.9126331690354,"price.fuel.mod","farmed","min",6.97115490146669,6.51352108495447,1.620877333,90.6202294937492
"Large",0.0556756441000978,"pricefarmed_fuelmin",2004.5,9.15361279753341,"price.fuel.mod","farmed","min",10.0288422319289,6.56657427628878,2.02849139,60.1078783313907
"Large",0.0556756441000978,"pricefarmed_fuelmin",2005,4.64616903864719,"price.fuel.mod","farmed","min",5.57953019668072,6.02719887276295,2.382254002,28.0033847924005
"Large",0.0556756441000978,"pricefarmed_fuelmin",2005.5,7.07130337511595,"price.fuel.mod","farmed","min",10.0812503959341,5.6234149093112,2.636138142,39.7648728278896
"Large",0.0556756441000978,"pricefarmed_fuelmin",2006,8.71940942021577,"price.fuel.mod","farmed","min",9.32814760671619,4.72089382927121,2.787784045,41.1634061267859
"Large",0.0556756441000978,"pricefarmed_fuelmin",2006.5,6.84934689025661,"price.fuel.mod","farmed","min",19.3733736458873,4.22533641185959,2.365521844,28.9407948128585
"Large",0.0556756441000978,"pricefarmed_fuelmin",2007,7.0796881835825,"price.fuel.mod","farmed","min",8.93251755415469,5.4674366499906,2.755746336,38.7077466454244
"Large",0.0556756441000978,"pricefarmed_fuelmin",2007.5,8.94784450255713,"price.fuel.mod","farmed","min",11.9723465627928,5.86706497636183,3.320424497,52.4975850948847
"Large",0.0556756441000978,"pricefarmed_fuelmin",2008,7.21652559899077,"price.fuel.mod","farmed","min",6.8632023388661,6.87395329195337,4.889983343,49.6060598976483
"Large",0.0556756441000978,"pricefarmed_fuelmin",2008.5,10.6410019637121,"price.fuel.mod","farmed","min",12.9867202704612,4.910949850942,2.844336426,52.2574270075657
"Large",0.0556756441000978,"pricefarmed_fuelmin",2009,2.28212544244915,"price.fuel.mod","farmed","min",11.3957385120874,3.4946185695594,2.278682818,7.97515794924676
"Large",0.0556756441000978,"pricefarmed_fuelmin",2009.5,7.97783950060318,"price.fuel.mod","farmed","min",20.1822701677183,3.95084796176061,2.572136375,31.5192309302114
"Large",0.0556756441000978,"pricefarmed_fuelmin",2010,32.9756449667265,"price.fuel.mod","farmed","min",4.93689076135254,6.8935907213382,2.70288658,227.320600172769
"Large",0.0556756441000978,"pricefarmed_fuelmin",2010.5,30.8204377813916,"price.fuel.mod","farmed","min",11.8949437102665,6.08552889172307,3.033457857,187.558664574212
"Large",0.0556756441000978,"pricefarmed_fuelmin",2011,25.5693977207293,"price.fuel.mod","farmed","min",7.43116987306931,6.42924813142202,3.91117392,164.392002517585
"Large",0.0556756441000978,"pricefarmed_fuelmin",2011.5,23.537915099518,"price.fuel.mod","farmed","min",15.2124204306267,6.12657011782144,3.857637569,144.206687284525
"Large",0.0556756441000978,"pricefarmed_fuelmin",2012,13.5368738040848,"price.fuel.mod","farmed","min",8.20944256638802,5.37802611663949,3.670647018,72.8016608560212
"Large",0.0556756441000978,"pricefarmed_fuelmin",2012.5,12.7470567775555,"price.fuel.mod","farmed","min",12.7487994935888,5.26996060725231,3.926350999,67.1764870761259
"Large",0.0556756441000978,"pricefarmed_fuelmin",2013,15.454028675404,"price.fuel.mod","farmed","min",8.12879485408897,7.29940876517483,3.59356354,112.805272370507
"Large",0.0556756441000978,"pricefarmed_fuelmin",2013.5,20.5189211531366,"price.fuel.mod","farmed","min",12.1287990775526,8.36406624719241,3.730174711,171.621615845752
"Large",0.0556756441000978,"pricefarmed_fuelmin",2014,8.95226849401108,"price.fuel.mod","farmed","min",4.83811460324899,9.26869378396509,3.505636196,82.9758353428271
"Large",0.0556756441000978,"pricefarmed_fuelmin",2014.5,25.2231454861815,"price.fuel.mod","farmed","min",13.2014758885329,7.64784836022419,2.841017708,192.90279184619
"Large",0.0556756441000978,"pricefarmed_fuelmin",2015,6.05948419889366,"price.fuel.mod","farmed","min",11.9161098619624,4.35779288507159,2.014201659,26.4059771291425
"Large",0.0556756441000978,"pricefarmed_fuelmin",2015.5,15.1309714539705,"price.fuel.mod","farmed","min",12.4991106317133,4.55318414231323,1.59375734,68.8940992820127
"Large",0.0556756441000978,"pricefarmed_fuelmin",2016,11.9608213583819,"price.fuel.mod","farmed","min",9.63632679089192,4.88277904371158,1.64619339,58.4020478742851
"Large",0.0556756441000978,"pricefarmed_fuelmin",2016.5,16.5987943166205,"price.fuel.mod","farmed","min",9.76216658287913,6.21792739900937,1.755500592,103.210097971835
"Large",0.0556756441000978,"pricefarmed_fuelmin",2017,8.54951933992999,"price.fuel.mod","farmed","min",9.02808762228676,4.92061824876707,1.721349829,42.0689208822465
"Large",0.0556756441000978,"pricefarmed_fuelmin",2017.5,10.9667803741238,"price.fuel.mod","farmed","min",9.08662344104663,5.10145524158574,2.115492451,55.9465392228937
"Large",0.0556756441000978,"pricefarmed_fuelmin",2018,6.59240588011919,"price.fuel.mod","farmed","min",10.2255227834163,4.71837605093946,2.502609693,31.1054500228268
"Large",0.0556756441000978,"pricefarmed_fuelmin",2018.5,11.486619833874,"price.fuel.mod","farmed","min",12.0208463089032,5.01855298773329,2.434931942,57.6462102862448
"Large",0.0556756441000978,"pricefarmed_fuelmin",2019,5.46389989185006,"price.fuel.mod","farmed","min",6.49742860601407,4.88494408016038,2.166705119,26.6908454312819
"Large",0.0556756441000978,"pricefarmed_fuelmin",2019.5,9.12293392269843,"price.fuel.mod","farmed","min",8.12546140575837,5.17750496313892,2.217115677,47.2340356631596
"Large",0.0556756441000978,"pricefarmed_fuelmin",2020,9.52477947537156,"price.fuel.mod","farmed","min",6.99253856614546,4.68046753159861,1.223776883,44.5804210801135
"Large",0.0556756441000978,"pricefarmed_fuelmin",2020.5,18.77433405639,"price.fuel.mod","farmed","min",8.32614451400999,5.40555837390546,1.326079845,101.485758673017
"Large",0.0556756441000978,"pricefarmed_fuelmin",2021,17.0195093445105,"price.fuel.mod","farmed","min",4.15856313937567,6.22144464823613,2.064034533,105.88593532701
"Large",0.0556756441000978,"pricefarmed_fuelmin",2021.5,15.3668926180311,"price.fuel.mod","farmed","min",5.87361341229464,6.47320276956418,2.34283939,99.4730118546345
"Large",0.0556756441000978,"pricefarmed_fuelmin",2022,6.57805714616534,"price.fuel.mod","farmed","min",4.33617367568456,4.29638469636797,3.992053255,28.2618640546187
"Large",0.0556756441000978,"pricefarmed_fuelmin",2022.5,0.289190169552395,"price.fuel.mod","farmed","min",5.27214346715716,3.49424942020108,3.5445,1.01050258228631
"Large",0.0556756441000978,"pricefarmed_fuelmin",2023,7.26683069943696,"price.fuel.mod","farmed","min",NA,3.82141342998418,1.5,27.7695644282497
"Large",0.0556756441000978,"pricefarmed_fuelmin",2023.5,4.77055193946402,"price.fuel.mod","farmed","min",NA,3.82141342998418,1.5,18.2302512499049
"Large",0.0556756441000978,"pricefarmed_fuelmin",2024,6.48784559189535,"price.fuel.mod","farmed","min",NA,3.82141342998418,1.5,24.7927402765325
"Large",0.0556756441000978,"pricefarmed_fuelmin",2024.5,4.67201342928721,"price.fuel.mod","farmed","min",NA,3.82141342998418,1.5,17.8536948637446
"Large",0.0556756441000978,"pricefarmed_fuelmin",2025,6.92031346079084,"price.fuel.mod","farmed","min",NA,3.82141342998418,1.5,26.4453787987664
"Large",0.0556756441000978,"pricefarmed_fuelmin",2025.5,5.07303577402705,"price.fuel.mod","farmed","min",NA,3.82141342998418,1.5,19.3861670376572
"Large",0.0556756441000978,"pricefarmed_fuelmin",2026,6.98752209198976,"price.fuel.mod","farmed","min",NA,3.82141342998418,1.5,26.7022107646408
"Large",0.0556756441000978,"pricefarmed_fuelmin",2026.5,5.1549727595797,"price.fuel.mod","farmed","min",NA,3.82141342998418,1.5,19.6992821346605
"Large",0.0556756441000978,"pricefarmed_fuelmin",2027,6.81704739307297,"price.fuel.mod","farmed","min",NA,3.82141342998418,1.5,26.0507564607277
"Medium",0.0411650688596024,"pricefarmed_fuelmin",1987,16.77118699456,"price.fuel.mod","farmed","min",32.7194132783767,6.08983897957365,1.193864043,102.13382829319
"Medium",0.0411650688596024,"pricefarmed_fuelmin",1987.5,6.43334377614751,"price.fuel.mod","farmed","min",7.64637899895229,6.22272095995808,1.218517776,40.032903158449
"Medium",0.0411650688596024,"pricefarmed_fuelmin",1988,10.8379343764981,"price.fuel.mod","farmed","min",32.816615646671,5.28614926542636,0.992170369,57.2909388430643
"Medium",0.0411650688596024,"pricefarmed_fuelmin",1988.5,4.56746626149539,"price.fuel.mod","farmed","min",5.51691034329667,5.92203308328633,0.95042966,27.0486863073698
"Medium",0.0411650688596024,"pricefarmed_fuelmin",1989,48.9599422786893,"price.fuel.mod","farmed","min",36.5678534777813,5.11980548744016,1.040677249,250.665381143187
"Medium",0.0411650688596024,"pricefarmed_fuelmin",1989.5,9.83460324865674,"price.fuel.mod","farmed","min",9.12915061718908,5.89339168953183,1.319286796,57.9591690554764
"Medium",0.0411650688596024,"pricefarmed_fuelmin",1990,31.6653088566793,"price.fuel.mod","farmed","min",35.6475771015084,4.69183072247511,1.165362175,148.568268930431
"Medium",0.0411650688596024,"pricefarmed_fuelmin",1990.5,8.16709149773667,"price.fuel.mod","farmed","min",8.40505368169431,5.87198459467529,1.749252381,47.9570354580133
"Medium",0.0411650688596024,"pricefarmed_fuelmin",1991,42.3969264921548,"price.fuel.mod","farmed","min",27.3423279699856,5.29812880233018,1.109832663,224.624377378361
"Medium",0.0411650688596024,"pricefarmed_fuelmin",1991.5,12.0111234011054,"price.fuel.mod","farmed","min",6.60304838164396,5.66122882462061,1.186270087,67.9977180144128
"Medium",0.0411650688596024,"pricefarmed_fuelmin",1992,14.0957432368974,"price.fuel.mod","farmed","min",22.2825090419081,5.27007850286719,1.136504152,74.2856734147087
"Medium",0.0411650688596024,"pricefarmed_fuelmin",1992.5,9.70977124251765,"price.fuel.mod","farmed","min",8.04572442883319,5.34944559516089,1.119827889,51.9418930033059
"Medium",0.0411650688596024,"pricefarmed_fuelmin",1993,9.87115731969945,"price.fuel.mod","farmed","min",16.9236119526854,4.69304570072945,0.970890649,46.3257924204396
"Medium",0.0411650688596024,"pricefarmed_fuelmin",1993.5,9.71182227076254,"price.fuel.mod","farmed","min",6.56173810175156,5.6129027756598,0.925675909,54.5115141802777
"Medium",0.0411650688596024,"pricefarmed_fuelmin",1994,28.6600193671097,"price.fuel.mod","farmed","min",22.2137154211208,7.16914108424744,0.900017334,205.467722320073
"Medium",0.0411650688596024,"pricefarmed_fuelmin",1994.5,11.7542725558221,"price.fuel.mod","farmed","min",6.25221156996301,7.27604909512476,0.879442785,85.5246641936395
"Medium",0.0411650688596024,"pricefarmed_fuelmin",1995,38.8205992327867,"price.fuel.mod","farmed","min",20.030923425577,5.32227477000002,0.867027844,206.613895852943
"Medium",0.0411650688596024,"pricefarmed_fuelmin",1995.5,15.2042508189004,"price.fuel.mod","farmed","min",6.04923251875156,5.09212478044929,0.92666276,77.421942363089
"Medium",0.0411650688596024,"pricefarmed_fuelmin",1996,9.5557309036492,"price.fuel.mod","farmed","min",20.8366043824406,4.72257319055959,0.990501339,45.1276385817755
"Medium",0.0411650688596024,"pricefarmed_fuelmin",1996.5,8.49640854128699,"price.fuel.mod","farmed","min",6.16548682253209,5.66253041071969,1.235234785,48.1111717469361
"Medium",0.0411650688596024,"pricefarmed_fuelmin",1997,9.60595422034296,"price.fuel.mod","farmed","min",16.3328456637844,6.69271878623742,0.933448325,64.289950270226
"Medium",0.0411650688596024,"pricefarmed_fuelmin",1997.5,12.0048869760248,"price.fuel.mod","farmed","min",7.94680082880489,6.70282972128026,0.938670805,80.4667132235094
"Medium",0.0411650688596024,"pricefarmed_fuelmin",1998,24.0802463555333,"price.fuel.mod","farmed","min",24.0115004673135,4.55282361783213,0.640660448,109.633114330688
"Medium",0.0411650688596024,"pricefarmed_fuelmin",1998.5,9.85708071931299,"price.fuel.mod","farmed","min",7.21680260156809,4.56254309845653,0.622172867,44.9733556068304
"Medium",0.0411650688596024,"pricefarmed_fuelmin",1999,30.8501905994638,"price.fuel.mod","farmed","min",20.1063773758566,4.84198465538306,0.804286601,149.376149498247
"Medium",0.0411650688596024,"pricefarmed_fuelmin",1999.5,9.93835210096371,"price.fuel.mod","farmed","min",6.42932894524407,6.01017980396059,1.050467788,59.7312830818614
"Medium",0.0411650688596024,"pricefarmed_fuelmin",2000,36.7988879989563,"price.fuel.mod","farmed","min",28.1806030510016,6.33227130160756,1.327541825,233.020542406862
"Medium",0.0411650688596024,"pricefarmed_fuelmin",2000.5,10.887787008839,"price.fuel.mod","farmed","min",8.71077659307286,5.90087585057623,1.612986692,64.2474794266753
"Medium",0.0411650688596024,"pricefarmed_fuelmin",2001,27.9149415972564,"price.fuel.mod","farmed","min",28.3160763222633,4.47355045862035,1.194280761,124.878899784767
"Medium",0.0411650688596024,"pricefarmed_fuelmin",2001.5,10.6642236584208,"price.fuel.mod","farmed","min",5.47603106489692,4.42953362104376,0.975859995,47.2375372373054
"Medium",0.0411650688596024,"pricefarmed_fuelmin",2002,23.6540968034033,"price.fuel.mod","farmed","min",20.8191160581067,3.66198228125976,1.070930495,86.6208833732659
"Medium",0.0411650688596024,"pricefarmed_fuelmin",2002.5,8.101106373518,"price.fuel.mod","farmed","min",6.9024297187297,4.02193440093658,1.216097682,32.5821184092987
"Medium",0.0411650688596024,"pricefarmed_fuelmin",2003,21.5393969588878,"price.fuel.mod","farmed","min",22.7726223065002,3.41458224662662,1.210301841,73.5480424588619
"Medium",0.0411650688596024,"pricefarmed_fuelmin",2003.5,5.86536360422995,"price.fuel.mod","farmed","min",6.95872350472763,3.1173102683852,1.269159913,18.2841581912789
"Medium",0.0411650688596024,"pricefarmed_fuelmin",2004,19.4658557470449,"price.fuel.mod","farmed","min",16.488138917693,2.96352396392705,1.620877333,57.6875299847147
"Medium",0.0411650688596024,"pricefarmed_fuelmin",2004.5,4.68915262934443,"price.fuel.mod","farmed","min",5.41492897646919,3.2568059561738,2.02849139,15.271660212657
"Medium",0.0411650688596024,"pricefarmed_fuelmin",2005,10.4947094333218,"price.fuel.mod","farmed","min",12.5141930894517,3.40067473540805,2.382254002,35.6890932253459
"Medium",0.0411650688596024,"pricefarmed_fuelmin",2005.5,4.42211949815867,"price.fuel.mod","farmed","min",5.3781189264929,3.32928335785263,2.636138142,14.7224888516553
"Medium",0.0411650688596024,"pricefarmed_fuelmin",2006,20.0935323545862,"price.fuel.mod","farmed","min",21.8386311572776,2.58047613508342,2.787784045,51.8508807105362
"Medium",0.0411650688596024,"pricefarmed_fuelmin",2006.5,3.84488231664203,"price.fuel.mod","farmed","min",8.63501978553956,2.57368762405512,2.365521844,9.89552603428996
"Medium",0.0411650688596024,"pricefarmed_fuelmin",2007,10.0358585021311,"price.fuel.mod","farmed","min",17.8553156773805,2.78674750448948,2.755746336,27.9674036362235
"Medium",0.0411650688596024,"pricefarmed_fuelmin",2007.5,3.32208417331655,"price.fuel.mod","farmed","min",5.52115890238281,3.19323641553863,3.320424497,10.608200157719
"Medium",0.0411650688596024,"pricefarmed_fuelmin",2008,8.56097506680424,"price.fuel.mod","farmed","min",11.3577946496599,3.91862878927398,4.889983343,33.5472833610358
"Medium",0.0411650688596024,"pricefarmed_fuelmin",2008.5,7.26499089533838,"price.fuel.mod","farmed","min",5.08086533882322,3.33130130874346,2.844336426,24.2018736776501
"Medium",0.0411650688596024,"pricefarmed_fuelmin",2009,13.2798274090951,"price.fuel.mod","farmed","min",17.9668851781964,2.25868223125,2.278682818,29.9949102029897
"Medium",0.0411650688596024,"pricefarmed_fuelmin",2009.5,4.55477593311164,"price.fuel.mod","farmed","min",7.57574099599588,2.39828041246072,2.572136375,10.9236299035291
"Medium",0.0411650688596024,"pricefarmed_fuelmin",2010,24.0466719274362,"price.fuel.mod","farmed","min",8.04780714544663,3.03808440430528,2.70288658,73.0558189581895
"Medium",0.0411650688596024,"pricefarmed_fuelmin",2010.5,6.40850913456549,"price.fuel.mod","farmed","min",8.57478318074798,3.07854866749727,3.033457857,19.7289072568607
"Medium",0.0411650688596024,"pricefarmed_fuelmin",2011,19.0967439396111,"price.fuel.mod","farmed","min",17.8287157295084,3.21106661498974,3.91117392,61.320916919493
"Medium",0.0411650688596024,"pricefarmed_fuelmin",2011.5,4.28057255131751,"price.fuel.mod","farmed","min",8.37455860329747,3.77640735527577,3.857637569,16.165185667587
"Medium",0.0411650688596024,"pricefarmed_fuelmin",2012,16.0504173037322,"price.fuel.mod","farmed","min",18.6467153647801,3.43378376176959,3.670647018,55.1136623071814
"Medium",0.0411650688596024,"pricefarmed_fuelmin",2012.5,6.10349292244328,"price.fuel.mod","farmed","min",8.81451598006909,3.3867862695019,3.926350999,20.6712260257329
"Medium",0.0411650688596024,"pricefarmed_fuelmin",2013,9.5961366699342,"price.fuel.mod","farmed","min",14.5150058419753,4.06054672077294,3.59356354,38.9655612871903
"Medium",0.0411650688596024,"pricefarmed_fuelmin",2013.5,7.44572346698803,"price.fuel.mod","farmed","min",7.81621022101394,5.35909558500419,3.730174711,39.9023437590976
"Medium",0.0411650688596024,"pricefarmed_fuelmin",2014,8.52392036543948,"price.fuel.mod","farmed","min",14.588974377991,5.29777481788601,3.505636196,45.157810661691
"Medium",0.0411650688596024,"pricefarmed_fuelmin",2014.5,11.1188338992483,"price.fuel.mod","farmed","min",9.23671593064456,4.41155164281167,2.841017708,49.0513099543788
"Medium",0.0411650688596024,"pricefarmed_fuelmin",2015,19.6602389208487,"price.fuel.mod","farmed","min",13.2147941220035,2.81150774930967,2.014201659,55.2749140792457
"Medium",0.0411650688596024,"pricefarmed_fuelmin",2015.5,11.2642742393268,"price.fuel.mod","farmed","min",7.50525393689402,2.86759769693102,1.59375734,32.301406866293
"Medium",0.0411650688596024,"pricefarmed_fuelmin",2016,17.2326486705567,"price.fuel.mod","farmed","min",10.1808130369481,3.00596842461488,1.64619339,51.8007977761749
"Medium",0.0411650688596024,"pricefarmed_fuelmin",2016.5,9.3515200638894,"price.fuel.mod","farmed","min",5.39307169815739,4.18887393214666,1.755500592,39.1723386215728
"Medium",0.0411650688596024,"pricefarmed_fuelmin",2017,22.2159721420294,"price.fuel.mod","farmed","min",12.1331828553547,3.47942031582626,1.721349829,77.2987048068072
"Medium",0.0411650688596024,"pricefarmed_fuelmin",2017.5,12.0405975560374,"price.fuel.mod","farmed","min",7.54050854388687,3.79112272220055,2.115492451,45.6473829835658
"Medium",0.0411650688596024,"pricefarmed_fuelmin",2018,16.5541786770455,"price.fuel.mod","farmed","min",13.7781541536191,3.25380794124098,2.502609693,53.8641180400927
"Medium",0.0411650688596024,"pricefarmed_fuelmin",2018.5,7.29313982312769,"price.fuel.mod","farmed","min",8.66981088922993,3.45385243293675,2.434931942,25.1894287218574
"Medium",0.0411650688596024,"pricefarmed_fuelmin",2019,10.8588347380403,"price.fuel.mod","farmed","min",7.94919114053227,3.29851886703811,2.166705119,35.8180712574747
"Medium",0.0411650688596024,"pricefarmed_fuelmin",2019.5,7.04455879740266,"price.fuel.mod","farmed","min",5.45331074318056,3.39313131687167,2.217115677,23.9031130690108
"Medium",0.0411650688596024,"pricefarmed_fuelmin",2020,31.3809430452237,"price.fuel.mod","farmed","min",11.8094531922773,2.81936323656955,1.223776883,88.4742771505865
"Medium",0.0411650688596024,"pricefarmed_fuelmin",2020.5,15.7565224117422,"price.fuel.mod","farmed","min",5.0535056945109,2.97562041568792,1.326079845,46.8854297686243
"Medium",0.0411650688596024,"pricefarmed_fuelmin",2021,44.3839987179348,"price.fuel.mod","farmed","min",12.1371153888044,3.68191490636116,2.064034533,163.418106483479
"Medium",0.0411650688596024,"pricefarmed_fuelmin",2021.5,13.5234945256423,"price.fuel.mod","farmed","min",8.24615492050734,3.50734091870751,2.34283939,47.4315057137023
"Medium",0.0411650688596024,"pricefarmed_fuelmin",2022,6.10830031022244,"price.fuel.mod","farmed","min",7.9248694210156,2.4198801778206,3.992053255,14.7813548408827
"Medium",0.0411650688596024,"pricefarmed_fuelmin",2022.5,0.0883295852047201,"price.fuel.mod","farmed","min",5.88528355085481,1.95246160438392,3.5445,0.172460123643374
"Medium",0.0411650688596024,"pricefarmed_fuelmin",2023,17.2318980384723,"price.fuel.mod","farmed","min",NA,2.16957265744133,1.5,37.3858548200865
"Medium",0.0411650688596024,"pricefarmed_fuelmin",2023.5,4.72540065102025,"price.fuel.mod","farmed","min",NA,2.16957265744133,1.5,10.252100047909
"Medium",0.0411650688596024,"pricefarmed_fuelmin",2024,12.3649832287357,"price.fuel.mod","farmed","min",NA,2.16957265744133,1.5,26.8267295227856
"Medium",0.0411650688596024,"pricefarmed_fuelmin",2024.5,6.4157332059824,"price.fuel.mod","farmed","min",NA,2.16957265744133,1.5,13.9193993411378
"Medium",0.0411650688596024,"pricefarmed_fuelmin",2025,22.5668946084867,"price.fuel.mod","farmed","min",NA,2.16957265744133,1.5,48.960517505933
"Medium",0.0411650688596024,"pricefarmed_fuelmin",2025.5,8.93095880577784,"price.fuel.mod","farmed","min",NA,2.16957265744133,1.5,19.3763640297505
"Medium",0.0411650688596024,"pricefarmed_fuelmin",2026,23.1577151818139,"price.fuel.mod","farmed","min",NA,2.16957265744133,1.5,50.2423456672776
"Medium",0.0411650688596024,"pricefarmed_fuelmin",2026.5,9.02404051972577,"price.fuel.mod","farmed","min",NA,2.16957265744133,1.5,19.5783115712397
"Medium",0.0411650688596024,"pricefarmed_fuelmin",2027,22.3708001229319,"price.fuel.mod","farmed","min",NA,2.16957265744133,1.5,48.5350762717981
"Small",0.0614804603098788,"pricefarmed_fuelmin",1987,20.8135037500085,"price.fuel.mod","farmed","min",33.1699600876773,3.46223983102226,1.193864043,72.0613417064108
"Small",0.0614804603098788,"pricefarmed_fuelmin",1987.5,2.54120121315483,"price.fuel.mod","farmed","min",1.55534427195328,4.03600829559881,1.218517776,10.2563091770787
"Small",0.0614804603098788,"pricefarmed_fuelmin",1988,11.6315651134648,"price.fuel.mod","farmed","min",23.8431624881257,2.83796100605314,0.992170369,33.0099282313811
"Small",0.0614804603098788,"pricefarmed_fuelmin",1988.5,1.80390188171304,"price.fuel.mod","farmed","min",0.720080044745491,3.55275304925539,0.95042966,6.40881791081355
"Small",0.0614804603098788,"pricefarmed_fuelmin",1989,18.2940891156421,"price.fuel.mod","farmed","min",28.7755001766216,2.51462103845419,1.040677249,46.0027013695495
"Small",0.0614804603098788,"pricefarmed_fuelmin",1989.5,2.2731327683833,"price.fuel.mod","farmed","min",1.15542976955331,3.07473626443988,1.319286796,6.98928375683476
"Small",0.0614804603098788,"pricefarmed_fuelmin",1990,22.0223573639129,"price.fuel.mod","farmed","min",40.4141643858711,2.31713756835269,1.165362175,51.028831591611
"Small",0.0614804603098788,"pricefarmed_fuelmin",1990.5,3.10412594096034,"price.fuel.mod","farmed","min",0.71930936977849,3.31075264722307,1.749252381,10.2769931763482
"Small",0.0614804603098788,"pricefarmed_fuelmin",1991,31.2604263439201,"price.fuel.mod","farmed","min",29.6999205320081,2.75220541657956,1.109832663,86.0351147083233
"Small",0.0614804603098788,"pricefarmed_fuelmin",1991.5,4.50753668962346,"price.fuel.mod","farmed","min",1.45164641335001,3.33127362657706,1.186270087,15.0158380949711
"Small",0.0614804603098788,"pricefarmed_fuelmin",1992,9.58727414418958,"price.fuel.mod","farmed","min",22.1974889327821,3.34190966430881,1.136504152,32.0398041168451
"Small",0.0614804603098788,"pricefarmed_fuelmin",1992.5,2.66299835043843,"price.fuel.mod","farmed","min",1.90915308007694,3.40282759475462,1.119827889,9.06172427165792
"Small",0.0614804603098788,"pricefarmed_fuelmin",1993,10.7186072922499,"price.fuel.mod","farmed","min",31.251177401142,2.55240244206907,0.970890649,27.358199428318
"Small",0.0614804603098788,"pricefarmed_fuelmin",1993.5,5.70294100202214,"price.fuel.mod","farmed","min",0.649131295937703,2.80837868563889,0.925675909,16.0160179555351
"Small",0.0614804603098788,"pricefarmed_fuelmin",1994,24.7190267735338,"price.fuel.mod","farmed","min",21.9947786917798,3.00582662053682,0.900017334,74.3011087096501
"Small",0.0614804603098788,"pricefarmed_fuelmin",1994.5,3.63340718201755,"price.fuel.mod","farmed","min",1.36367695496224,3.87707147498693,0.879442785,14.0869793424129
"Small",0.0614804603098788,"pricefarmed_fuelmin",1995,28.7536075084638,"price.fuel.mod","farmed","min",34.102267260659,2.974202323365,0.867027844,85.5190462567984
"Small",0.0614804603098788,"pricefarmed_fuelmin",1995.5,4.62208016035476,"price.fuel.mod","farmed","min",0.735616089227739,3.19859578961608,0.92666276,14.7841661401787
"Small",0.0614804603098788,"pricefarmed_fuelmin",1996,17.0389034621952,"price.fuel.mod","farmed","min",33.1773985935543,2.50019980592919,0.990501339,42.6006631294266
"Small",0.0614804603098788,"pricefarmed_fuelmin",1996.5,3.15382116732046,"price.fuel.mod","farmed","min",0.716812406096025,3.16326652401382,1.235234785,9.97637692131101
"Small",0.0614804603098788,"pricefarmed_fuelmin",1997,16.6201184022468,"price.fuel.mod","farmed","min",29.4775886362047,3.20074806344115,0.933448325,53.1968117901542
"Small",0.0614804603098788,"pricefarmed_fuelmin",1997.5,4.70685088460209,"price.fuel.mod","farmed","min",1.69100390344393,3.17160491541806,0.938670805,14.9282714017438
"Small",0.0614804603098788,"pricefarmed_fuelmin",1998,39.8178823563558,"price.fuel.mod","farmed","min",34.4104421044754,2.32616054446169,0.640660448,92.622786901372
"Small",0.0614804603098788,"pricefarmed_fuelmin",1998.5,4.02765375990267,"price.fuel.mod","farmed","min",2.05210174026596,2.56029739710157,0.622172867,10.3119914379052
"Small",0.0614804603098788,"pricefarmed_fuelmin",1999,32.6134710423104,"price.fuel.mod","farmed","min",38.4741550182192,2.39087042848093,0.804286601,77.9745834851791
"Small",0.0614804603098788,"pricefarmed_fuelmin",1999.5,7.34105698362153,"price.fuel.mod","farmed","min",2.23520985136123,3.15007512047249,1.050467788,23.124880962077
"Small",0.0614804603098788,"pricefarmed_fuelmin",2000,28.5136807941917,"price.fuel.mod","farmed","min",37.0846168064626,3.42056965332977,1.327541825,97.5330312293439
"Small",0.0614804603098788,"pricefarmed_fuelmin",2000.5,3.73610614040668,"price.fuel.mod","farmed","min",1.12931721350037,3.50211131063933,1.612986692,13.0842595720673
"Small",0.0614804603098788,"pricefarmed_fuelmin",2001,12.7037455022581,"price.fuel.mod","farmed","min",38.9592104154854,3.17152612550219,1.194280761,40.2902607521424
"Small",0.0614804603098788,"pricefarmed_fuelmin",2001.5,4.55397157179257,"price.fuel.mod","farmed","min",0.95305989767346,2.72647203944922,0.975859995,12.416276158939
"Small",0.0614804603098788,"pricefarmed_fuelmin",2002,22.4343400748566,"price.fuel.mod","farmed","min",32.8442587186268,2.43724646261169,1.070930495,54.678015988472
"Small",0.0614804603098788,"pricefarmed_fuelmin",2002.5,5.48568230839342,"price.fuel.mod","farmed","min",1.87019646901045,2.48644434759047,1.216097682,13.6398437683818
"Small",0.0614804603098788,"pricefarmed_fuelmin",2003,48.5623415081451,"price.fuel.mod","farmed","min",39.9101605584912,1.87960607049409,1.210301841,91.2780718961168
"Small",0.0614804603098788,"pricefarmed_fuelmin",2003.5,2.60262514573763,"price.fuel.mod","farmed","min",1.08131262915648,1.64775643949941,1.269159913,4.28849234349227
"Small",0.0614804603098788,"pricefarmed_fuelmin",2004,16.0096258265811,"price.fuel.mod","farmed","min",37.7506649665029,1.49426390224892,1.620877333,23.9226059611721
"Small",0.0614804603098788,"pricefarmed_fuelmin",2004.5,2.63591123083775,"price.fuel.mod","farmed","min",0.542971426348707,1.95329414520825,2.02849139,5.14870997448404
"Small",0.0614804603098788,"pricefarmed_fuelmin",2005,8.38963354477427,"price.fuel.mod","farmed","min",25.5567941818433,2.276876512803,2.382254002,19.1021595691207
"Small",0.0614804603098788,"pricefarmed_fuelmin",2005.5,3.98797224216047,"price.fuel.mod","farmed","min",1.92148772697992,2.32541849460168,2.636138142,9.27370440787809
"Small",0.0614804603098788,"pricefarmed_fuelmin",2006,20.7297319353103,"price.fuel.mod","farmed","min",29.3820294770415,1.64328250817206,2.787784045,34.0648058883913
"Small",0.0614804603098788,"pricefarmed_fuelmin",2006.5,4.59297066432427,"price.fuel.mod","farmed","min",0.304521701423559,1.71856753817881,2.365521844,7.89333028751523
"Small",0.0614804603098788,"pricefarmed_fuelmin",2007,12.5553433506235,"price.fuel.mod","farmed","min",27.6217543664749,1.89961137600456,2.755746336,23.8502730584876
"Small",0.0614804603098788,"pricefarmed_fuelmin",2007.5,1.33270487173307,"price.fuel.mod","farmed","min",0.465516613623862,1.90748378576943,3.320424497,2.54211293404676
"Small",0.0614804603098788,"pricefarmed_fuelmin",2008,5.28524230597744,"price.fuel.mod","farmed","min",17.7659276919536,1.84321551806618,4.889983343,9.7418406351175
"Small",0.0614804603098788,"pricefarmed_fuelmin",2008.5,4.70922035907056,"price.fuel.mod","farmed","min",0.817461976283013,1.81599198296602,2.844336426,8.55190641809248
"Small",0.0614804603098788,"pricefarmed_fuelmin",2009,17.979744110761,"price.fuel.mod","farmed","min",18.8947247584991,1.47843200217586,2.278682818,26.581829084282
"Small",0.0614804603098788,"pricefarmed_fuelmin",2009.5,2.28293010983765,"price.fuel.mod","farmed","min",0.414448546792974,1.74489870397938,2.572136375,3.98348178993123
"Small",0.0614804603098788,"pricefarmed_fuelmin",2010,10.2851345619027,"price.fuel.mod","farmed","min",10.3898713043782,2.40726345236337,2.70288658,24.7590285335078
"Small",0.0614804603098788,"pricefarmed_fuelmin",2010.5,0.753716117605967,"price.fuel.mod","farmed","min",1.58086469169156,1.8721768967639,3.033457857,1.41108990210048
"Small",0.0614804603098788,"pricefarmed_fuelmin",2011,8.18772595541504,"price.fuel.mod","farmed","min",24.250876531461,1.46960221213565,3.91117392,12.0327001764384
"Small",0.0614804603098788,"pricefarmed_fuelmin",2011.5,0.715900385777472,"price.fuel.mod","farmed","min",1.02000463321805,2.11229011307718,3.857637569,1.5121893068259
"Small",0.0614804603098788,"pricefarmed_fuelmin",2012,8.78661668211595,"price.fuel.mod","farmed","min",14.9581501376982,2.01235528403434,3.670647018,17.6817945090403
"Small",0.0614804603098788,"pricefarmed_fuelmin",2012.5,0.634382261630834,"price.fuel.mod","farmed","min",1.06246201400765,1.95729714018241,3.926350999,1.24167458647248
"Small",0.0614804603098788,"pricefarmed_fuelmin",2013,8.52158969134006,"price.fuel.mod","farmed","min",23.121954254089,2.08313110442743,3.59356354,17.7515885451986
"Small",0.0614804603098788,"pricefarmed_fuelmin",2013.5,0.80354423404111,"price.fuel.mod","farmed","min",1.11985873291099,3.47567759827312,3.730174711,2.79286069347822
"Small",0.0614804603098788,"pricefarmed_fuelmin",2014,5.08384536835863,"price.fuel.mod","farmed","min",25.8305466848948,3.59725315728399,3.505636196,18.2878788024717
"Small",0.0614804603098788,"pricefarmed_fuelmin",2014.5,2.38240519341649,"price.fuel.mod","farmed","min",1.43466762510486,2.30597696796899,2.841017708,5.49377150438813
"Small",0.0614804603098788,"pricefarmed_fuelmin",2015,23.7255383646818,"price.fuel.mod","farmed","min",17.7198833877751,1.60367976611785,2.014201659,38.0481658156931
"Small",0.0614804603098788,"pricefarmed_fuelmin",2015.5,4.51976358059737,"price.fuel.mod","farmed","min",0.893230523631532,1.74925517610095,1.59375734,7.90621983811253
"Small",0.0614804603098788,"pricefarmed_fuelmin",2016,14.2959342187336,"price.fuel.mod","farmed","min",13.7848418529771,1.36349750789189,1.64619339,19.4924706802296
"Small",0.0614804603098788,"pricefarmed_fuelmin",2016.5,2.35587317854296,"price.fuel.mod","farmed","min",2.07950199163093,2.21804534012833,1.755500592,5.22543352560052
"Small",0.0614804603098788,"pricefarmed_fuelmin",2017,16.5151099488061,"price.fuel.mod","farmed","min",16.1131159758896,1.54110611853533,1.721349829,25.4515369903887
"Small",0.0614804603098788,"pricefarmed_fuelmin",2017.5,4.17443452801571,"price.fuel.mod","farmed","min",2.88503781328209,1.90789517166,2.115492451,7.96438348041196
"Small",0.0614804603098788,"pricefarmed_fuelmin",2018,8.59259116314626,"price.fuel.mod","farmed","min",24.659261960846,1.44488280433977,2.502609693,12.4152872163519
"Small",0.0614804603098788,"pricefarmed_fuelmin",2018.5,3.21258314899257,"price.fuel.mod","farmed","min",0.766913261974894,1.54754568558391,2.434931942,4.97161919180302
"Small",0.0614804603098788,"pricefarmed_fuelmin",2019,20.7978156247289,"price.fuel.mod","farmed","min",12.1964944971997,1.60329405331422,2.166705119,33.3450141130535
"Small",0.0614804603098788,"pricefarmed_fuelmin",2019.5,3.24676204636475,"price.fuel.mod","farmed","min",0.49134503743693,1.84553430067428,2.217115677,5.99201072269357
"Small",0.0614804603098788,"pricefarmed_fuelmin",2020,46.1233607871519,"price.fuel.mod","farmed","min",8.45437092584065,1.74321307533248,1.223776883,80.4028456024407
"Small",0.0614804603098788,"pricefarmed_fuelmin",2020.5,6.18288786912017,"price.fuel.mod","farmed","min",0.365339397994311,1.99966936626942,1.326079845,12.3637314669585
"Small",0.0614804603098788,"pricefarmed_fuelmin",2021,39.7868224520135,"price.fuel.mod","farmed","min",10.9727795586288,2.19867920946227,2.064034533,87.4784593358086
"Small",0.0614804603098788,"pricefarmed_fuelmin",2021.5,3.02972604192832,"price.fuel.mod","farmed","min",0.63159289139346,1.95371255603988,2.34283939,5.91921380947637
"Small",0.0614804603098788,"pricefarmed_fuelmin",2022,7.73812243170845,"price.fuel.mod","farmed","min",7.02551689200128,1.20079679537534,3.992053255,9.29191261821754
"Small",0.0614804603098788,"pricefarmed_fuelmin",2022.5,2.14698323252443,"price.fuel.mod","farmed","min",0.425794667042911,1.33949152023172,3.5445,2.87586583404616
"Small",0.0614804603098788,"pricefarmed_fuelmin",2023,14.3297716524821,"price.fuel.mod","farmed","min",NA,1.30444531533889,1.5,18.6924035019563
"Small",0.0614804603098788,"pricefarmed_fuelmin",2023.5,6.92532372717845,"price.fuel.mod","farmed","min",NA,1.30444531533889,1.5,9.03370609312319
"Small",0.0614804603098788,"pricefarmed_fuelmin",2024,24.9624856399027,"price.fuel.mod","farmed","min",NA,1.30444531533889,1.5,32.5621974521853
"Small",0.0614804603098788,"pricefarmed_fuelmin",2024.5,4.38260655429174,"price.fuel.mod","farmed","min",NA,1.30444531533889,1.5,5.71687058871938
"Small",0.0614804603098788,"pricefarmed_fuelmin",2025,25.1915254406018,"price.fuel.mod","farmed","min",NA,1.30444531533889,1.5,32.8609673472335
"Small",0.0614804603098788,"pricefarmed_fuelmin",2025.5,3.46495318221999,"price.fuel.mod","farmed","min",NA,1.30444531533889,1.5,4.51984194641544
"Small",0.0614804603098788,"pricefarmed_fuelmin",2026,27.080812310274,"price.fuel.mod","farmed","min",NA,1.30444531533889,1.5,35.3254387537087
"Small",0.0614804603098788,"pricefarmed_fuelmin",2026.5,3.76217236610816,"price.fuel.mod","farmed","min",NA,1.30444531533889,1.5,4.90754811846721
"Small",0.0614804603098788,"pricefarmed_fuelmin",2027,25.4846821530533,"price.fuel.mod","farmed","min",NA,1.30444531533889,1.5,33.243374247451
"Large",0.157354900618331,"pricetariffs_fuelmin",1987,5.37542376888951,"price.fuel.mod","tariffs","min",6.71737977735683,12.5899917441796,1.193864043,67.6765408717856
"Large",0.157354900618331,"pricetariffs_fuelmin",1987.5,6.26413715932755,"price.fuel.mod","tariffs","min",10.622314411265,12.0793895597091,1.218517776,75.6669530029669
"Large",0.157354900618331,"pricetariffs_fuelmin",1988,2.65787682022248,"price.fuel.mod","tariffs","min",8.57325287037129,12.6057295038419,0.992170369,33.5044762502561
"Large",0.157354900618331,"pricetariffs_fuelmin",1988.5,8.15074675368682,"price.fuel.mod","tariffs","min",10.8087014478752,12.5584041151657,0.95042966,102.360371573174
"Large",0.157354900618331,"pricetariffs_fuelmin",1989,13.0134055141867,"price.fuel.mod","tariffs","min",8.31618564404666,10.1603157047673,1.040677249,132.220308418297
"Large",0.157354900618331,"pricetariffs_fuelmin",1989.5,9.45511619314545,"price.fuel.mod","tariffs","min",13.0119615266943,8.85794163390862,1.319286796,83.7528673807066
"Large",0.157354900618331,"pricetariffs_fuelmin",1990,7.17986244777725,"price.fuel.mod","tariffs","min",10.4664894841967,8.57265311491896,1.165362175,61.5504701776273
"Large",0.157354900618331,"pricetariffs_fuelmin",1990.5,7.88615086783963,"price.fuel.mod","tariffs","min",12.3173138400001,10.121152066617,1.749252381,79.8169321536887
"Large",0.157354900618331,"pricetariffs_fuelmin",1991,17.4064597169755,"price.fuel.mod","tariffs","min",10.6108380057583,9.45743851223052,1.109832663,164.620522488914
"Large",0.157354900618331,"pricetariffs_fuelmin",1991.5,10.6322178974377,"price.fuel.mod","tariffs","min",12.4879838019052,8.90923640938927,1.186270087,94.7249428044119
"Large",0.157354900618331,"pricetariffs_fuelmin",1992,5.97765522234903,"price.fuel.mod","tariffs","min",4.36900738448302,9.78433680553042,1.136504152,58.4873920028007
"Large",0.157354900618331,"pricetariffs_fuelmin",1992.5,9.32278461450246,"price.fuel.mod","tariffs","min",12.1414743179632,9.61389512435446,1.119827889,89.628273550772
"Large",0.157354900618331,"pricetariffs_fuelmin",1993,4.27003854406339,"price.fuel.mod","tariffs","min",3.71286139165064,9.68624084782594,0.970890649,41.360621767298
"Large",0.157354900618331,"pricetariffs_fuelmin",1993.5,6.28028305462361,"price.fuel.mod","tariffs","min",9.6599860067035,9.72021935763151,0.925675909,61.0457289189576
"Large",0.157354900618331,"pricetariffs_fuelmin",1994,7.93146522942181,"price.fuel.mod","tariffs","min",5.51132667262915,10.8613688089981,0.900017334,86.1465690524952
"Large",0.157354900618331,"pricetariffs_fuelmin",1994.5,10.5220834343964,"price.fuel.mod","tariffs","min",11.8112138407078,10.7633585365074,0.879442785,113.252956555454
"Large",0.157354900618331,"pricetariffs_fuelmin",1995,10.0269293104296,"price.fuel.mod","tariffs","min",6.21391252952628,10.7890232405838,0.867027844,108.180773361917
"Large",0.157354900618331,"pricetariffs_fuelmin",1995.5,11.1595797370325,"price.fuel.mod","tariffs","min",11.1939421930543,9.62593281197826,0.92666276,107.421364758589
"Large",0.157354900618331,"pricetariffs_fuelmin",1996,4.58253783737548,"price.fuel.mod","tariffs","min",4.69273193485784,10.3436601282369,0.990501339,47.4002139145976
"Large",0.157354900618331,"pricetariffs_fuelmin",1996.5,7.09674340765516,"price.fuel.mod","tariffs","min",10.9515132054804,10.4387237810633,1.235234785,74.0809441775942
"Large",0.157354900618331,"pricetariffs_fuelmin",1997,4.54370661792861,"price.fuel.mod","tariffs","min",3.43510362636754,11.5771198057125,0.933448325,52.6030358777684
"Large",0.157354900618331,"pricetariffs_fuelmin",1997.5,8.73187356309806,"price.fuel.mod","tariffs","min",9.04681397446952,11.3781664584964,0.938670805,99.3527108954737
"Large",0.157354900618331,"pricetariffs_fuelmin",1998,5.58296406208453,"price.fuel.mod","tariffs","min",4.24075938686746,10.7769406001589,0.640660448,60.167272069907
"Large",0.157354900618331,"pricetariffs_fuelmin",1998.5,9.71903166275535,"price.fuel.mod","tariffs","min",12.0293003674683,9.51226679526253,0.622172867,92.4500221677329
"Large",0.157354900618331,"pricetariffs_fuelmin",1999,8.78414542346186,"price.fuel.mod","tariffs","min",6.26837397930924,10.3714508913732,0.804286601,91.1043328821157
"Large",0.157354900618331,"pricetariffs_fuelmin",1999.5,9.05061664424378,"price.fuel.mod","tariffs","min",9.94572173827841,10.6330528005955,1.050467788,96.2356846561922
"Large",0.157354900618331,"pricetariffs_fuelmin",2000,12.168715429895,"price.fuel.mod","tariffs","min",9.60103636139893,10.7508888167683,1.327541825,130.824506629694
"Large",0.157354900618331,"pricetariffs_fuelmin",2000.5,10.3147129121958,"price.fuel.mod","tariffs","min",12.330422287742,9.34581671991077,1.612986692,96.3994163958789
"Large",0.157354900618331,"pricetariffs_fuelmin",2001,9.24977991510604,"price.fuel.mod","tariffs","min",7.91172740953807,9.69680841162668,1.194280761,89.6933436864958
"Large",0.157354900618331,"pricetariffs_fuelmin",2001.5,7.54250673054405,"price.fuel.mod","tariffs","min",9.53611922083641,8.24439553464669,0.975859995,62.1834088093399
"Large",0.157354900618331,"pricetariffs_fuelmin",2002,6.33880904295416,"price.fuel.mod","tariffs","min",5.90490467986567,7.03546425864735,1.070930495,44.5964644640947
"Large",0.157354900618331,"pricetariffs_fuelmin",2002.5,6.58208886146631,"price.fuel.mod","tariffs","min",8.21494371689397,7.15032103828286,1.216097682,47.0640484619898
"Large",0.157354900618331,"pricetariffs_fuelmin",2003,7.07648969967173,"price.fuel.mod","tariffs","min",5.88659270493106,6.83775934994511,1.210301841,48.3873336087207
"Large",0.157354900618331,"pricetariffs_fuelmin",2003.5,8.61205292955769,"price.fuel.mod","tariffs","min",9.7458138599594,6.03783529573531,1.269159913,51.9981571468241
"Large",0.157354900618331,"pricetariffs_fuelmin",2004,13.9126331690354,"price.fuel.mod","tariffs","min",6.97115490146669,6.51352108495447,1.620877333,90.6202294937492
"Large",0.157354900618331,"pricetariffs_fuelmin",2004.5,9.15361279753341,"price.fuel.mod","tariffs","min",10.0288422319289,6.56657427628878,2.02849139,60.1078783313907
"Large",0.157354900618331,"pricetariffs_fuelmin",2005,4.64616903864719,"price.fuel.mod","tariffs","min",5.57953019668072,6.02719887276295,2.382254002,28.0033847924005
"Large",0.157354900618331,"pricetariffs_fuelmin",2005.5,7.07130337511595,"price.fuel.mod","tariffs","min",10.0812503959341,5.6234149093112,2.636138142,39.7648728278896
"Large",0.157354900618331,"pricetariffs_fuelmin",2006,8.71940942021577,"price.fuel.mod","tariffs","min",9.32814760671619,4.72089382927121,2.787784045,41.1634061267859
"Large",0.157354900618331,"pricetariffs_fuelmin",2006.5,6.84934689025661,"price.fuel.mod","tariffs","min",19.3733736458873,4.22533641185959,2.365521844,28.9407948128585
"Large",0.157354900618331,"pricetariffs_fuelmin",2007,7.0796881835825,"price.fuel.mod","tariffs","min",8.93251755415469,5.4674366499906,2.755746336,38.7077466454244
"Large",0.157354900618331,"pricetariffs_fuelmin",2007.5,8.94784450255713,"price.fuel.mod","tariffs","min",11.9723465627928,5.86706497636183,3.320424497,52.4975850948847
"Large",0.157354900618331,"pricetariffs_fuelmin",2008,7.21652559899077,"price.fuel.mod","tariffs","min",6.8632023388661,6.87395329195337,4.889983343,49.6060598976483
"Large",0.157354900618331,"pricetariffs_fuelmin",2008.5,10.6410019637121,"price.fuel.mod","tariffs","min",12.9867202704612,4.910949850942,2.844336426,52.2574270075657
"Large",0.157354900618331,"pricetariffs_fuelmin",2009,2.28212544244915,"price.fuel.mod","tariffs","min",11.3957385120874,3.4946185695594,2.278682818,7.97515794924676
"Large",0.157354900618331,"pricetariffs_fuelmin",2009.5,7.97783950060318,"price.fuel.mod","tariffs","min",20.1822701677183,3.95084796176061,2.572136375,31.5192309302114
"Large",0.157354900618331,"pricetariffs_fuelmin",2010,32.9756449667265,"price.fuel.mod","tariffs","min",4.93689076135254,6.8935907213382,2.70288658,227.320600172769
"Large",0.157354900618331,"pricetariffs_fuelmin",2010.5,30.8204377813916,"price.fuel.mod","tariffs","min",11.8949437102665,6.08552889172307,3.033457857,187.558664574212
"Large",0.157354900618331,"pricetariffs_fuelmin",2011,25.5693977207293,"price.fuel.mod","tariffs","min",7.43116987306931,6.42924813142202,3.91117392,164.392002517585
"Large",0.157354900618331,"pricetariffs_fuelmin",2011.5,23.537915099518,"price.fuel.mod","tariffs","min",15.2124204306267,6.12657011782144,3.857637569,144.206687284525
"Large",0.157354900618331,"pricetariffs_fuelmin",2012,13.5368738040848,"price.fuel.mod","tariffs","min",8.20944256638802,5.37802611663949,3.670647018,72.8016608560212
"Large",0.157354900618331,"pricetariffs_fuelmin",2012.5,12.7470567775555,"price.fuel.mod","tariffs","min",12.7487994935888,5.26996060725231,3.926350999,67.1764870761259
"Large",0.157354900618331,"pricetariffs_fuelmin",2013,15.454028675404,"price.fuel.mod","tariffs","min",8.12879485408897,7.29940876517483,3.59356354,112.805272370507
"Large",0.157354900618331,"pricetariffs_fuelmin",2013.5,20.5189211531366,"price.fuel.mod","tariffs","min",12.1287990775526,8.36406624719241,3.730174711,171.621615845752
"Large",0.157354900618331,"pricetariffs_fuelmin",2014,8.95226849401108,"price.fuel.mod","tariffs","min",4.83811460324899,9.26869378396509,3.505636196,82.9758353428271
"Large",0.157354900618331,"pricetariffs_fuelmin",2014.5,25.2231454861815,"price.fuel.mod","tariffs","min",13.2014758885329,7.64784836022419,2.841017708,192.90279184619
"Large",0.157354900618331,"pricetariffs_fuelmin",2015,6.05948419889366,"price.fuel.mod","tariffs","min",11.9161098619624,4.35779288507159,2.014201659,26.4059771291425
"Large",0.157354900618331,"pricetariffs_fuelmin",2015.5,15.1309714539705,"price.fuel.mod","tariffs","min",12.4991106317133,4.55318414231323,1.59375734,68.8940992820127
"Large",0.157354900618331,"pricetariffs_fuelmin",2016,11.9608213583819,"price.fuel.mod","tariffs","min",9.63632679089192,4.88277904371158,1.64619339,58.4020478742851
"Large",0.157354900618331,"pricetariffs_fuelmin",2016.5,16.5987943166205,"price.fuel.mod","tariffs","min",9.76216658287913,6.21792739900937,1.755500592,103.210097971835
"Large",0.157354900618331,"pricetariffs_fuelmin",2017,8.54951933992999,"price.fuel.mod","tariffs","min",9.02808762228676,4.92061824876707,1.721349829,42.0689208822465
"Large",0.157354900618331,"pricetariffs_fuelmin",2017.5,10.9667803741238,"price.fuel.mod","tariffs","min",9.08662344104663,5.10145524158574,2.115492451,55.9465392228937
"Large",0.157354900618331,"pricetariffs_fuelmin",2018,6.59240588011919,"price.fuel.mod","tariffs","min",10.2255227834163,4.71837605093946,2.502609693,31.1054500228268
"Large",0.157354900618331,"pricetariffs_fuelmin",2018.5,11.486619833874,"price.fuel.mod","tariffs","min",12.0208463089032,5.01855298773329,2.434931942,57.6462102862448
"Large",0.157354900618331,"pricetariffs_fuelmin",2019,5.46389989185006,"price.fuel.mod","tariffs","min",6.49742860601407,4.88494408016038,2.166705119,26.6908454312819
"Large",0.157354900618331,"pricetariffs_fuelmin",2019.5,9.12293392269843,"price.fuel.mod","tariffs","min",8.12546140575837,5.17750496313892,2.217115677,47.2340356631596
"Large",0.157354900618331,"pricetariffs_fuelmin",2020,9.52477947537156,"price.fuel.mod","tariffs","min",6.99253856614546,4.68046753159861,1.223776883,44.5804210801135
"Large",0.157354900618331,"pricetariffs_fuelmin",2020.5,18.77433405639,"price.fuel.mod","tariffs","min",8.32614451400999,5.40555837390546,1.326079845,101.485758673017
"Large",0.157354900618331,"pricetariffs_fuelmin",2021,17.0195093445105,"price.fuel.mod","tariffs","min",4.15856313937567,6.22144464823613,2.064034533,105.88593532701
"Large",0.157354900618331,"pricetariffs_fuelmin",2021.5,15.3668926180311,"price.fuel.mod","tariffs","min",5.87361341229464,6.47320276956418,2.34283939,99.4730118546345
"Large",0.157354900618331,"pricetariffs_fuelmin",2022,6.57805714616534,"price.fuel.mod","tariffs","min",4.33617367568456,4.29638469636797,3.992053255,28.2618640546187
"Large",0.157354900618331,"pricetariffs_fuelmin",2022.5,0.289190169552395,"price.fuel.mod","tariffs","min",5.27214346715716,3.49424942020108,3.5445,1.01050258228631
"Large",0.157354900618331,"pricetariffs_fuelmin",2023,20.5380905960301,"price.fuel.mod","tariffs","min",NA,6.36902238330697,1.5,130.807558716502
"Large",0.157354900618331,"pricetariffs_fuelmin",2023.5,13.3734739011154,"price.fuel.mod","tariffs","min",NA,6.36902238330697,1.5,85.1759546187757
"Large",0.157354900618331,"pricetariffs_fuelmin",2024,18.350728030682,"price.fuel.mod","tariffs","min",NA,6.36902238330697,1.5,116.876197577393
"Large",0.157354900618331,"pricetariffs_fuelmin",2024.5,13.9373360160855,"price.fuel.mod","tariffs","min",NA,6.36902238330697,1.5,88.7672050501191
"Large",0.157354900618331,"pricetariffs_fuelmin",2025,19.34958190198,"price.fuel.mod","tariffs","min",NA,6.36902238330697,1.5,123.237920241342
"Large",0.157354900618331,"pricetariffs_fuelmin",2025.5,14.9899962846236,"price.fuel.mod","tariffs","min",NA,6.36902238330697,1.5,95.4716218624558
"Large",0.157354900618331,"pricetariffs_fuelmin",2026,18.9637696416789,"price.fuel.mod","tariffs","min",NA,6.36902238330697,1.5,120.78067331973
"Large",0.157354900618331,"pricetariffs_fuelmin",2026.5,15.2181227696225,"price.fuel.mod","tariffs","min",NA,6.36902238330697,1.5,96.9245645516388
"Large",0.157354900618331,"pricetariffs_fuelmin",2027,18.7370295071793,"price.fuel.mod","tariffs","min",NA,6.36902238330697,1.5,119.336560327908
"Medium",0.0703711355179666,"pricetariffs_fuelmin",1987,16.77118699456,"price.fuel.mod","tariffs","min",32.7194132783767,6.08983897957365,1.193864043,102.13382829319
"Medium",0.0703711355179666,"pricetariffs_fuelmin",1987.5,6.43334377614751,"price.fuel.mod","tariffs","min",7.64637899895229,6.22272095995808,1.218517776,40.032903158449
"Medium",0.0703711355179666,"pricetariffs_fuelmin",1988,10.8379343764981,"price.fuel.mod","tariffs","min",32.816615646671,5.28614926542636,0.992170369,57.2909388430643
"Medium",0.0703711355179666,"pricetariffs_fuelmin",1988.5,4.56746626149539,"price.fuel.mod","tariffs","min",5.51691034329667,5.92203308328633,0.95042966,27.0486863073698
"Medium",0.0703711355179666,"pricetariffs_fuelmin",1989,48.9599422786893,"price.fuel.mod","tariffs","min",36.5678534777813,5.11980548744016,1.040677249,250.665381143187
"Medium",0.0703711355179666,"pricetariffs_fuelmin",1989.5,9.83460324865674,"price.fuel.mod","tariffs","min",9.12915061718908,5.89339168953183,1.319286796,57.9591690554764
"Medium",0.0703711355179666,"pricetariffs_fuelmin",1990,31.6653088566793,"price.fuel.mod","tariffs","min",35.6475771015084,4.69183072247511,1.165362175,148.568268930431
"Medium",0.0703711355179666,"pricetariffs_fuelmin",1990.5,8.16709149773667,"price.fuel.mod","tariffs","min",8.40505368169431,5.87198459467529,1.749252381,47.9570354580133
"Medium",0.0703711355179666,"pricetariffs_fuelmin",1991,42.3969264921548,"price.fuel.mod","tariffs","min",27.3423279699856,5.29812880233018,1.109832663,224.624377378361
"Medium",0.0703711355179666,"pricetariffs_fuelmin",1991.5,12.0111234011054,"price.fuel.mod","tariffs","min",6.60304838164396,5.66122882462061,1.186270087,67.9977180144128
"Medium",0.0703711355179666,"pricetariffs_fuelmin",1992,14.0957432368974,"price.fuel.mod","tariffs","min",22.2825090419081,5.27007850286719,1.136504152,74.2856734147087
"Medium",0.0703711355179666,"pricetariffs_fuelmin",1992.5,9.70977124251765,"price.fuel.mod","tariffs","min",8.04572442883319,5.34944559516089,1.119827889,51.9418930033059
"Medium",0.0703711355179666,"pricetariffs_fuelmin",1993,9.87115731969945,"price.fuel.mod","tariffs","min",16.9236119526854,4.69304570072945,0.970890649,46.3257924204396
"Medium",0.0703711355179666,"pricetariffs_fuelmin",1993.5,9.71182227076254,"price.fuel.mod","tariffs","min",6.56173810175156,5.6129027756598,0.925675909,54.5115141802777
"Medium",0.0703711355179666,"pricetariffs_fuelmin",1994,28.6600193671097,"price.fuel.mod","tariffs","min",22.2137154211208,7.16914108424744,0.900017334,205.467722320073
"Medium",0.0703711355179666,"pricetariffs_fuelmin",1994.5,11.7542725558221,"price.fuel.mod","tariffs","min",6.25221156996301,7.27604909512476,0.879442785,85.5246641936395
"Medium",0.0703711355179666,"pricetariffs_fuelmin",1995,38.8205992327867,"price.fuel.mod","tariffs","min",20.030923425577,5.32227477000002,0.867027844,206.613895852943
"Medium",0.0703711355179666,"pricetariffs_fuelmin",1995.5,15.2042508189004,"price.fuel.mod","tariffs","min",6.04923251875156,5.09212478044929,0.92666276,77.421942363089
"Medium",0.0703711355179666,"pricetariffs_fuelmin",1996,9.5557309036492,"price.fuel.mod","tariffs","min",20.8366043824406,4.72257319055959,0.990501339,45.1276385817755
"Medium",0.0703711355179666,"pricetariffs_fuelmin",1996.5,8.49640854128699,"price.fuel.mod","tariffs","min",6.16548682253209,5.66253041071969,1.235234785,48.1111717469361
"Medium",0.0703711355179666,"pricetariffs_fuelmin",1997,9.60595422034296,"price.fuel.mod","tariffs","min",16.3328456637844,6.69271878623742,0.933448325,64.289950270226
"Medium",0.0703711355179666,"pricetariffs_fuelmin",1997.5,12.0048869760248,"price.fuel.mod","tariffs","min",7.94680082880489,6.70282972128026,0.938670805,80.4667132235094
"Medium",0.0703711355179666,"pricetariffs_fuelmin",1998,24.0802463555333,"price.fuel.mod","tariffs","min",24.0115004673135,4.55282361783213,0.640660448,109.633114330688
"Medium",0.0703711355179666,"pricetariffs_fuelmin",1998.5,9.85708071931299,"price.fuel.mod","tariffs","min",7.21680260156809,4.56254309845653,0.622172867,44.9733556068304
"Medium",0.0703711355179666,"pricetariffs_fuelmin",1999,30.8501905994638,"price.fuel.mod","tariffs","min",20.1063773758566,4.84198465538306,0.804286601,149.376149498247
"Medium",0.0703711355179666,"pricetariffs_fuelmin",1999.5,9.93835210096371,"price.fuel.mod","tariffs","min",6.42932894524407,6.01017980396059,1.050467788,59.7312830818614
"Medium",0.0703711355179666,"pricetariffs_fuelmin",2000,36.7988879989563,"price.fuel.mod","tariffs","min",28.1806030510016,6.33227130160756,1.327541825,233.020542406862
"Medium",0.0703711355179666,"pricetariffs_fuelmin",2000.5,10.887787008839,"price.fuel.mod","tariffs","min",8.71077659307286,5.90087585057623,1.612986692,64.2474794266753
"Medium",0.0703711355179666,"pricetariffs_fuelmin",2001,27.9149415972564,"price.fuel.mod","tariffs","min",28.3160763222633,4.47355045862035,1.194280761,124.878899784767
"Medium",0.0703711355179666,"pricetariffs_fuelmin",2001.5,10.6642236584208,"price.fuel.mod","tariffs","min",5.47603106489692,4.42953362104376,0.975859995,47.2375372373054
"Medium",0.0703711355179666,"pricetariffs_fuelmin",2002,23.6540968034033,"price.fuel.mod","tariffs","min",20.8191160581067,3.66198228125976,1.070930495,86.6208833732659
"Medium",0.0703711355179666,"pricetariffs_fuelmin",2002.5,8.101106373518,"price.fuel.mod","tariffs","min",6.9024297187297,4.02193440093658,1.216097682,32.5821184092987
"Medium",0.0703711355179666,"pricetariffs_fuelmin",2003,21.5393969588878,"price.fuel.mod","tariffs","min",22.7726223065002,3.41458224662662,1.210301841,73.5480424588619
"Medium",0.0703711355179666,"pricetariffs_fuelmin",2003.5,5.86536360422995,"price.fuel.mod","tariffs","min",6.95872350472763,3.1173102683852,1.269159913,18.2841581912789
"Medium",0.0703711355179666,"pricetariffs_fuelmin",2004,19.4658557470449,"price.fuel.mod","tariffs","min",16.488138917693,2.96352396392705,1.620877333,57.6875299847147
"Medium",0.0703711355179666,"pricetariffs_fuelmin",2004.5,4.68915262934443,"price.fuel.mod","tariffs","min",5.41492897646919,3.2568059561738,2.02849139,15.271660212657
"Medium",0.0703711355179666,"pricetariffs_fuelmin",2005,10.4947094333218,"price.fuel.mod","tariffs","min",12.5141930894517,3.40067473540805,2.382254002,35.6890932253459
"Medium",0.0703711355179666,"pricetariffs_fuelmin",2005.5,4.42211949815867,"price.fuel.mod","tariffs","min",5.3781189264929,3.32928335785263,2.636138142,14.7224888516553
"Medium",0.0703711355179666,"pricetariffs_fuelmin",2006,20.0935323545862,"price.fuel.mod","tariffs","min",21.8386311572776,2.58047613508342,2.787784045,51.8508807105362
"Medium",0.0703711355179666,"pricetariffs_fuelmin",2006.5,3.84488231664203,"price.fuel.mod","tariffs","min",8.63501978553956,2.57368762405512,2.365521844,9.89552603428996
"Medium",0.0703711355179666,"pricetariffs_fuelmin",2007,10.0358585021311,"price.fuel.mod","tariffs","min",17.8553156773805,2.78674750448948,2.755746336,27.9674036362235
"Medium",0.0703711355179666,"pricetariffs_fuelmin",2007.5,3.32208417331655,"price.fuel.mod","tariffs","min",5.52115890238281,3.19323641553863,3.320424497,10.608200157719
"Medium",0.0703711355179666,"pricetariffs_fuelmin",2008,8.56097506680424,"price.fuel.mod","tariffs","min",11.3577946496599,3.91862878927398,4.889983343,33.5472833610358
"Medium",0.0703711355179666,"pricetariffs_fuelmin",2008.5,7.26499089533838,"price.fuel.mod","tariffs","min",5.08086533882322,3.33130130874346,2.844336426,24.2018736776501
"Medium",0.0703711355179666,"pricetariffs_fuelmin",2009,13.2798274090951,"price.fuel.mod","tariffs","min",17.9668851781964,2.25868223125,2.278682818,29.9949102029897
"Medium",0.0703711355179666,"pricetariffs_fuelmin",2009.5,4.55477593311164,"price.fuel.mod","tariffs","min",7.57574099599588,2.39828041246072,2.572136375,10.9236299035291
"Medium",0.0703711355179666,"pricetariffs_fuelmin",2010,24.0466719274362,"price.fuel.mod","tariffs","min",8.04780714544663,3.03808440430528,2.70288658,73.0558189581895
"Medium",0.0703711355179666,"pricetariffs_fuelmin",2010.5,6.40850913456549,"price.fuel.mod","tariffs","min",8.57478318074798,3.07854866749727,3.033457857,19.7289072568607
"Medium",0.0703711355179666,"pricetariffs_fuelmin",2011,19.0967439396111,"price.fuel.mod","tariffs","min",17.8287157295084,3.21106661498974,3.91117392,61.320916919493
"Medium",0.0703711355179666,"pricetariffs_fuelmin",2011.5,4.28057255131751,"price.fuel.mod","tariffs","min",8.37455860329747,3.77640735527577,3.857637569,16.165185667587
"Medium",0.0703711355179666,"pricetariffs_fuelmin",2012,16.0504173037322,"price.fuel.mod","tariffs","min",18.6467153647801,3.43378376176959,3.670647018,55.1136623071814
"Medium",0.0703711355179666,"pricetariffs_fuelmin",2012.5,6.10349292244328,"price.fuel.mod","tariffs","min",8.81451598006909,3.3867862695019,3.926350999,20.6712260257329
"Medium",0.0703711355179666,"pricetariffs_fuelmin",2013,9.5961366699342,"price.fuel.mod","tariffs","min",14.5150058419753,4.06054672077294,3.59356354,38.9655612871903
"Medium",0.0703711355179666,"pricetariffs_fuelmin",2013.5,7.44572346698803,"price.fuel.mod","tariffs","min",7.81621022101394,5.35909558500419,3.730174711,39.9023437590976
"Medium",0.0703711355179666,"pricetariffs_fuelmin",2014,8.52392036543948,"price.fuel.mod","tariffs","min",14.588974377991,5.29777481788601,3.505636196,45.157810661691
"Medium",0.0703711355179666,"pricetariffs_fuelmin",2014.5,11.1188338992483,"price.fuel.mod","tariffs","min",9.23671593064456,4.41155164281167,2.841017708,49.0513099543788
"Medium",0.0703711355179666,"pricetariffs_fuelmin",2015,19.6602389208487,"price.fuel.mod","tariffs","min",13.2147941220035,2.81150774930967,2.014201659,55.2749140792457
"Medium",0.0703711355179666,"pricetariffs_fuelmin",2015.5,11.2642742393268,"price.fuel.mod","tariffs","min",7.50525393689402,2.86759769693102,1.59375734,32.301406866293
"Medium",0.0703711355179666,"pricetariffs_fuelmin",2016,17.2326486705567,"price.fuel.mod","tariffs","min",10.1808130369481,3.00596842461488,1.64619339,51.8007977761749
"Medium",0.0703711355179666,"pricetariffs_fuelmin",2016.5,9.3515200638894,"price.fuel.mod","tariffs","min",5.39307169815739,4.18887393214666,1.755500592,39.1723386215728
"Medium",0.0703711355179666,"pricetariffs_fuelmin",2017,22.2159721420294,"price.fuel.mod","tariffs","min",12.1331828553547,3.47942031582626,1.721349829,77.2987048068072
"Medium",0.0703711355179666,"pricetariffs_fuelmin",2017.5,12.0405975560374,"price.fuel.mod","tariffs","min",7.54050854388687,3.79112272220055,2.115492451,45.6473829835658
"Medium",0.0703711355179666,"pricetariffs_fuelmin",2018,16.5541786770455,"price.fuel.mod","tariffs","min",13.7781541536191,3.25380794124098,2.502609693,53.8641180400927
"Medium",0.0703711355179666,"pricetariffs_fuelmin",2018.5,7.29313982312769,"price.fuel.mod","tariffs","min",8.66981088922993,3.45385243293675,2.434931942,25.1894287218574
"Medium",0.0703711355179666,"pricetariffs_fuelmin",2019,10.8588347380403,"price.fuel.mod","tariffs","min",7.94919114053227,3.29851886703811,2.166705119,35.8180712574747
"Medium",0.0703711355179666,"pricetariffs_fuelmin",2019.5,7.04455879740266,"price.fuel.mod","tariffs","min",5.45331074318056,3.39313131687167,2.217115677,23.9031130690108
"Medium",0.0703711355179666,"pricetariffs_fuelmin",2020,31.3809430452237,"price.fuel.mod","tariffs","min",11.8094531922773,2.81936323656955,1.223776883,88.4742771505865
"Medium",0.0703711355179666,"pricetariffs_fuelmin",2020.5,15.7565224117422,"price.fuel.mod","tariffs","min",5.0535056945109,2.97562041568792,1.326079845,46.8854297686243
"Medium",0.0703711355179666,"pricetariffs_fuelmin",2021,44.3839987179348,"price.fuel.mod","tariffs","min",12.1371153888044,3.68191490636116,2.064034533,163.418106483479
"Medium",0.0703711355179666,"pricetariffs_fuelmin",2021.5,13.5234945256423,"price.fuel.mod","tariffs","min",8.24615492050734,3.50734091870751,2.34283939,47.4315057137023
"Medium",0.0703711355179666,"pricetariffs_fuelmin",2022,6.10830031022244,"price.fuel.mod","tariffs","min",7.9248694210156,2.4198801778206,3.992053255,14.7813548408827
"Medium",0.0703711355179666,"pricetariffs_fuelmin",2022.5,0.0883295852047201,"price.fuel.mod","tariffs","min",5.88528355085481,1.95246160438392,3.5445,0.172460123643374
"Medium",0.0703711355179666,"pricetariffs_fuelmin",2023,29.4576995907115,"price.fuel.mod","tariffs","min",NA,3.61595442906889,1.5,106.517699305214
"Medium",0.0703711355179666,"pricetariffs_fuelmin",2023.5,7.84388896087375,"price.fuel.mod","tariffs","min",NA,3.61595442906889,1.5,28.363145029196
"Medium",0.0703711355179666,"pricetariffs_fuelmin",2024,20.2973251632963,"price.fuel.mod","tariffs","min",NA,3.61595442906889,1.5,73.3942028224726
"Medium",0.0703711355179666,"pricetariffs_fuelmin",2024.5,11.986295243559,"price.fuel.mod","tariffs","min",NA,3.61595442906889,1.5,43.3418973740743
"Medium",0.0703711355179666,"pricetariffs_fuelmin",2025,38.0142357030361,"price.fuel.mod","tariffs","min",NA,3.61595442906889,1.5,137.457743958062
"Medium",0.0703711355179666,"pricetariffs_fuelmin",2025.5,14.3888720272519,"price.fuel.mod","tariffs","min",NA,3.61595442906889,1.5,52.0295055362469
"Medium",0.0703711355179666,"pricetariffs_fuelmin",2026,33.6089745994946,"price.fuel.mod","tariffs","min",NA,3.61595442906889,1.5,121.528520559506
"Medium",0.0703711355179666,"pricetariffs_fuelmin",2026.5,10.3265025885176,"price.fuel.mod","tariffs","min",NA,3.61595442906889,1.5,37.3401627717415
"Medium",0.0703711355179666,"pricetariffs_fuelmin",2027,33.1190928199183,"price.fuel.mod","tariffs","min",NA,3.61595442906889,1.5,119.757130368927
"Small",0.0566659396124421,"pricetariffs_fuelmin",1987,20.8135037500085,"price.fuel.mod","tariffs","min",33.1699600876773,3.46223983102226,1.193864043,72.0613417064108
"Small",0.0566659396124421,"pricetariffs_fuelmin",1987.5,2.54120121315483,"price.fuel.mod","tariffs","min",1.55534427195328,4.03600829559881,1.218517776,10.2563091770787
"Small",0.0566659396124421,"pricetariffs_fuelmin",1988,11.6315651134648,"price.fuel.mod","tariffs","min",23.8431624881257,2.83796100605314,0.992170369,33.0099282313811
"Small",0.0566659396124421,"pricetariffs_fuelmin",1988.5,1.80390188171304,"price.fuel.mod","tariffs","min",0.720080044745491,3.55275304925539,0.95042966,6.40881791081355
"Small",0.0566659396124421,"pricetariffs_fuelmin",1989,18.2940891156421,"price.fuel.mod","tariffs","min",28.7755001766216,2.51462103845419,1.040677249,46.0027013695495
"Small",0.0566659396124421,"pricetariffs_fuelmin",1989.5,2.2731327683833,"price.fuel.mod","tariffs","min",1.15542976955331,3.07473626443988,1.319286796,6.98928375683476
"Small",0.0566659396124421,"pricetariffs_fuelmin",1990,22.0223573639129,"price.fuel.mod","tariffs","min",40.4141643858711,2.31713756835269,1.165362175,51.028831591611
"Small",0.0566659396124421,"pricetariffs_fuelmin",1990.5,3.10412594096034,"price.fuel.mod","tariffs","min",0.71930936977849,3.31075264722307,1.749252381,10.2769931763482
"Small",0.0566659396124421,"pricetariffs_fuelmin",1991,31.2604263439201,"price.fuel.mod","tariffs","min",29.6999205320081,2.75220541657956,1.109832663,86.0351147083233
"Small",0.0566659396124421,"pricetariffs_fuelmin",1991.5,4.50753668962346,"price.fuel.mod","tariffs","min",1.45164641335001,3.33127362657706,1.186270087,15.0158380949711
"Small",0.0566659396124421,"pricetariffs_fuelmin",1992,9.58727414418958,"price.fuel.mod","tariffs","min",22.1974889327821,3.34190966430881,1.136504152,32.0398041168451
"Small",0.0566659396124421,"pricetariffs_fuelmin",1992.5,2.66299835043843,"price.fuel.mod","tariffs","min",1.90915308007694,3.40282759475462,1.119827889,9.06172427165792
"Small",0.0566659396124421,"pricetariffs_fuelmin",1993,10.7186072922499,"price.fuel.mod","tariffs","min",31.251177401142,2.55240244206907,0.970890649,27.358199428318
"Small",0.0566659396124421,"pricetariffs_fuelmin",1993.5,5.70294100202214,"price.fuel.mod","tariffs","min",0.649131295937703,2.80837868563889,0.925675909,16.0160179555351
"Small",0.0566659396124421,"pricetariffs_fuelmin",1994,24.7190267735338,"price.fuel.mod","tariffs","min",21.9947786917798,3.00582662053682,0.900017334,74.3011087096501
"Small",0.0566659396124421,"pricetariffs_fuelmin",1994.5,3.63340718201755,"price.fuel.mod","tariffs","min",1.36367695496224,3.87707147498693,0.879442785,14.0869793424129
"Small",0.0566659396124421,"pricetariffs_fuelmin",1995,28.7536075084638,"price.fuel.mod","tariffs","min",34.102267260659,2.974202323365,0.867027844,85.5190462567984
"Small",0.0566659396124421,"pricetariffs_fuelmin",1995.5,4.62208016035476,"price.fuel.mod","tariffs","min",0.735616089227739,3.19859578961608,0.92666276,14.7841661401787
"Small",0.0566659396124421,"pricetariffs_fuelmin",1996,17.0389034621952,"price.fuel.mod","tariffs","min",33.1773985935543,2.50019980592919,0.990501339,42.6006631294266
"Small",0.0566659396124421,"pricetariffs_fuelmin",1996.5,3.15382116732046,"price.fuel.mod","tariffs","min",0.716812406096025,3.16326652401382,1.235234785,9.97637692131101
"Small",0.0566659396124421,"pricetariffs_fuelmin",1997,16.6201184022468,"price.fuel.mod","tariffs","min",29.4775886362047,3.20074806344115,0.933448325,53.1968117901542
"Small",0.0566659396124421,"pricetariffs_fuelmin",1997.5,4.70685088460209,"price.fuel.mod","tariffs","min",1.69100390344393,3.17160491541806,0.938670805,14.9282714017438
"Small",0.0566659396124421,"pricetariffs_fuelmin",1998,39.8178823563558,"price.fuel.mod","tariffs","min",34.4104421044754,2.32616054446169,0.640660448,92.622786901372
"Small",0.0566659396124421,"pricetariffs_fuelmin",1998.5,4.02765375990267,"price.fuel.mod","tariffs","min",2.05210174026596,2.56029739710157,0.622172867,10.3119914379052
"Small",0.0566659396124421,"pricetariffs_fuelmin",1999,32.6134710423104,"price.fuel.mod","tariffs","min",38.4741550182192,2.39087042848093,0.804286601,77.9745834851791
"Small",0.0566659396124421,"pricetariffs_fuelmin",1999.5,7.34105698362153,"price.fuel.mod","tariffs","min",2.23520985136123,3.15007512047249,1.050467788,23.124880962077
"Small",0.0566659396124421,"pricetariffs_fuelmin",2000,28.5136807941917,"price.fuel.mod","tariffs","min",37.0846168064626,3.42056965332977,1.327541825,97.5330312293439
"Small",0.0566659396124421,"pricetariffs_fuelmin",2000.5,3.73610614040668,"price.fuel.mod","tariffs","min",1.12931721350037,3.50211131063933,1.612986692,13.0842595720673
"Small",0.0566659396124421,"pricetariffs_fuelmin",2001,12.7037455022581,"price.fuel.mod","tariffs","min",38.9592104154854,3.17152612550219,1.194280761,40.2902607521424
"Small",0.0566659396124421,"pricetariffs_fuelmin",2001.5,4.55397157179257,"price.fuel.mod","tariffs","min",0.95305989767346,2.72647203944922,0.975859995,12.416276158939
"Small",0.0566659396124421,"pricetariffs_fuelmin",2002,22.4343400748566,"price.fuel.mod","tariffs","min",32.8442587186268,2.43724646261169,1.070930495,54.678015988472
"Small",0.0566659396124421,"pricetariffs_fuelmin",2002.5,5.48568230839342,"price.fuel.mod","tariffs","min",1.87019646901045,2.48644434759047,1.216097682,13.6398437683818
"Small",0.0566659396124421,"pricetariffs_fuelmin",2003,48.5623415081451,"price.fuel.mod","tariffs","min",39.9101605584912,1.87960607049409,1.210301841,91.2780718961168
"Small",0.0566659396124421,"pricetariffs_fuelmin",2003.5,2.60262514573763,"price.fuel.mod","tariffs","min",1.08131262915648,1.64775643949941,1.269159913,4.28849234349227
"Small",0.0566659396124421,"pricetariffs_fuelmin",2004,16.0096258265811,"price.fuel.mod","tariffs","min",37.7506649665029,1.49426390224892,1.620877333,23.9226059611721
"Small",0.0566659396124421,"pricetariffs_fuelmin",2004.5,2.63591123083775,"price.fuel.mod","tariffs","min",0.542971426348707,1.95329414520825,2.02849139,5.14870997448404
"Small",0.0566659396124421,"pricetariffs_fuelmin",2005,8.38963354477427,"price.fuel.mod","tariffs","min",25.5567941818433,2.276876512803,2.382254002,19.1021595691207
"Small",0.0566659396124421,"pricetariffs_fuelmin",2005.5,3.98797224216047,"price.fuel.mod","tariffs","min",1.92148772697992,2.32541849460168,2.636138142,9.27370440787809
"Small",0.0566659396124421,"pricetariffs_fuelmin",2006,20.7297319353103,"price.fuel.mod","tariffs","min",29.3820294770415,1.64328250817206,2.787784045,34.0648058883913
"Small",0.0566659396124421,"pricetariffs_fuelmin",2006.5,4.59297066432427,"price.fuel.mod","tariffs","min",0.304521701423559,1.71856753817881,2.365521844,7.89333028751523
"Small",0.0566659396124421,"pricetariffs_fuelmin",2007,12.5553433506235,"price.fuel.mod","tariffs","min",27.6217543664749,1.89961137600456,2.755746336,23.8502730584876
"Small",0.0566659396124421,"pricetariffs_fuelmin",2007.5,1.33270487173307,"price.fuel.mod","tariffs","min",0.465516613623862,1.90748378576943,3.320424497,2.54211293404676
"Small",0.0566659396124421,"pricetariffs_fuelmin",2008,5.28524230597744,"price.fuel.mod","tariffs","min",17.7659276919536,1.84321551806618,4.889983343,9.7418406351175
"Small",0.0566659396124421,"pricetariffs_fuelmin",2008.5,4.70922035907056,"price.fuel.mod","tariffs","min",0.817461976283013,1.81599198296602,2.844336426,8.55190641809248
"Small",0.0566659396124421,"pricetariffs_fuelmin",2009,17.979744110761,"price.fuel.mod","tariffs","min",18.8947247584991,1.47843200217586,2.278682818,26.581829084282
"Small",0.0566659396124421,"pricetariffs_fuelmin",2009.5,2.28293010983765,"price.fuel.mod","tariffs","min",0.414448546792974,1.74489870397938,2.572136375,3.98348178993123
"Small",0.0566659396124421,"pricetariffs_fuelmin",2010,10.2851345619027,"price.fuel.mod","tariffs","min",10.3898713043782,2.40726345236337,2.70288658,24.7590285335078
"Small",0.0566659396124421,"pricetariffs_fuelmin",2010.5,0.753716117605967,"price.fuel.mod","tariffs","min",1.58086469169156,1.8721768967639,3.033457857,1.41108990210048
"Small",0.0566659396124421,"pricetariffs_fuelmin",2011,8.18772595541504,"price.fuel.mod","tariffs","min",24.250876531461,1.46960221213565,3.91117392,12.0327001764384
"Small",0.0566659396124421,"pricetariffs_fuelmin",2011.5,0.715900385777472,"price.fuel.mod","tariffs","min",1.02000463321805,2.11229011307718,3.857637569,1.5121893068259
"Small",0.0566659396124421,"pricetariffs_fuelmin",2012,8.78661668211595,"price.fuel.mod","tariffs","min",14.9581501376982,2.01235528403434,3.670647018,17.6817945090403
"Small",0.0566659396124421,"pricetariffs_fuelmin",2012.5,0.634382261630834,"price.fuel.mod","tariffs","min",1.06246201400765,1.95729714018241,3.926350999,1.24167458647248
"Small",0.0566659396124421,"pricetariffs_fuelmin",2013,8.52158969134006,"price.fuel.mod","tariffs","min",23.121954254089,2.08313110442743,3.59356354,17.7515885451986
"Small",0.0566659396124421,"pricetariffs_fuelmin",2013.5,0.80354423404111,"price.fuel.mod","tariffs","min",1.11985873291099,3.47567759827312,3.730174711,2.79286069347822
"Small",0.0566659396124421,"pricetariffs_fuelmin",2014,5.08384536835863,"price.fuel.mod","tariffs","min",25.8305466848948,3.59725315728399,3.505636196,18.2878788024717
"Small",0.0566659396124421,"pricetariffs_fuelmin",2014.5,2.38240519341649,"price.fuel.mod","tariffs","min",1.43466762510486,2.30597696796899,2.841017708,5.49377150438813
"Small",0.0566659396124421,"pricetariffs_fuelmin",2015,23.7255383646818,"price.fuel.mod","tariffs","min",17.7198833877751,1.60367976611785,2.014201659,38.0481658156931
"Small",0.0566659396124421,"pricetariffs_fuelmin",2015.5,4.51976358059737,"price.fuel.mod","tariffs","min",0.893230523631532,1.74925517610095,1.59375734,7.90621983811253
"Small",0.0566659396124421,"pricetariffs_fuelmin",2016,14.2959342187336,"price.fuel.mod","tariffs","min",13.7848418529771,1.36349750789189,1.64619339,19.4924706802296
"Small",0.0566659396124421,"pricetariffs_fuelmin",2016.5,2.35587317854296,"price.fuel.mod","tariffs","min",2.07950199163093,2.21804534012833,1.755500592,5.22543352560052
"Small",0.0566659396124421,"pricetariffs_fuelmin",2017,16.5151099488061,"price.fuel.mod","tariffs","min",16.1131159758896,1.54110611853533,1.721349829,25.4515369903887
"Small",0.0566659396124421,"pricetariffs_fuelmin",2017.5,4.17443452801571,"price.fuel.mod","tariffs","min",2.88503781328209,1.90789517166,2.115492451,7.96438348041196
"Small",0.0566659396124421,"pricetariffs_fuelmin",2018,8.59259116314626,"price.fuel.mod","tariffs","min",24.659261960846,1.44488280433977,2.502609693,12.4152872163519
"Small",0.0566659396124421,"pricetariffs_fuelmin",2018.5,3.21258314899257,"price.fuel.mod","tariffs","min",0.766913261974894,1.54754568558391,2.434931942,4.97161919180302
"Small",0.0566659396124421,"pricetariffs_fuelmin",2019,20.7978156247289,"price.fuel.mod","tariffs","min",12.1964944971997,1.60329405331422,2.166705119,33.3450141130535
"Small",0.0566659396124421,"pricetariffs_fuelmin",2019.5,3.24676204636475,"price.fuel.mod","tariffs","min",0.49134503743693,1.84553430067428,2.217115677,5.99201072269357
"Small",0.0566659396124421,"pricetariffs_fuelmin",2020,46.1233607871519,"price.fuel.mod","tariffs","min",8.45437092584065,1.74321307533248,1.223776883,80.4028456024407
"Small",0.0566659396124421,"pricetariffs_fuelmin",2020.5,6.18288786912017,"price.fuel.mod","tariffs","min",0.365339397994311,1.99966936626942,1.326079845,12.3637314669585
"Small",0.0566659396124421,"pricetariffs_fuelmin",2021,39.7868224520135,"price.fuel.mod","tariffs","min",10.9727795586288,2.19867920946227,2.064034533,87.4784593358086
"Small",0.0566659396124421,"pricetariffs_fuelmin",2021.5,3.02972604192832,"price.fuel.mod","tariffs","min",0.63159289139346,1.95371255603988,2.34283939,5.91921380947637
"Small",0.0566659396124421,"pricetariffs_fuelmin",2022,7.73812243170845,"price.fuel.mod","tariffs","min",7.02551689200128,1.20079679537534,3.992053255,9.29191261821754
"Small",0.0566659396124421,"pricetariffs_fuelmin",2022.5,2.14698323252443,"price.fuel.mod","tariffs","min",0.425794667042911,1.33949152023172,3.5445,2.87586583404616
"Small",0.0566659396124421,"pricetariffs_fuelmin",2023,13.2076105323037,"price.fuel.mod","tariffs","min",NA,2.17407552556482,1.5,28.7143428094736
"Small",0.0566659396124421,"pricetariffs_fuelmin",2023.5,6.38978199803249,"price.fuel.mod","tariffs","min",NA,2.17407552556482,1.5,13.8918686556171
"Small",0.0566659396124421,"pricetariffs_fuelmin",2024,23.1089488971167,"price.fuel.mod","tariffs","min",NA,2.17407552556482,1.5,50.2406002187494
"Small",0.0566659396124421,"pricetariffs_fuelmin",2024.5,4.0346751675656,"price.fuel.mod","tariffs","min",NA,2.17407552556482,1.5,8.7716885354085
"Small",0.0566659396124421,"pricetariffs_fuelmin",2025,23.3523236729536,"price.fuel.mod","tariffs","min",NA,2.17407552556482,1.5,50.7697153624363
"Small",0.0566659396124421,"pricetariffs_fuelmin",2025.5,3.18837714182321,"price.fuel.mod","tariffs","min",NA,2.17407552556482,1.5,6.93177271030813
"Small",0.0566659396124421,"pricetariffs_fuelmin",2026,25.1339697676633,"price.fuel.mod","tariffs","min",NA,2.17407552556482,1.5,54.6431485321627
"Small",0.0566659396124421,"pricetariffs_fuelmin",2026.5,3.52398376042518,"price.fuel.mod","tariffs","min",NA,2.17407552556482,1.5,7.66140684602826
"Small",0.0566659396124421,"pricetariffs_fuelmin",2027,23.8702892224114,"price.fuel.mod","tariffs","min",NA,2.17407552556482,1.5,51.8958115865983
"Large",0.193645798097954,"pricelabel.premium_fuelmin",1987,5.37542376888951,"price.fuel.mod","label.premium","min",6.71737977735683,12.5899917441796,1.193864043,67.6765408717856
"Large",0.193645798097954,"pricelabel.premium_fuelmin",1987.5,6.26413715932755,"price.fuel.mod","label.premium","min",10.622314411265,12.0793895597091,1.218517776,75.6669530029669
"Large",0.193645798097954,"pricelabel.premium_fuelmin",1988,2.65787682022248,"price.fuel.mod","label.premium","min",8.57325287037129,12.6057295038419,0.992170369,33.5044762502561
"Large",0.193645798097954,"pricelabel.premium_fuelmin",1988.5,8.15074675368682,"price.fuel.mod","label.premium","min",10.8087014478752,12.5584041151657,0.95042966,102.360371573174
"Large",0.193645798097954,"pricelabel.premium_fuelmin",1989,13.0134055141867,"price.fuel.mod","label.premium","min",8.31618564404666,10.1603157047673,1.040677249,132.220308418297
"Large",0.193645798097954,"pricelabel.premium_fuelmin",1989.5,9.45511619314545,"price.fuel.mod","label.premium","min",13.0119615266943,8.85794163390862,1.319286796,83.7528673807066
"Large",0.193645798097954,"pricelabel.premium_fuelmin",1990,7.17986244777725,"price.fuel.mod","label.premium","min",10.4664894841967,8.57265311491896,1.165362175,61.5504701776273
"Large",0.193645798097954,"pricelabel.premium_fuelmin",1990.5,7.88615086783963,"price.fuel.mod","label.premium","min",12.3173138400001,10.121152066617,1.749252381,79.8169321536887
"Large",0.193645798097954,"pricelabel.premium_fuelmin",1991,17.4064597169755,"price.fuel.mod","label.premium","min",10.6108380057583,9.45743851223052,1.109832663,164.620522488914
"Large",0.193645798097954,"pricelabel.premium_fuelmin",1991.5,10.6322178974377,"price.fuel.mod","label.premium","min",12.4879838019052,8.90923640938927,1.186270087,94.7249428044119
"Large",0.193645798097954,"pricelabel.premium_fuelmin",1992,5.97765522234903,"price.fuel.mod","label.premium","min",4.36900738448302,9.78433680553042,1.136504152,58.4873920028007
"Large",0.193645798097954,"pricelabel.premium_fuelmin",1992.5,9.32278461450246,"price.fuel.mod","label.premium","min",12.1414743179632,9.61389512435446,1.119827889,89.628273550772
"Large",0.193645798097954,"pricelabel.premium_fuelmin",1993,4.27003854406339,"price.fuel.mod","label.premium","min",3.71286139165064,9.68624084782594,0.970890649,41.360621767298
"Large",0.193645798097954,"pricelabel.premium_fuelmin",1993.5,6.28028305462361,"price.fuel.mod","label.premium","min",9.6599860067035,9.72021935763151,0.925675909,61.0457289189576
"Large",0.193645798097954,"pricelabel.premium_fuelmin",1994,7.93146522942181,"price.fuel.mod","label.premium","min",5.51132667262915,10.8613688089981,0.900017334,86.1465690524952
"Large",0.193645798097954,"pricelabel.premium_fuelmin",1994.5,10.5220834343964,"price.fuel.mod","label.premium","min",11.8112138407078,10.7633585365074,0.879442785,113.252956555454
"Large",0.193645798097954,"pricelabel.premium_fuelmin",1995,10.0269293104296,"price.fuel.mod","label.premium","min",6.21391252952628,10.7890232405838,0.867027844,108.180773361917
"Large",0.193645798097954,"pricelabel.premium_fuelmin",1995.5,11.1595797370325,"price.fuel.mod","label.premium","min",11.1939421930543,9.62593281197826,0.92666276,107.421364758589
"Large",0.193645798097954,"pricelabel.premium_fuelmin",1996,4.58253783737548,"price.fuel.mod","label.premium","min",4.69273193485784,10.3436601282369,0.990501339,47.4002139145976
"Large",0.193645798097954,"pricelabel.premium_fuelmin",1996.5,7.09674340765516,"price.fuel.mod","label.premium","min",10.9515132054804,10.4387237810633,1.235234785,74.0809441775942
"Large",0.193645798097954,"pricelabel.premium_fuelmin",1997,4.54370661792861,"price.fuel.mod","label.premium","min",3.43510362636754,11.5771198057125,0.933448325,52.6030358777684
"Large",0.193645798097954,"pricelabel.premium_fuelmin",1997.5,8.73187356309806,"price.fuel.mod","label.premium","min",9.04681397446952,11.3781664584964,0.938670805,99.3527108954737
"Large",0.193645798097954,"pricelabel.premium_fuelmin",1998,5.58296406208453,"price.fuel.mod","label.premium","min",4.24075938686746,10.7769406001589,0.640660448,60.167272069907
"Large",0.193645798097954,"pricelabel.premium_fuelmin",1998.5,9.71903166275535,"price.fuel.mod","label.premium","min",12.0293003674683,9.51226679526253,0.622172867,92.4500221677329
"Large",0.193645798097954,"pricelabel.premium_fuelmin",1999,8.78414542346186,"price.fuel.mod","label.premium","min",6.26837397930924,10.3714508913732,0.804286601,91.1043328821157
"Large",0.193645798097954,"pricelabel.premium_fuelmin",1999.5,9.05061664424378,"price.fuel.mod","label.premium","min",9.94572173827841,10.6330528005955,1.050467788,96.2356846561922
"Large",0.193645798097954,"pricelabel.premium_fuelmin",2000,12.168715429895,"price.fuel.mod","label.premium","min",9.60103636139893,10.7508888167683,1.327541825,130.824506629694
"Large",0.193645798097954,"pricelabel.premium_fuelmin",2000.5,10.3147129121958,"price.fuel.mod","label.premium","min",12.330422287742,9.34581671991077,1.612986692,96.3994163958789
"Large",0.193645798097954,"pricelabel.premium_fuelmin",2001,9.24977991510604,"price.fuel.mod","label.premium","min",7.91172740953807,9.69680841162668,1.194280761,89.6933436864958
"Large",0.193645798097954,"pricelabel.premium_fuelmin",2001.5,7.54250673054405,"price.fuel.mod","label.premium","min",9.53611922083641,8.24439553464669,0.975859995,62.1834088093399
"Large",0.193645798097954,"pricelabel.premium_fuelmin",2002,6.33880904295416,"price.fuel.mod","label.premium","min",5.90490467986567,7.03546425864735,1.070930495,44.5964644640947
"Large",0.193645798097954,"pricelabel.premium_fuelmin",2002.5,6.58208886146631,"price.fuel.mod","label.premium","min",8.21494371689397,7.15032103828286,1.216097682,47.0640484619898
"Large",0.193645798097954,"pricelabel.premium_fuelmin",2003,7.07648969967173,"price.fuel.mod","label.premium","min",5.88659270493106,6.83775934994511,1.210301841,48.3873336087207
"Large",0.193645798097954,"pricelabel.premium_fuelmin",2003.5,8.61205292955769,"price.fuel.mod","label.premium","min",9.7458138599594,6.03783529573531,1.269159913,51.9981571468241
"Large",0.193645798097954,"pricelabel.premium_fuelmin",2004,13.9126331690354,"price.fuel.mod","label.premium","min",6.97115490146669,6.51352108495447,1.620877333,90.6202294937492
"Large",0.193645798097954,"pricelabel.premium_fuelmin",2004.5,9.15361279753341,"price.fuel.mod","label.premium","min",10.0288422319289,6.56657427628878,2.02849139,60.1078783313907
"Large",0.193645798097954,"pricelabel.premium_fuelmin",2005,4.64616903864719,"price.fuel.mod","label.premium","min",5.57953019668072,6.02719887276295,2.382254002,28.0033847924005
"Large",0.193645798097954,"pricelabel.premium_fuelmin",2005.5,7.07130337511595,"price.fuel.mod","label.premium","min",10.0812503959341,5.6234149093112,2.636138142,39.7648728278896
"Large",0.193645798097954,"pricelabel.premium_fuelmin",2006,8.71940942021577,"price.fuel.mod","label.premium","min",9.32814760671619,4.72089382927121,2.787784045,41.1634061267859
"Large",0.193645798097954,"pricelabel.premium_fuelmin",2006.5,6.84934689025661,"price.fuel.mod","label.premium","min",19.3733736458873,4.22533641185959,2.365521844,28.9407948128585
"Large",0.193645798097954,"pricelabel.premium_fuelmin",2007,7.0796881835825,"price.fuel.mod","label.premium","min",8.93251755415469,5.4674366499906,2.755746336,38.7077466454244
"Large",0.193645798097954,"pricelabel.premium_fuelmin",2007.5,8.94784450255713,"price.fuel.mod","label.premium","min",11.9723465627928,5.86706497636183,3.320424497,52.4975850948847
"Large",0.193645798097954,"pricelabel.premium_fuelmin",2008,7.21652559899077,"price.fuel.mod","label.premium","min",6.8632023388661,6.87395329195337,4.889983343,49.6060598976483
"Large",0.193645798097954,"pricelabel.premium_fuelmin",2008.5,10.6410019637121,"price.fuel.mod","label.premium","min",12.9867202704612,4.910949850942,2.844336426,52.2574270075657
"Large",0.193645798097954,"pricelabel.premium_fuelmin",2009,2.28212544244915,"price.fuel.mod","label.premium","min",11.3957385120874,3.4946185695594,2.278682818,7.97515794924676
"Large",0.193645798097954,"pricelabel.premium_fuelmin",2009.5,7.97783950060318,"price.fuel.mod","label.premium","min",20.1822701677183,3.95084796176061,2.572136375,31.5192309302114
"Large",0.193645798097954,"pricelabel.premium_fuelmin",2010,32.9756449667265,"price.fuel.mod","label.premium","min",4.93689076135254,6.8935907213382,2.70288658,227.320600172769
"Large",0.193645798097954,"pricelabel.premium_fuelmin",2010.5,30.8204377813916,"price.fuel.mod","label.premium","min",11.8949437102665,6.08552889172307,3.033457857,187.558664574212
"Large",0.193645798097954,"pricelabel.premium_fuelmin",2011,25.5693977207293,"price.fuel.mod","label.premium","min",7.43116987306931,6.42924813142202,3.91117392,164.392002517585
"Large",0.193645798097954,"pricelabel.premium_fuelmin",2011.5,23.537915099518,"price.fuel.mod","label.premium","min",15.2124204306267,6.12657011782144,3.857637569,144.206687284525
"Large",0.193645798097954,"pricelabel.premium_fuelmin",2012,13.5368738040848,"price.fuel.mod","label.premium","min",8.20944256638802,5.37802611663949,3.670647018,72.8016608560212
"Large",0.193645798097954,"pricelabel.premium_fuelmin",2012.5,12.7470567775555,"price.fuel.mod","label.premium","min",12.7487994935888,5.26996060725231,3.926350999,67.1764870761259
"Large",0.193645798097954,"pricelabel.premium_fuelmin",2013,15.454028675404,"price.fuel.mod","label.premium","min",8.12879485408897,7.29940876517483,3.59356354,112.805272370507
"Large",0.193645798097954,"pricelabel.premium_fuelmin",2013.5,20.5189211531366,"price.fuel.mod","label.premium","min",12.1287990775526,8.36406624719241,3.730174711,171.621615845752
"Large",0.193645798097954,"pricelabel.premium_fuelmin",2014,8.95226849401108,"price.fuel.mod","label.premium","min",4.83811460324899,9.26869378396509,3.505636196,82.9758353428271
"Large",0.193645798097954,"pricelabel.premium_fuelmin",2014.5,25.2231454861815,"price.fuel.mod","label.premium","min",13.2014758885329,7.64784836022419,2.841017708,192.90279184619
"Large",0.193645798097954,"pricelabel.premium_fuelmin",2015,6.05948419889366,"price.fuel.mod","label.premium","min",11.9161098619624,4.35779288507159,2.014201659,26.4059771291425
"Large",0.193645798097954,"pricelabel.premium_fuelmin",2015.5,15.1309714539705,"price.fuel.mod","label.premium","min",12.4991106317133,4.55318414231323,1.59375734,68.8940992820127
"Large",0.193645798097954,"pricelabel.premium_fuelmin",2016,11.9608213583819,"price.fuel.mod","label.premium","min",9.63632679089192,4.88277904371158,1.64619339,58.4020478742851
"Large",0.193645798097954,"pricelabel.premium_fuelmin",2016.5,16.5987943166205,"price.fuel.mod","label.premium","min",9.76216658287913,6.21792739900937,1.755500592,103.210097971835
"Large",0.193645798097954,"pricelabel.premium_fuelmin",2017,8.54951933992999,"price.fuel.mod","label.premium","min",9.02808762228676,4.92061824876707,1.721349829,42.0689208822465
"Large",0.193645798097954,"pricelabel.premium_fuelmin",2017.5,10.9667803741238,"price.fuel.mod","label.premium","min",9.08662344104663,5.10145524158574,2.115492451,55.9465392228937
"Large",0.193645798097954,"pricelabel.premium_fuelmin",2018,6.59240588011919,"price.fuel.mod","label.premium","min",10.2255227834163,4.71837605093946,2.502609693,31.1054500228268
"Large",0.193645798097954,"pricelabel.premium_fuelmin",2018.5,11.486619833874,"price.fuel.mod","label.premium","min",12.0208463089032,5.01855298773329,2.434931942,57.6462102862448
"Large",0.193645798097954,"pricelabel.premium_fuelmin",2019,5.46389989185006,"price.fuel.mod","label.premium","min",6.49742860601407,4.88494408016038,2.166705119,26.6908454312819
"Large",0.193645798097954,"pricelabel.premium_fuelmin",2019.5,9.12293392269843,"price.fuel.mod","label.premium","min",8.12546140575837,5.17750496313892,2.217115677,47.2340356631596
"Large",0.193645798097954,"pricelabel.premium_fuelmin",2020,9.52477947537156,"price.fuel.mod","label.premium","min",6.99253856614546,4.68046753159861,1.223776883,44.5804210801135
"Large",0.193645798097954,"pricelabel.premium_fuelmin",2020.5,18.77433405639,"price.fuel.mod","label.premium","min",8.32614451400999,5.40555837390546,1.326079845,101.485758673017
"Large",0.193645798097954,"pricelabel.premium_fuelmin",2021,17.0195093445105,"price.fuel.mod","label.premium","min",4.15856313937567,6.22144464823613,2.064034533,105.88593532701
"Large",0.193645798097954,"pricelabel.premium_fuelmin",2021.5,15.3668926180311,"price.fuel.mod","label.premium","min",5.87361341229464,6.47320276956418,2.34283939,99.4730118546345
"Large",0.193645798097954,"pricelabel.premium_fuelmin",2022,6.57805714616534,"price.fuel.mod","label.premium","min",4.33617367568456,4.29638469636797,3.992053255,28.2618640546187
"Large",0.193645798097954,"pricelabel.premium_fuelmin",2022.5,0.289190169552395,"price.fuel.mod","label.premium","min",5.27214346715716,3.49424942020108,3.5445,1.01050258228631
"Large",0.193645798097954,"pricelabel.premium_fuelmin",2023,25.2748082789169,"price.fuel.mod","label.premium","min",NA,7.64282685996836,1.5,193.170983594656
"Large",0.193645798097954,"pricelabel.premium_fuelmin",2023.5,16.6189875443524,"price.fuel.mod","label.premium","min",NA,7.64282685996836,1.5,127.016044389456
"Large",0.193645798097954,"pricelabel.premium_fuelmin",2024,22.4021040396494,"price.fuel.mod","label.premium","min",NA,7.64282685996836,1.5,171.215402474038
"Large",0.193645798097954,"pricelabel.premium_fuelmin",2024.5,17.7061024415204,"price.fuel.mod","label.premium","min",NA,7.64282685996836,1.5,135.324675325403
"Large",0.193645798097954,"pricelabel.premium_fuelmin",2025,23.3751592266221,"price.fuel.mod","label.premium","min",NA,7.64282685996836,1.5,178.652294793265
"Large",0.193645798097954,"pricelabel.premium_fuelmin",2025.5,18.7471904109487,"price.fuel.mod","label.premium","min",NA,7.64282685996836,1.5,143.28153042174
"Large",0.193645798097954,"pricelabel.premium_fuelmin",2026,22.5065663677175,"price.fuel.mod","label.premium","min",NA,7.64282685996836,1.5,172.013789960852
"Large",0.193645798097954,"pricelabel.premium_fuelmin",2026.5,19.1056589602848,"price.fuel.mod","label.premium","min",NA,7.64282685996836,1.5,146.02124347906
"Large",0.193645798097954,"pricelabel.premium_fuelmin",2027,22.3440053626446,"price.fuel.mod","label.premium","min",NA,7.64282685996836,1.5,170.771364344898
"Medium",0.0807952319086761,"pricelabel.premium_fuelmin",1987,16.77118699456,"price.fuel.mod","label.premium","min",32.7194132783767,6.08983897957365,1.193864043,102.13382829319
"Medium",0.0807952319086761,"pricelabel.premium_fuelmin",1987.5,6.43334377614751,"price.fuel.mod","label.premium","min",7.64637899895229,6.22272095995808,1.218517776,40.032903158449
"Medium",0.0807952319086761,"pricelabel.premium_fuelmin",1988,10.8379343764981,"price.fuel.mod","label.premium","min",32.816615646671,5.28614926542636,0.992170369,57.2909388430643
"Medium",0.0807952319086761,"pricelabel.premium_fuelmin",1988.5,4.56746626149539,"price.fuel.mod","label.premium","min",5.51691034329667,5.92203308328633,0.95042966,27.0486863073698
"Medium",0.0807952319086761,"pricelabel.premium_fuelmin",1989,48.9599422786893,"price.fuel.mod","label.premium","min",36.5678534777813,5.11980548744016,1.040677249,250.665381143187
"Medium",0.0807952319086761,"pricelabel.premium_fuelmin",1989.5,9.83460324865674,"price.fuel.mod","label.premium","min",9.12915061718908,5.89339168953183,1.319286796,57.9591690554764
"Medium",0.0807952319086761,"pricelabel.premium_fuelmin",1990,31.6653088566793,"price.fuel.mod","label.premium","min",35.6475771015084,4.69183072247511,1.165362175,148.568268930431
"Medium",0.0807952319086761,"pricelabel.premium_fuelmin",1990.5,8.16709149773667,"price.fuel.mod","label.premium","min",8.40505368169431,5.87198459467529,1.749252381,47.9570354580133
"Medium",0.0807952319086761,"pricelabel.premium_fuelmin",1991,42.3969264921548,"price.fuel.mod","label.premium","min",27.3423279699856,5.29812880233018,1.109832663,224.624377378361
"Medium",0.0807952319086761,"pricelabel.premium_fuelmin",1991.5,12.0111234011054,"price.fuel.mod","label.premium","min",6.60304838164396,5.66122882462061,1.186270087,67.9977180144128
"Medium",0.0807952319086761,"pricelabel.premium_fuelmin",1992,14.0957432368974,"price.fuel.mod","label.premium","min",22.2825090419081,5.27007850286719,1.136504152,74.2856734147087
"Medium",0.0807952319086761,"pricelabel.premium_fuelmin",1992.5,9.70977124251765,"price.fuel.mod","label.premium","min",8.04572442883319,5.34944559516089,1.119827889,51.9418930033059
"Medium",0.0807952319086761,"pricelabel.premium_fuelmin",1993,9.87115731969945,"price.fuel.mod","label.premium","min",16.9236119526854,4.69304570072945,0.970890649,46.3257924204396
"Medium",0.0807952319086761,"pricelabel.premium_fuelmin",1993.5,9.71182227076254,"price.fuel.mod","label.premium","min",6.56173810175156,5.6129027756598,0.925675909,54.5115141802777
"Medium",0.0807952319086761,"pricelabel.premium_fuelmin",1994,28.6600193671097,"price.fuel.mod","label.premium","min",22.2137154211208,7.16914108424744,0.900017334,205.467722320073
"Medium",0.0807952319086761,"pricelabel.premium_fuelmin",1994.5,11.7542725558221,"price.fuel.mod","label.premium","min",6.25221156996301,7.27604909512476,0.879442785,85.5246641936395
"Medium",0.0807952319086761,"pricelabel.premium_fuelmin",1995,38.8205992327867,"price.fuel.mod","label.premium","min",20.030923425577,5.32227477000002,0.867027844,206.613895852943
"Medium",0.0807952319086761,"pricelabel.premium_fuelmin",1995.5,15.2042508189004,"price.fuel.mod","label.premium","min",6.04923251875156,5.09212478044929,0.92666276,77.421942363089
"Medium",0.0807952319086761,"pricelabel.premium_fuelmin",1996,9.5557309036492,"price.fuel.mod","label.premium","min",20.8366043824406,4.72257319055959,0.990501339,45.1276385817755
"Medium",0.0807952319086761,"pricelabel.premium_fuelmin",1996.5,8.49640854128699,"price.fuel.mod","label.premium","min",6.16548682253209,5.66253041071969,1.235234785,48.1111717469361
"Medium",0.0807952319086761,"pricelabel.premium_fuelmin",1997,9.60595422034296,"price.fuel.mod","label.premium","min",16.3328456637844,6.69271878623742,0.933448325,64.289950270226
"Medium",0.0807952319086761,"pricelabel.premium_fuelmin",1997.5,12.0048869760248,"price.fuel.mod","label.premium","min",7.94680082880489,6.70282972128026,0.938670805,80.4667132235094
"Medium",0.0807952319086761,"pricelabel.premium_fuelmin",1998,24.0802463555333,"price.fuel.mod","label.premium","min",24.0115004673135,4.55282361783213,0.640660448,109.633114330688
"Medium",0.0807952319086761,"pricelabel.premium_fuelmin",1998.5,9.85708071931299,"price.fuel.mod","label.premium","min",7.21680260156809,4.56254309845653,0.622172867,44.9733556068304
"Medium",0.0807952319086761,"pricelabel.premium_fuelmin",1999,30.8501905994638,"price.fuel.mod","label.premium","min",20.1063773758566,4.84198465538306,0.804286601,149.376149498247
"Medium",0.0807952319086761,"pricelabel.premium_fuelmin",1999.5,9.93835210096371,"price.fuel.mod","label.premium","min",6.42932894524407,6.01017980396059,1.050467788,59.7312830818614
"Medium",0.0807952319086761,"pricelabel.premium_fuelmin",2000,36.7988879989563,"price.fuel.mod","label.premium","min",28.1806030510016,6.33227130160756,1.327541825,233.020542406862
"Medium",0.0807952319086761,"pricelabel.premium_fuelmin",2000.5,10.887787008839,"price.fuel.mod","label.premium","min",8.71077659307286,5.90087585057623,1.612986692,64.2474794266753
"Medium",0.0807952319086761,"pricelabel.premium_fuelmin",2001,27.9149415972564,"price.fuel.mod","label.premium","min",28.3160763222633,4.47355045862035,1.194280761,124.878899784767
"Medium",0.0807952319086761,"pricelabel.premium_fuelmin",2001.5,10.6642236584208,"price.fuel.mod","label.premium","min",5.47603106489692,4.42953362104376,0.975859995,47.2375372373054
"Medium",0.0807952319086761,"pricelabel.premium_fuelmin",2002,23.6540968034033,"price.fuel.mod","label.premium","min",20.8191160581067,3.66198228125976,1.070930495,86.6208833732659
"Medium",0.0807952319086761,"pricelabel.premium_fuelmin",2002.5,8.101106373518,"price.fuel.mod","label.premium","min",6.9024297187297,4.02193440093658,1.216097682,32.5821184092987
"Medium",0.0807952319086761,"pricelabel.premium_fuelmin",2003,21.5393969588878,"price.fuel.mod","label.premium","min",22.7726223065002,3.41458224662662,1.210301841,73.5480424588619
"Medium",0.0807952319086761,"pricelabel.premium_fuelmin",2003.5,5.86536360422995,"price.fuel.mod","label.premium","min",6.95872350472763,3.1173102683852,1.269159913,18.2841581912789
"Medium",0.0807952319086761,"pricelabel.premium_fuelmin",2004,19.4658557470449,"price.fuel.mod","label.premium","min",16.488138917693,2.96352396392705,1.620877333,57.6875299847147
"Medium",0.0807952319086761,"pricelabel.premium_fuelmin",2004.5,4.68915262934443,"price.fuel.mod","label.premium","min",5.41492897646919,3.2568059561738,2.02849139,15.271660212657
"Medium",0.0807952319086761,"pricelabel.premium_fuelmin",2005,10.4947094333218,"price.fuel.mod","label.premium","min",12.5141930894517,3.40067473540805,2.382254002,35.6890932253459
"Medium",0.0807952319086761,"pricelabel.premium_fuelmin",2005.5,4.42211949815867,"price.fuel.mod","label.premium","min",5.3781189264929,3.32928335785263,2.636138142,14.7224888516553
"Medium",0.0807952319086761,"pricelabel.premium_fuelmin",2006,20.0935323545862,"price.fuel.mod","label.premium","min",21.8386311572776,2.58047613508342,2.787784045,51.8508807105362
"Medium",0.0807952319086761,"pricelabel.premium_fuelmin",2006.5,3.84488231664203,"price.fuel.mod","label.premium","min",8.63501978553956,2.57368762405512,2.365521844,9.89552603428996
"Medium",0.0807952319086761,"pricelabel.premium_fuelmin",2007,10.0358585021311,"price.fuel.mod","label.premium","min",17.8553156773805,2.78674750448948,2.755746336,27.9674036362235
"Medium",0.0807952319086761,"pricelabel.premium_fuelmin",2007.5,3.32208417331655,"price.fuel.mod","label.premium","min",5.52115890238281,3.19323641553863,3.320424497,10.608200157719
"Medium",0.0807952319086761,"pricelabel.premium_fuelmin",2008,8.56097506680424,"price.fuel.mod","label.premium","min",11.3577946496599,3.91862878927398,4.889983343,33.5472833610358
"Medium",0.0807952319086761,"pricelabel.premium_fuelmin",2008.5,7.26499089533838,"price.fuel.mod","label.premium","min",5.08086533882322,3.33130130874346,2.844336426,24.2018736776501
"Medium",0.0807952319086761,"pricelabel.premium_fuelmin",2009,13.2798274090951,"price.fuel.mod","label.premium","min",17.9668851781964,2.25868223125,2.278682818,29.9949102029897
"Medium",0.0807952319086761,"pricelabel.premium_fuelmin",2009.5,4.55477593311164,"price.fuel.mod","label.premium","min",7.57574099599588,2.39828041246072,2.572136375,10.9236299035291
"Medium",0.0807952319086761,"pricelabel.premium_fuelmin",2010,24.0466719274362,"price.fuel.mod","label.premium","min",8.04780714544663,3.03808440430528,2.70288658,73.0558189581895
"Medium",0.0807952319086761,"pricelabel.premium_fuelmin",2010.5,6.40850913456549,"price.fuel.mod","label.premium","min",8.57478318074798,3.07854866749727,3.033457857,19.7289072568607
"Medium",0.0807952319086761,"pricelabel.premium_fuelmin",2011,19.0967439396111,"price.fuel.mod","label.premium","min",17.8287157295084,3.21106661498974,3.91117392,61.320916919493
"Medium",0.0807952319086761,"pricelabel.premium_fuelmin",2011.5,4.28057255131751,"price.fuel.mod","label.premium","min",8.37455860329747,3.77640735527577,3.857637569,16.165185667587
"Medium",0.0807952319086761,"pricelabel.premium_fuelmin",2012,16.0504173037322,"price.fuel.mod","label.premium","min",18.6467153647801,3.43378376176959,3.670647018,55.1136623071814
"Medium",0.0807952319086761,"pricelabel.premium_fuelmin",2012.5,6.10349292244328,"price.fuel.mod","label.premium","min",8.81451598006909,3.3867862695019,3.926350999,20.6712260257329
"Medium",0.0807952319086761,"pricelabel.premium_fuelmin",2013,9.5961366699342,"price.fuel.mod","label.premium","min",14.5150058419753,4.06054672077294,3.59356354,38.9655612871903
"Medium",0.0807952319086761,"pricelabel.premium_fuelmin",2013.5,7.44572346698803,"price.fuel.mod","label.premium","min",7.81621022101394,5.35909558500419,3.730174711,39.9023437590976
"Medium",0.0807952319086761,"pricelabel.premium_fuelmin",2014,8.52392036543948,"price.fuel.mod","label.premium","min",14.588974377991,5.29777481788601,3.505636196,45.157810661691
"Medium",0.0807952319086761,"pricelabel.premium_fuelmin",2014.5,11.1188338992483,"price.fuel.mod","label.premium","min",9.23671593064456,4.41155164281167,2.841017708,49.0513099543788
"Medium",0.0807952319086761,"pricelabel.premium_fuelmin",2015,19.6602389208487,"price.fuel.mod","label.premium","min",13.2147941220035,2.81150774930967,2.014201659,55.2749140792457
"Medium",0.0807952319086761,"pricelabel.premium_fuelmin",2015.5,11.2642742393268,"price.fuel.mod","label.premium","min",7.50525393689402,2.86759769693102,1.59375734,32.301406866293
"Medium",0.0807952319086761,"pricelabel.premium_fuelmin",2016,17.2326486705567,"price.fuel.mod","label.premium","min",10.1808130369481,3.00596842461488,1.64619339,51.8007977761749
"Medium",0.0807952319086761,"pricelabel.premium_fuelmin",2016.5,9.3515200638894,"price.fuel.mod","label.premium","min",5.39307169815739,4.18887393214666,1.755500592,39.1723386215728
"Medium",0.0807952319086761,"pricelabel.premium_fuelmin",2017,22.2159721420294,"price.fuel.mod","label.premium","min",12.1331828553547,3.47942031582626,1.721349829,77.2987048068072
"Medium",0.0807952319086761,"pricelabel.premium_fuelmin",2017.5,12.0405975560374,"price.fuel.mod","label.premium","min",7.54050854388687,3.79112272220055,2.115492451,45.6473829835658
"Medium",0.0807952319086761,"pricelabel.premium_fuelmin",2018,16.5541786770455,"price.fuel.mod","label.premium","min",13.7781541536191,3.25380794124098,2.502609693,53.8641180400927
"Medium",0.0807952319086761,"pricelabel.premium_fuelmin",2018.5,7.29313982312769,"price.fuel.mod","label.premium","min",8.66981088922993,3.45385243293675,2.434931942,25.1894287218574
"Medium",0.0807952319086761,"pricelabel.premium_fuelmin",2019,10.8588347380403,"price.fuel.mod","label.premium","min",7.94919114053227,3.29851886703811,2.166705119,35.8180712574747
"Medium",0.0807952319086761,"pricelabel.premium_fuelmin",2019.5,7.04455879740266,"price.fuel.mod","label.premium","min",5.45331074318056,3.39313131687167,2.217115677,23.9031130690108
"Medium",0.0807952319086761,"pricelabel.premium_fuelmin",2020,31.3809430452237,"price.fuel.mod","label.premium","min",11.8094531922773,2.81936323656955,1.223776883,88.4742771505865
"Medium",0.0807952319086761,"pricelabel.premium_fuelmin",2020.5,15.7565224117422,"price.fuel.mod","label.premium","min",5.0535056945109,2.97562041568792,1.326079845,46.8854297686243
"Medium",0.0807952319086761,"pricelabel.premium_fuelmin",2021,44.3839987179348,"price.fuel.mod","label.premium","min",12.1371153888044,3.68191490636116,2.064034533,163.418106483479
"Medium",0.0807952319086761,"pricelabel.premium_fuelmin",2021.5,13.5234945256423,"price.fuel.mod","label.premium","min",8.24615492050734,3.50734091870751,2.34283939,47.4315057137023
"Medium",0.0807952319086761,"pricelabel.premium_fuelmin",2022,6.10830031022244,"price.fuel.mod","label.premium","min",7.9248694210156,2.4198801778206,3.992053255,14.7813548408827
"Medium",0.0807952319086761,"pricelabel.premium_fuelmin",2022.5,0.0883295852047201,"price.fuel.mod","label.premium","min",5.88528355085481,1.95246160438392,3.5445,0.172460123643374
"Medium",0.0807952319086761,"pricelabel.premium_fuelmin",2023,33.8212770393622,"price.fuel.mod","label.premium","min",NA,4.33914531488266,1.5,146.755435808697
"Medium",0.0807952319086761,"pricelabel.premium_fuelmin",2023.5,8.93384717695101,"price.fuel.mod","label.premium","min",NA,4.33914531488266,1.5,38.7652611217447
"Medium",0.0807952319086761,"pricelabel.premium_fuelmin",2024,22.978323465029,"price.fuel.mod","label.premium","min",NA,4.33914531488266,1.5,99.7062846071391
"Medium",0.0807952319086761,"pricelabel.premium_fuelmin",2024.5,14.1849343329806,"price.fuel.mod","label.premium","min",NA,4.33914531488266,1.5,61.5504913528711
"Medium",0.0807952319086761,"pricelabel.premium_fuelmin",2025,43.3206352001362,"price.fuel.mod","label.premium","min",NA,4.33914531488266,1.5,187.974531266412
"Medium",0.0807952319086761,"pricelabel.premium_fuelmin",2025.5,16.0809874991297,"price.fuel.mod","label.premium","min",NA,4.33914531488266,1.5,69.7777415655354
"Medium",0.0807952319086761,"pricelabel.premium_fuelmin",2026,36.2165574070647,"price.fuel.mod","label.premium","min",NA,4.33914531488266,1.5,157.148905394044
"Medium",0.0807952319086761,"pricelabel.premium_fuelmin",2026.5,10.9880961932624,"price.fuel.mod","label.premium","min",NA,4.33914531488266,1.5,47.6789461164748
"Medium",0.0807952319086761,"pricelabel.premium_fuelmin",2027,35.6529747553474,"price.fuel.mod","label.premium","min",NA,4.33914531488266,1.5,154.703438371296
"Small",0.0549475627966865,"pricelabel.premium_fuelmin",1987,20.8135037500085,"price.fuel.mod","label.premium","min",33.1699600876773,3.46223983102226,1.193864043,72.0613417064108
"Small",0.0549475627966865,"pricelabel.premium_fuelmin",1987.5,2.54120121315483,"price.fuel.mod","label.premium","min",1.55534427195328,4.03600829559881,1.218517776,10.2563091770787
"Small",0.0549475627966865,"pricelabel.premium_fuelmin",1988,11.6315651134648,"price.fuel.mod","label.premium","min",23.8431624881257,2.83796100605314,0.992170369,33.0099282313811
"Small",0.0549475627966865,"pricelabel.premium_fuelmin",1988.5,1.80390188171304,"price.fuel.mod","label.premium","min",0.720080044745491,3.55275304925539,0.95042966,6.40881791081355
"Small",0.0549475627966865,"pricelabel.premium_fuelmin",1989,18.2940891156421,"price.fuel.mod","label.premium","min",28.7755001766216,2.51462103845419,1.040677249,46.0027013695495
"Small",0.0549475627966865,"pricelabel.premium_fuelmin",1989.5,2.2731327683833,"price.fuel.mod","label.premium","min",1.15542976955331,3.07473626443988,1.319286796,6.98928375683476
"Small",0.0549475627966865,"pricelabel.premium_fuelmin",1990,22.0223573639129,"price.fuel.mod","label.premium","min",40.4141643858711,2.31713756835269,1.165362175,51.028831591611
"Small",0.0549475627966865,"pricelabel.premium_fuelmin",1990.5,3.10412594096034,"price.fuel.mod","label.premium","min",0.71930936977849,3.31075264722307,1.749252381,10.2769931763482
"Small",0.0549475627966865,"pricelabel.premium_fuelmin",1991,31.2604263439201,"price.fuel.mod","label.premium","min",29.6999205320081,2.75220541657956,1.109832663,86.0351147083233
"Small",0.0549475627966865,"pricelabel.premium_fuelmin",1991.5,4.50753668962346,"price.fuel.mod","label.premium","min",1.45164641335001,3.33127362657706,1.186270087,15.0158380949711
"Small",0.0549475627966865,"pricelabel.premium_fuelmin",1992,9.58727414418958,"price.fuel.mod","label.premium","min",22.1974889327821,3.34190966430881,1.136504152,32.0398041168451
"Small",0.0549475627966865,"pricelabel.premium_fuelmin",1992.5,2.66299835043843,"price.fuel.mod","label.premium","min",1.90915308007694,3.40282759475462,1.119827889,9.06172427165792
"Small",0.0549475627966865,"pricelabel.premium_fuelmin",1993,10.7186072922499,"price.fuel.mod","label.premium","min",31.251177401142,2.55240244206907,0.970890649,27.358199428318
"Small",0.0549475627966865,"pricelabel.premium_fuelmin",1993.5,5.70294100202214,"price.fuel.mod","label.premium","min",0.649131295937703,2.80837868563889,0.925675909,16.0160179555351
"Small",0.0549475627966865,"pricelabel.premium_fuelmin",1994,24.7190267735338,"price.fuel.mod","label.premium","min",21.9947786917798,3.00582662053682,0.900017334,74.3011087096501
"Small",0.0549475627966865,"pricelabel.premium_fuelmin",1994.5,3.63340718201755,"price.fuel.mod","label.premium","min",1.36367695496224,3.87707147498693,0.879442785,14.0869793424129
"Small",0.0549475627966865,"pricelabel.premium_fuelmin",1995,28.7536075084638,"price.fuel.mod","label.premium","min",34.102267260659,2.974202323365,0.867027844,85.5190462567984
"Small",0.0549475627966865,"pricelabel.premium_fuelmin",1995.5,4.62208016035476,"price.fuel.mod","label.premium","min",0.735616089227739,3.19859578961608,0.92666276,14.7841661401787
"Small",0.0549475627966865,"pricelabel.premium_fuelmin",1996,17.0389034621952,"price.fuel.mod","label.premium","min",33.1773985935543,2.50019980592919,0.990501339,42.6006631294266
"Small",0.0549475627966865,"pricelabel.premium_fuelmin",1996.5,3.15382116732046,"price.fuel.mod","label.premium","min",0.716812406096025,3.16326652401382,1.235234785,9.97637692131101
"Small",0.0549475627966865,"pricelabel.premium_fuelmin",1997,16.6201184022468,"price.fuel.mod","label.premium","min",29.4775886362047,3.20074806344115,0.933448325,53.1968117901542
"Small",0.0549475627966865,"pricelabel.premium_fuelmin",1997.5,4.70685088460209,"price.fuel.mod","label.premium","min",1.69100390344393,3.17160491541806,0.938670805,14.9282714017438
"Small",0.0549475627966865,"pricelabel.premium_fuelmin",1998,39.8178823563558,"price.fuel.mod","label.premium","min",34.4104421044754,2.32616054446169,0.640660448,92.622786901372
"Small",0.0549475627966865,"pricelabel.premium_fuelmin",1998.5,4.02765375990267,"price.fuel.mod","label.premium","min",2.05210174026596,2.56029739710157,0.622172867,10.3119914379052
"Small",0.0549475627966865,"pricelabel.premium_fuelmin",1999,32.6134710423104,"price.fuel.mod","label.premium","min",38.4741550182192,2.39087042848093,0.804286601,77.9745834851791
"Small",0.0549475627966865,"pricelabel.premium_fuelmin",1999.5,7.34105698362153,"price.fuel.mod","label.premium","min",2.23520985136123,3.15007512047249,1.050467788,23.124880962077
"Small",0.0549475627966865,"pricelabel.premium_fuelmin",2000,28.5136807941917,"price.fuel.mod","label.premium","min",37.0846168064626,3.42056965332977,1.327541825,97.5330312293439
"Small",0.0549475627966865,"pricelabel.premium_fuelmin",2000.5,3.73610614040668,"price.fuel.mod","label.premium","min",1.12931721350037,3.50211131063933,1.612986692,13.0842595720673
"Small",0.0549475627966865,"pricelabel.premium_fuelmin",2001,12.7037455022581,"price.fuel.mod","label.premium","min",38.9592104154854,3.17152612550219,1.194280761,40.2902607521424
"Small",0.0549475627966865,"pricelabel.premium_fuelmin",2001.5,4.55397157179257,"price.fuel.mod","label.premium","min",0.95305989767346,2.72647203944922,0.975859995,12.416276158939
"Small",0.0549475627966865,"pricelabel.premium_fuelmin",2002,22.4343400748566,"price.fuel.mod","label.premium","min",32.8442587186268,2.43724646261169,1.070930495,54.678015988472
"Small",0.0549475627966865,"pricelabel.premium_fuelmin",2002.5,5.48568230839342,"price.fuel.mod","label.premium","min",1.87019646901045,2.48644434759047,1.216097682,13.6398437683818
"Small",0.0549475627966865,"pricelabel.premium_fuelmin",2003,48.5623415081451,"price.fuel.mod","label.premium","min",39.9101605584912,1.87960607049409,1.210301841,91.2780718961168
"Small",0.0549475627966865,"pricelabel.premium_fuelmin",2003.5,2.60262514573763,"price.fuel.mod","label.premium","min",1.08131262915648,1.64775643949941,1.269159913,4.28849234349227
"Small",0.0549475627966865,"pricelabel.premium_fuelmin",2004,16.0096258265811,"price.fuel.mod","label.premium","min",37.7506649665029,1.49426390224892,1.620877333,23.9226059611721
"Small",0.0549475627966865,"pricelabel.premium_fuelmin",2004.5,2.63591123083775,"price.fuel.mod","label.premium","min",0.542971426348707,1.95329414520825,2.02849139,5.14870997448404
"Small",0.0549475627966865,"pricelabel.premium_fuelmin",2005,8.38963354477427,"price.fuel.mod","label.premium","min",25.5567941818433,2.276876512803,2.382254002,19.1021595691207
"Small",0.0549475627966865,"pricelabel.premium_fuelmin",2005.5,3.98797224216047,"price.fuel.mod","label.premium","min",1.92148772697992,2.32541849460168,2.636138142,9.27370440787809
"Small",0.0549475627966865,"pricelabel.premium_fuelmin",2006,20.7297319353103,"price.fuel.mod","label.premium","min",29.3820294770415,1.64328250817206,2.787784045,34.0648058883913
"Small",0.0549475627966865,"pricelabel.premium_fuelmin",2006.5,4.59297066432427,"price.fuel.mod","label.premium","min",0.304521701423559,1.71856753817881,2.365521844,7.89333028751523
"Small",0.0549475627966865,"pricelabel.premium_fuelmin",2007,12.5553433506235,"price.fuel.mod","label.premium","min",27.6217543664749,1.89961137600456,2.755746336,23.8502730584876
"Small",0.0549475627966865,"pricelabel.premium_fuelmin",2007.5,1.33270487173307,"price.fuel.mod","label.premium","min",0.465516613623862,1.90748378576943,3.320424497,2.54211293404676
"Small",0.0549475627966865,"pricelabel.premium_fuelmin",2008,5.28524230597744,"price.fuel.mod","label.premium","min",17.7659276919536,1.84321551806618,4.889983343,9.7418406351175
"Small",0.0549475627966865,"pricelabel.premium_fuelmin",2008.5,4.70922035907056,"price.fuel.mod","label.premium","min",0.817461976283013,1.81599198296602,2.844336426,8.55190641809248
"Small",0.0549475627966865,"pricelabel.premium_fuelmin",2009,17.979744110761,"price.fuel.mod","label.premium","min",18.8947247584991,1.47843200217586,2.278682818,26.581829084282
"Small",0.0549475627966865,"pricelabel.premium_fuelmin",2009.5,2.28293010983765,"price.fuel.mod","label.premium","min",0.414448546792974,1.74489870397938,2.572136375,3.98348178993123
"Small",0.0549475627966865,"pricelabel.premium_fuelmin",2010,10.2851345619027,"price.fuel.mod","label.premium","min",10.3898713043782,2.40726345236337,2.70288658,24.7590285335078
"Small",0.0549475627966865,"pricelabel.premium_fuelmin",2010.5,0.753716117605967,"price.fuel.mod","label.premium","min",1.58086469169156,1.8721768967639,3.033457857,1.41108990210048
"Small",0.0549475627966865,"pricelabel.premium_fuelmin",2011,8.18772595541504,"price.fuel.mod","label.premium","min",24.250876531461,1.46960221213565,3.91117392,12.0327001764384
"Small",0.0549475627966865,"pricelabel.premium_fuelmin",2011.5,0.715900385777472,"price.fuel.mod","label.premium","min",1.02000463321805,2.11229011307718,3.857637569,1.5121893068259
"Small",0.0549475627966865,"pricelabel.premium_fuelmin",2012,8.78661668211595,"price.fuel.mod","label.premium","min",14.9581501376982,2.01235528403434,3.670647018,17.6817945090403
"Small",0.0549475627966865,"pricelabel.premium_fuelmin",2012.5,0.634382261630834,"price.fuel.mod","label.premium","min",1.06246201400765,1.95729714018241,3.926350999,1.24167458647248
"Small",0.0549475627966865,"pricelabel.premium_fuelmin",2013,8.52158969134006,"price.fuel.mod","label.premium","min",23.121954254089,2.08313110442743,3.59356354,17.7515885451986
"Small",0.0549475627966865,"pricelabel.premium_fuelmin",2013.5,0.80354423404111,"price.fuel.mod","label.premium","min",1.11985873291099,3.47567759827312,3.730174711,2.79286069347822
"Small",0.0549475627966865,"pricelabel.premium_fuelmin",2014,5.08384536835863,"price.fuel.mod","label.premium","min",25.8305466848948,3.59725315728399,3.505636196,18.2878788024717
"Small",0.0549475627966865,"pricelabel.premium_fuelmin",2014.5,2.38240519341649,"price.fuel.mod","label.premium","min",1.43466762510486,2.30597696796899,2.841017708,5.49377150438813
"Small",0.0549475627966865,"pricelabel.premium_fuelmin",2015,23.7255383646818,"price.fuel.mod","label.premium","min",17.7198833877751,1.60367976611785,2.014201659,38.0481658156931
"Small",0.0549475627966865,"pricelabel.premium_fuelmin",2015.5,4.51976358059737,"price.fuel.mod","label.premium","min",0.893230523631532,1.74925517610095,1.59375734,7.90621983811253
"Small",0.0549475627966865,"pricelabel.premium_fuelmin",2016,14.2959342187336,"price.fuel.mod","label.premium","min",13.7848418529771,1.36349750789189,1.64619339,19.4924706802296
"Small",0.0549475627966865,"pricelabel.premium_fuelmin",2016.5,2.35587317854296,"price.fuel.mod","label.premium","min",2.07950199163093,2.21804534012833,1.755500592,5.22543352560052
"Small",0.0549475627966865,"pricelabel.premium_fuelmin",2017,16.5151099488061,"price.fuel.mod","label.premium","min",16.1131159758896,1.54110611853533,1.721349829,25.4515369903887
"Small",0.0549475627966865,"pricelabel.premium_fuelmin",2017.5,4.17443452801571,"price.fuel.mod","label.premium","min",2.88503781328209,1.90789517166,2.115492451,7.96438348041196
"Small",0.0549475627966865,"pricelabel.premium_fuelmin",2018,8.59259116314626,"price.fuel.mod","label.premium","min",24.659261960846,1.44488280433977,2.502609693,12.4152872163519
"Small",0.0549475627966865,"pricelabel.premium_fuelmin",2018.5,3.21258314899257,"price.fuel.mod","label.premium","min",0.766913261974894,1.54754568558391,2.434931942,4.97161919180302
"Small",0.0549475627966865,"pricelabel.premium_fuelmin",2019,20.7978156247289,"price.fuel.mod","label.premium","min",12.1964944971997,1.60329405331422,2.166705119,33.3450141130535
"Small",0.0549475627966865,"pricelabel.premium_fuelmin",2019.5,3.24676204636475,"price.fuel.mod","label.premium","min",0.49134503743693,1.84553430067428,2.217115677,5.99201072269357
"Small",0.0549475627966865,"pricelabel.premium_fuelmin",2020,46.1233607871519,"price.fuel.mod","label.premium","min",8.45437092584065,1.74321307533248,1.223776883,80.4028456024407
"Small",0.0549475627966865,"pricelabel.premium_fuelmin",2020.5,6.18288786912017,"price.fuel.mod","label.premium","min",0.365339397994311,1.99966936626942,1.326079845,12.3637314669585
"Small",0.0549475627966865,"pricelabel.premium_fuelmin",2021,39.7868224520135,"price.fuel.mod","label.premium","min",10.9727795586288,2.19867920946227,2.064034533,87.4784593358086
"Small",0.0549475627966865,"pricelabel.premium_fuelmin",2021.5,3.02972604192832,"price.fuel.mod","label.premium","min",0.63159289139346,1.95371255603988,2.34283939,5.91921380947637
"Small",0.0549475627966865,"pricelabel.premium_fuelmin",2022,7.73812243170845,"price.fuel.mod","label.premium","min",7.02551689200128,1.20079679537534,3.992053255,9.29191261821754
"Small",0.0549475627966865,"pricelabel.premium_fuelmin",2022.5,2.14698323252443,"price.fuel.mod","label.premium","min",0.425794667042911,1.33949152023172,3.5445,2.87586583404616
"Small",0.0549475627966865,"pricelabel.premium_fuelmin",2023,12.8070938924057,"price.fuel.mod","label.premium","min",NA,2.60889063067778,1.5,33.4123072621078
"Small",0.0549475627966865,"pricelabel.premium_fuelmin",2023.5,6.19830998583142,"price.fuel.mod","label.premium","min",NA,2.60889063067778,1.5,16.1707128480721
"Small",0.0549475627966865,"pricelabel.premium_fuelmin",2024,22.4432502593966,"price.fuel.mod","label.premium","min",NA,2.60889063067778,1.5,58.5519853236964
"Small",0.0549475627966865,"pricelabel.premium_fuelmin",2024.5,3.91123945952175,"price.fuel.mod","label.premium","min",NA,2.60889063067778,1.5,10.2039959802835
"Small",0.0549475627966865,"pricelabel.premium_fuelmin",2025,22.690769576041,"price.fuel.mod","label.premium","min",NA,2.60889063067778,1.5,59.1977361498018
"Small",0.0549475627966865,"pricelabel.premium_fuelmin",2025.5,3.09054073738079,"price.fuel.mod","label.premium","min",NA,2.60889063067778,1.5,8.06288277348074
"Small",0.0549475627966865,"pricelabel.premium_fuelmin",2026,24.4355656470401,"price.fuel.mod","label.premium","min",NA,2.60889063067778,1.5,63.7497182718747
"Small",0.0549475627966865,"pricelabel.premium_fuelmin",2026.5,3.43881547666595,"price.fuel.mod","label.premium","min",NA,2.60889063067778,1.5,8.97149347770353
"Small",0.0549475627966865,"pricelabel.premium_fuelmin",2027,23.2913230606248,"price.fuel.mod","label.premium","min",NA,2.60889063067778,1.5,60.7645145089535
"Large",0.0732630989754507,"pricestatus.quo_fuelmax",1987,5.37542376888951,"price.fuel.mod","status.quo","max",6.71737977735683,12.5899917441796,1.193864043,67.6765408717856
"Large",0.0732630989754507,"pricestatus.quo_fuelmax",1987.5,6.26413715932755,"price.fuel.mod","status.quo","max",10.622314411265,12.0793895597091,1.218517776,75.6669530029669
"Large",0.0732630989754507,"pricestatus.quo_fuelmax",1988,2.65787682022248,"price.fuel.mod","status.quo","max",8.57325287037129,12.6057295038419,0.992170369,33.5044762502561
"Large",0.0732630989754507,"pricestatus.quo_fuelmax",1988.5,8.15074675368682,"price.fuel.mod","status.quo","max",10.8087014478752,12.5584041151657,0.95042966,102.360371573174
"Large",0.0732630989754507,"pricestatus.quo_fuelmax",1989,13.0134055141867,"price.fuel.mod","status.quo","max",8.31618564404666,10.1603157047673,1.040677249,132.220308418297
"Large",0.0732630989754507,"pricestatus.quo_fuelmax",1989.5,9.45511619314545,"price.fuel.mod","status.quo","max",13.0119615266943,8.85794163390862,1.319286796,83.7528673807066
"Large",0.0732630989754507,"pricestatus.quo_fuelmax",1990,7.17986244777725,"price.fuel.mod","status.quo","max",10.4664894841967,8.57265311491896,1.165362175,61.5504701776273
"Large",0.0732630989754507,"pricestatus.quo_fuelmax",1990.5,7.88615086783963,"price.fuel.mod","status.quo","max",12.3173138400001,10.121152066617,1.749252381,79.8169321536887
"Large",0.0732630989754507,"pricestatus.quo_fuelmax",1991,17.4064597169755,"price.fuel.mod","status.quo","max",10.6108380057583,9.45743851223052,1.109832663,164.620522488914
"Large",0.0732630989754507,"pricestatus.quo_fuelmax",1991.5,10.6322178974377,"price.fuel.mod","status.quo","max",12.4879838019052,8.90923640938927,1.186270087,94.7249428044119
"Large",0.0732630989754507,"pricestatus.quo_fuelmax",1992,5.97765522234903,"price.fuel.mod","status.quo","max",4.36900738448302,9.78433680553042,1.136504152,58.4873920028007
"Large",0.0732630989754507,"pricestatus.quo_fuelmax",1992.5,9.32278461450246,"price.fuel.mod","status.quo","max",12.1414743179632,9.61389512435446,1.119827889,89.628273550772
"Large",0.0732630989754507,"pricestatus.quo_fuelmax",1993,4.27003854406339,"price.fuel.mod","status.quo","max",3.71286139165064,9.68624084782594,0.970890649,41.360621767298
"Large",0.0732630989754507,"pricestatus.quo_fuelmax",1993.5,6.28028305462361,"price.fuel.mod","status.quo","max",9.6599860067035,9.72021935763151,0.925675909,61.0457289189576
"Large",0.0732630989754507,"pricestatus.quo_fuelmax",1994,7.93146522942181,"price.fuel.mod","status.quo","max",5.51132667262915,10.8613688089981,0.900017334,86.1465690524952
"Large",0.0732630989754507,"pricestatus.quo_fuelmax",1994.5,10.5220834343964,"price.fuel.mod","status.quo","max",11.8112138407078,10.7633585365074,0.879442785,113.252956555454
"Large",0.0732630989754507,"pricestatus.quo_fuelmax",1995,10.0269293104296,"price.fuel.mod","status.quo","max",6.21391252952628,10.7890232405838,0.867027844,108.180773361917
"Large",0.0732630989754507,"pricestatus.quo_fuelmax",1995.5,11.1595797370325,"price.fuel.mod","status.quo","max",11.1939421930543,9.62593281197826,0.92666276,107.421364758589
"Large",0.0732630989754507,"pricestatus.quo_fuelmax",1996,4.58253783737548,"price.fuel.mod","status.quo","max",4.69273193485784,10.3436601282369,0.990501339,47.4002139145976
"Large",0.0732630989754507,"pricestatus.quo_fuelmax",1996.5,7.09674340765516,"price.fuel.mod","status.quo","max",10.9515132054804,10.4387237810633,1.235234785,74.0809441775942
"Large",0.0732630989754507,"pricestatus.quo_fuelmax",1997,4.54370661792861,"price.fuel.mod","status.quo","max",3.43510362636754,11.5771198057125,0.933448325,52.6030358777684
"Large",0.0732630989754507,"pricestatus.quo_fuelmax",1997.5,8.73187356309806,"price.fuel.mod","status.quo","max",9.04681397446952,11.3781664584964,0.938670805,99.3527108954737
"Large",0.0732630989754507,"pricestatus.quo_fuelmax",1998,5.58296406208453,"price.fuel.mod","status.quo","max",4.24075938686746,10.7769406001589,0.640660448,60.167272069907
"Large",0.0732630989754507,"pricestatus.quo_fuelmax",1998.5,9.71903166275535,"price.fuel.mod","status.quo","max",12.0293003674683,9.51226679526253,0.622172867,92.4500221677329
"Large",0.0732630989754507,"pricestatus.quo_fuelmax",1999,8.78414542346186,"price.fuel.mod","status.quo","max",6.26837397930924,10.3714508913732,0.804286601,91.1043328821157
"Large",0.0732630989754507,"pricestatus.quo_fuelmax",1999.5,9.05061664424378,"price.fuel.mod","status.quo","max",9.94572173827841,10.6330528005955,1.050467788,96.2356846561922
"Large",0.0732630989754507,"pricestatus.quo_fuelmax",2000,12.168715429895,"price.fuel.mod","status.quo","max",9.60103636139893,10.7508888167683,1.327541825,130.824506629694
"Large",0.0732630989754507,"pricestatus.quo_fuelmax",2000.5,10.3147129121958,"price.fuel.mod","status.quo","max",12.330422287742,9.34581671991077,1.612986692,96.3994163958789
"Large",0.0732630989754507,"pricestatus.quo_fuelmax",2001,9.24977991510604,"price.fuel.mod","status.quo","max",7.91172740953807,9.69680841162668,1.194280761,89.6933436864958
"Large",0.0732630989754507,"pricestatus.quo_fuelmax",2001.5,7.54250673054405,"price.fuel.mod","status.quo","max",9.53611922083641,8.24439553464669,0.975859995,62.1834088093399
"Large",0.0732630989754507,"pricestatus.quo_fuelmax",2002,6.33880904295416,"price.fuel.mod","status.quo","max",5.90490467986567,7.03546425864735,1.070930495,44.5964644640947
"Large",0.0732630989754507,"pricestatus.quo_fuelmax",2002.5,6.58208886146631,"price.fuel.mod","status.quo","max",8.21494371689397,7.15032103828286,1.216097682,47.0640484619898
"Large",0.0732630989754507,"pricestatus.quo_fuelmax",2003,7.07648969967173,"price.fuel.mod","status.quo","max",5.88659270493106,6.83775934994511,1.210301841,48.3873336087207
"Large",0.0732630989754507,"pricestatus.quo_fuelmax",2003.5,8.61205292955769,"price.fuel.mod","status.quo","max",9.7458138599594,6.03783529573531,1.269159913,51.9981571468241
"Large",0.0732630989754507,"pricestatus.quo_fuelmax",2004,13.9126331690354,"price.fuel.mod","status.quo","max",6.97115490146669,6.51352108495447,1.620877333,90.6202294937492
"Large",0.0732630989754507,"pricestatus.quo_fuelmax",2004.5,9.15361279753341,"price.fuel.mod","status.quo","max",10.0288422319289,6.56657427628878,2.02849139,60.1078783313907
"Large",0.0732630989754507,"pricestatus.quo_fuelmax",2005,4.64616903864719,"price.fuel.mod","status.quo","max",5.57953019668072,6.02719887276295,2.382254002,28.0033847924005
"Large",0.0732630989754507,"pricestatus.quo_fuelmax",2005.5,7.07130337511595,"price.fuel.mod","status.quo","max",10.0812503959341,5.6234149093112,2.636138142,39.7648728278896
"Large",0.0732630989754507,"pricestatus.quo_fuelmax",2006,8.71940942021577,"price.fuel.mod","status.quo","max",9.32814760671619,4.72089382927121,2.787784045,41.1634061267859
"Large",0.0732630989754507,"pricestatus.quo_fuelmax",2006.5,6.84934689025661,"price.fuel.mod","status.quo","max",19.3733736458873,4.22533641185959,2.365521844,28.9407948128585
"Large",0.0732630989754507,"pricestatus.quo_fuelmax",2007,7.0796881835825,"price.fuel.mod","status.quo","max",8.93251755415469,5.4674366499906,2.755746336,38.7077466454244
"Large",0.0732630989754507,"pricestatus.quo_fuelmax",2007.5,8.94784450255713,"price.fuel.mod","status.quo","max",11.9723465627928,5.86706497636183,3.320424497,52.4975850948847
"Large",0.0732630989754507,"pricestatus.quo_fuelmax",2008,7.21652559899077,"price.fuel.mod","status.quo","max",6.8632023388661,6.87395329195337,4.889983343,49.6060598976483
"Large",0.0732630989754507,"pricestatus.quo_fuelmax",2008.5,10.6410019637121,"price.fuel.mod","status.quo","max",12.9867202704612,4.910949850942,2.844336426,52.2574270075657
"Large",0.0732630989754507,"pricestatus.quo_fuelmax",2009,2.28212544244915,"price.fuel.mod","status.quo","max",11.3957385120874,3.4946185695594,2.278682818,7.97515794924676
"Large",0.0732630989754507,"pricestatus.quo_fuelmax",2009.5,7.97783950060318,"price.fuel.mod","status.quo","max",20.1822701677183,3.95084796176061,2.572136375,31.5192309302114
"Large",0.0732630989754507,"pricestatus.quo_fuelmax",2010,32.9756449667265,"price.fuel.mod","status.quo","max",4.93689076135254,6.8935907213382,2.70288658,227.320600172769
"Large",0.0732630989754507,"pricestatus.quo_fuelmax",2010.5,30.8204377813916,"price.fuel.mod","status.quo","max",11.8949437102665,6.08552889172307,3.033457857,187.558664574212
"Large",0.0732630989754507,"pricestatus.quo_fuelmax",2011,25.5693977207293,"price.fuel.mod","status.quo","max",7.43116987306931,6.42924813142202,3.91117392,164.392002517585
"Large",0.0732630989754507,"pricestatus.quo_fuelmax",2011.5,23.537915099518,"price.fuel.mod","status.quo","max",15.2124204306267,6.12657011782144,3.857637569,144.206687284525
"Large",0.0732630989754507,"pricestatus.quo_fuelmax",2012,13.5368738040848,"price.fuel.mod","status.quo","max",8.20944256638802,5.37802611663949,3.670647018,72.8016608560212
"Large",0.0732630989754507,"pricestatus.quo_fuelmax",2012.5,12.7470567775555,"price.fuel.mod","status.quo","max",12.7487994935888,5.26996060725231,3.926350999,67.1764870761259
"Large",0.0732630989754507,"pricestatus.quo_fuelmax",2013,15.454028675404,"price.fuel.mod","status.quo","max",8.12879485408897,7.29940876517483,3.59356354,112.805272370507
"Large",0.0732630989754507,"pricestatus.quo_fuelmax",2013.5,20.5189211531366,"price.fuel.mod","status.quo","max",12.1287990775526,8.36406624719241,3.730174711,171.621615845752
"Large",0.0732630989754507,"pricestatus.quo_fuelmax",2014,8.95226849401108,"price.fuel.mod","status.quo","max",4.83811460324899,9.26869378396509,3.505636196,82.9758353428271
"Large",0.0732630989754507,"pricestatus.quo_fuelmax",2014.5,25.2231454861815,"price.fuel.mod","status.quo","max",13.2014758885329,7.64784836022419,2.841017708,192.90279184619
"Large",0.0732630989754507,"pricestatus.quo_fuelmax",2015,6.05948419889366,"price.fuel.mod","status.quo","max",11.9161098619624,4.35779288507159,2.014201659,26.4059771291425
"Large",0.0732630989754507,"pricestatus.quo_fuelmax",2015.5,15.1309714539705,"price.fuel.mod","status.quo","max",12.4991106317133,4.55318414231323,1.59375734,68.8940992820127
"Large",0.0732630989754507,"pricestatus.quo_fuelmax",2016,11.9608213583819,"price.fuel.mod","status.quo","max",9.63632679089192,4.88277904371158,1.64619339,58.4020478742851
"Large",0.0732630989754507,"pricestatus.quo_fuelmax",2016.5,16.5987943166205,"price.fuel.mod","status.quo","max",9.76216658287913,6.21792739900937,1.755500592,103.210097971835
"Large",0.0732630989754507,"pricestatus.quo_fuelmax",2017,8.54951933992999,"price.fuel.mod","status.quo","max",9.02808762228676,4.92061824876707,1.721349829,42.0689208822465
"Large",0.0732630989754507,"pricestatus.quo_fuelmax",2017.5,10.9667803741238,"price.fuel.mod","status.quo","max",9.08662344104663,5.10145524158574,2.115492451,55.9465392228937
"Large",0.0732630989754507,"pricestatus.quo_fuelmax",2018,6.59240588011919,"price.fuel.mod","status.quo","max",10.2255227834163,4.71837605093946,2.502609693,31.1054500228268
"Large",0.0732630989754507,"pricestatus.quo_fuelmax",2018.5,11.486619833874,"price.fuel.mod","status.quo","max",12.0208463089032,5.01855298773329,2.434931942,57.6462102862448
"Large",0.0732630989754507,"pricestatus.quo_fuelmax",2019,5.46389989185006,"price.fuel.mod","status.quo","max",6.49742860601407,4.88494408016038,2.166705119,26.6908454312819
"Large",0.0732630989754507,"pricestatus.quo_fuelmax",2019.5,9.12293392269843,"price.fuel.mod","status.quo","max",8.12546140575837,5.17750496313892,2.217115677,47.2340356631596
"Large",0.0732630989754507,"pricestatus.quo_fuelmax",2020,9.52477947537156,"price.fuel.mod","status.quo","max",6.99253856614546,4.68046753159861,1.223776883,44.5804210801135
"Large",0.0732630989754507,"pricestatus.quo_fuelmax",2020.5,18.77433405639,"price.fuel.mod","status.quo","max",8.32614451400999,5.40555837390546,1.326079845,101.485758673017
"Large",0.0732630989754507,"pricestatus.quo_fuelmax",2021,17.0195093445105,"price.fuel.mod","status.quo","max",4.15856313937567,6.22144464823613,2.064034533,105.88593532701
"Large",0.0732630989754507,"pricestatus.quo_fuelmax",2021.5,15.3668926180311,"price.fuel.mod","status.quo","max",5.87361341229464,6.47320276956418,2.34283939,99.4730118546345
"Large",0.0732630989754507,"pricestatus.quo_fuelmax",2022,6.57805714616534,"price.fuel.mod","status.quo","max",4.33617367568456,4.29638469636797,3.992053255,28.2618640546187
"Large",0.0732630989754507,"pricestatus.quo_fuelmax",2022.5,0.289190169552395,"price.fuel.mod","status.quo","max",5.27214346715716,3.49424942020108,3.5445,1.01050258228631
"Large",0.0732630989754507,"pricestatus.quo_fuelmax",2023,9.56235972436211,"price.fuel.mod","status.quo","max",NA,5.09521790664557,4,48.7223064973562
"Large",0.0732630989754507,"pricestatus.quo_fuelmax",2023.5,6.24040300344983,"price.fuel.mod","status.quo","max",NA,5.09521790664557,4,31.7962131278624
"Large",0.0732630989754507,"pricestatus.quo_fuelmax",2024,8.5684864365301,"price.fuel.mod","status.quo","max",NA,5.09521790664557,4,43.6583055242579
"Large",0.0732630989754507,"pricestatus.quo_fuelmax",2024.5,6.1758463463548,"price.fuel.mod","status.quo","max",NA,5.09521790664557,4,31.4672828926386
"Large",0.0732630989754507,"pricestatus.quo_fuelmax",2025,9.14386087972574,"price.fuel.mod","status.quo","max",NA,5.09521790664557,4,46.5899636902545
"Large",0.0732630989754507,"pricestatus.quo_fuelmax",2025.5,6.71590226123899,"price.fuel.mod","status.quo","max",NA,5.09521790664557,4,34.2189854607464
"Large",0.0732630989754507,"pricestatus.quo_fuelmax",2026,9.1956339170525,"price.fuel.mod","status.quo","max",NA,5.09521790664557,4,46.8537585971233
"Large",0.0732630989754507,"pricestatus.quo_fuelmax",2026.5,6.80307175290503,"price.fuel.mod","status.quo","max",NA,5.09521790664557,4,34.6631330155964
"Large",0.0732630989754507,"pricestatus.quo_fuelmax",2027,8.99115225841744,"price.fuel.mod","status.quo","max",NA,5.09521790664557,4,45.8118799884653
"Medium",0.0179377398124686,"pricestatus.quo_fuelmax",1987,16.77118699456,"price.fuel.mod","status.quo","max",32.7194132783767,6.08983897957365,1.193864043,102.13382829319
"Medium",0.0179377398124686,"pricestatus.quo_fuelmax",1987.5,6.43334377614751,"price.fuel.mod","status.quo","max",7.64637899895229,6.22272095995808,1.218517776,40.032903158449
"Medium",0.0179377398124686,"pricestatus.quo_fuelmax",1988,10.8379343764981,"price.fuel.mod","status.quo","max",32.816615646671,5.28614926542636,0.992170369,57.2909388430643
"Medium",0.0179377398124686,"pricestatus.quo_fuelmax",1988.5,4.56746626149539,"price.fuel.mod","status.quo","max",5.51691034329667,5.92203308328633,0.95042966,27.0486863073698
"Medium",0.0179377398124686,"pricestatus.quo_fuelmax",1989,48.9599422786893,"price.fuel.mod","status.quo","max",36.5678534777813,5.11980548744016,1.040677249,250.665381143187
"Medium",0.0179377398124686,"pricestatus.quo_fuelmax",1989.5,9.83460324865674,"price.fuel.mod","status.quo","max",9.12915061718908,5.89339168953183,1.319286796,57.9591690554764
"Medium",0.0179377398124686,"pricestatus.quo_fuelmax",1990,31.6653088566793,"price.fuel.mod","status.quo","max",35.6475771015084,4.69183072247511,1.165362175,148.568268930431
"Medium",0.0179377398124686,"pricestatus.quo_fuelmax",1990.5,8.16709149773667,"price.fuel.mod","status.quo","max",8.40505368169431,5.87198459467529,1.749252381,47.9570354580133
"Medium",0.0179377398124686,"pricestatus.quo_fuelmax",1991,42.3969264921548,"price.fuel.mod","status.quo","max",27.3423279699856,5.29812880233018,1.109832663,224.624377378361
"Medium",0.0179377398124686,"pricestatus.quo_fuelmax",1991.5,12.0111234011054,"price.fuel.mod","status.quo","max",6.60304838164396,5.66122882462061,1.186270087,67.9977180144128
"Medium",0.0179377398124686,"pricestatus.quo_fuelmax",1992,14.0957432368974,"price.fuel.mod","status.quo","max",22.2825090419081,5.27007850286719,1.136504152,74.2856734147087
"Medium",0.0179377398124686,"pricestatus.quo_fuelmax",1992.5,9.70977124251765,"price.fuel.mod","status.quo","max",8.04572442883319,5.34944559516089,1.119827889,51.9418930033059
"Medium",0.0179377398124686,"pricestatus.quo_fuelmax",1993,9.87115731969945,"price.fuel.mod","status.quo","max",16.9236119526854,4.69304570072945,0.970890649,46.3257924204396
"Medium",0.0179377398124686,"pricestatus.quo_fuelmax",1993.5,9.71182227076254,"price.fuel.mod","status.quo","max",6.56173810175156,5.6129027756598,0.925675909,54.5115141802777
"Medium",0.0179377398124686,"pricestatus.quo_fuelmax",1994,28.6600193671097,"price.fuel.mod","status.quo","max",22.2137154211208,7.16914108424744,0.900017334,205.467722320073
"Medium",0.0179377398124686,"pricestatus.quo_fuelmax",1994.5,11.7542725558221,"price.fuel.mod","status.quo","max",6.25221156996301,7.27604909512476,0.879442785,85.5246641936395
"Medium",0.0179377398124686,"pricestatus.quo_fuelmax",1995,38.8205992327867,"price.fuel.mod","status.quo","max",20.030923425577,5.32227477000002,0.867027844,206.613895852943
"Medium",0.0179377398124686,"pricestatus.quo_fuelmax",1995.5,15.2042508189004,"price.fuel.mod","status.quo","max",6.04923251875156,5.09212478044929,0.92666276,77.421942363089
"Medium",0.0179377398124686,"pricestatus.quo_fuelmax",1996,9.5557309036492,"price.fuel.mod","status.quo","max",20.8366043824406,4.72257319055959,0.990501339,45.1276385817755
"Medium",0.0179377398124686,"pricestatus.quo_fuelmax",1996.5,8.49640854128699,"price.fuel.mod","status.quo","max",6.16548682253209,5.66253041071969,1.235234785,48.1111717469361
"Medium",0.0179377398124686,"pricestatus.quo_fuelmax",1997,9.60595422034296,"price.fuel.mod","status.quo","max",16.3328456637844,6.69271878623742,0.933448325,64.289950270226
"Medium",0.0179377398124686,"pricestatus.quo_fuelmax",1997.5,12.0048869760248,"price.fuel.mod","status.quo","max",7.94680082880489,6.70282972128026,0.938670805,80.4667132235094
"Medium",0.0179377398124686,"pricestatus.quo_fuelmax",1998,24.0802463555333,"price.fuel.mod","status.quo","max",24.0115004673135,4.55282361783213,0.640660448,109.633114330688
"Medium",0.0179377398124686,"pricestatus.quo_fuelmax",1998.5,9.85708071931299,"price.fuel.mod","status.quo","max",7.21680260156809,4.56254309845653,0.622172867,44.9733556068304
"Medium",0.0179377398124686,"pricestatus.quo_fuelmax",1999,30.8501905994638,"price.fuel.mod","status.quo","max",20.1063773758566,4.84198465538306,0.804286601,149.376149498247
"Medium",0.0179377398124686,"pricestatus.quo_fuelmax",1999.5,9.93835210096371,"price.fuel.mod","status.quo","max",6.42932894524407,6.01017980396059,1.050467788,59.7312830818614
"Medium",0.0179377398124686,"pricestatus.quo_fuelmax",2000,36.7988879989563,"price.fuel.mod","status.quo","max",28.1806030510016,6.33227130160756,1.327541825,233.020542406862
"Medium",0.0179377398124686,"pricestatus.quo_fuelmax",2000.5,10.887787008839,"price.fuel.mod","status.quo","max",8.71077659307286,5.90087585057623,1.612986692,64.2474794266753
"Medium",0.0179377398124686,"pricestatus.quo_fuelmax",2001,27.9149415972564,"price.fuel.mod","status.quo","max",28.3160763222633,4.47355045862035,1.194280761,124.878899784767
"Medium",0.0179377398124686,"pricestatus.quo_fuelmax",2001.5,10.6642236584208,"price.fuel.mod","status.quo","max",5.47603106489692,4.42953362104376,0.975859995,47.2375372373054
"Medium",0.0179377398124686,"pricestatus.quo_fuelmax",2002,23.6540968034033,"price.fuel.mod","status.quo","max",20.8191160581067,3.66198228125976,1.070930495,86.6208833732659
"Medium",0.0179377398124686,"pricestatus.quo_fuelmax",2002.5,8.101106373518,"price.fuel.mod","status.quo","max",6.9024297187297,4.02193440093658,1.216097682,32.5821184092987
"Medium",0.0179377398124686,"pricestatus.quo_fuelmax",2003,21.5393969588878,"price.fuel.mod","status.quo","max",22.7726223065002,3.41458224662662,1.210301841,73.5480424588619
"Medium",0.0179377398124686,"pricestatus.quo_fuelmax",2003.5,5.86536360422995,"price.fuel.mod","status.quo","max",6.95872350472763,3.1173102683852,1.269159913,18.2841581912789
"Medium",0.0179377398124686,"pricestatus.quo_fuelmax",2004,19.4658557470449,"price.fuel.mod","status.quo","max",16.488138917693,2.96352396392705,1.620877333,57.6875299847147
"Medium",0.0179377398124686,"pricestatus.quo_fuelmax",2004.5,4.68915262934443,"price.fuel.mod","status.quo","max",5.41492897646919,3.2568059561738,2.02849139,15.271660212657
"Medium",0.0179377398124686,"pricestatus.quo_fuelmax",2005,10.4947094333218,"price.fuel.mod","status.quo","max",12.5141930894517,3.40067473540805,2.382254002,35.6890932253459
"Medium",0.0179377398124686,"pricestatus.quo_fuelmax",2005.5,4.42211949815867,"price.fuel.mod","status.quo","max",5.3781189264929,3.32928335785263,2.636138142,14.7224888516553
"Medium",0.0179377398124686,"pricestatus.quo_fuelmax",2006,20.0935323545862,"price.fuel.mod","status.quo","max",21.8386311572776,2.58047613508342,2.787784045,51.8508807105362
"Medium",0.0179377398124686,"pricestatus.quo_fuelmax",2006.5,3.84488231664203,"price.fuel.mod","status.quo","max",8.63501978553956,2.57368762405512,2.365521844,9.89552603428996
"Medium",0.0179377398124686,"pricestatus.quo_fuelmax",2007,10.0358585021311,"price.fuel.mod","status.quo","max",17.8553156773805,2.78674750448948,2.755746336,27.9674036362235
"Medium",0.0179377398124686,"pricestatus.quo_fuelmax",2007.5,3.32208417331655,"price.fuel.mod","status.quo","max",5.52115890238281,3.19323641553863,3.320424497,10.608200157719
"Medium",0.0179377398124686,"pricestatus.quo_fuelmax",2008,8.56097506680424,"price.fuel.mod","status.quo","max",11.3577946496599,3.91862878927398,4.889983343,33.5472833610358
"Medium",0.0179377398124686,"pricestatus.quo_fuelmax",2008.5,7.26499089533838,"price.fuel.mod","status.quo","max",5.08086533882322,3.33130130874346,2.844336426,24.2018736776501
"Medium",0.0179377398124686,"pricestatus.quo_fuelmax",2009,13.2798274090951,"price.fuel.mod","status.quo","max",17.9668851781964,2.25868223125,2.278682818,29.9949102029897
"Medium",0.0179377398124686,"pricestatus.quo_fuelmax",2009.5,4.55477593311164,"price.fuel.mod","status.quo","max",7.57574099599588,2.39828041246072,2.572136375,10.9236299035291
"Medium",0.0179377398124686,"pricestatus.quo_fuelmax",2010,24.0466719274362,"price.fuel.mod","status.quo","max",8.04780714544663,3.03808440430528,2.70288658,73.0558189581895
"Medium",0.0179377398124686,"pricestatus.quo_fuelmax",2010.5,6.40850913456549,"price.fuel.mod","status.quo","max",8.57478318074798,3.07854866749727,3.033457857,19.7289072568607
"Medium",0.0179377398124686,"pricestatus.quo_fuelmax",2011,19.0967439396111,"price.fuel.mod","status.quo","max",17.8287157295084,3.21106661498974,3.91117392,61.320916919493
"Medium",0.0179377398124686,"pricestatus.quo_fuelmax",2011.5,4.28057255131751,"price.fuel.mod","status.quo","max",8.37455860329747,3.77640735527577,3.857637569,16.165185667587
"Medium",0.0179377398124686,"pricestatus.quo_fuelmax",2012,16.0504173037322,"price.fuel.mod","status.quo","max",18.6467153647801,3.43378376176959,3.670647018,55.1136623071814
"Medium",0.0179377398124686,"pricestatus.quo_fuelmax",2012.5,6.10349292244328,"price.fuel.mod","status.quo","max",8.81451598006909,3.3867862695019,3.926350999,20.6712260257329
"Medium",0.0179377398124686,"pricestatus.quo_fuelmax",2013,9.5961366699342,"price.fuel.mod","status.quo","max",14.5150058419753,4.06054672077294,3.59356354,38.9655612871903
"Medium",0.0179377398124686,"pricestatus.quo_fuelmax",2013.5,7.44572346698803,"price.fuel.mod","status.quo","max",7.81621022101394,5.35909558500419,3.730174711,39.9023437590976
"Medium",0.0179377398124686,"pricestatus.quo_fuelmax",2014,8.52392036543948,"price.fuel.mod","status.quo","max",14.588974377991,5.29777481788601,3.505636196,45.157810661691
"Medium",0.0179377398124686,"pricestatus.quo_fuelmax",2014.5,11.1188338992483,"price.fuel.mod","status.quo","max",9.23671593064456,4.41155164281167,2.841017708,49.0513099543788
"Medium",0.0179377398124686,"pricestatus.quo_fuelmax",2015,19.6602389208487,"price.fuel.mod","status.quo","max",13.2147941220035,2.81150774930967,2.014201659,55.2749140792457
"Medium",0.0179377398124686,"pricestatus.quo_fuelmax",2015.5,11.2642742393268,"price.fuel.mod","status.quo","max",7.50525393689402,2.86759769693102,1.59375734,32.301406866293
"Medium",0.0179377398124686,"pricestatus.quo_fuelmax",2016,17.2326486705567,"price.fuel.mod","status.quo","max",10.1808130369481,3.00596842461488,1.64619339,51.8007977761749
"Medium",0.0179377398124686,"pricestatus.quo_fuelmax",2016.5,9.3515200638894,"price.fuel.mod","status.quo","max",5.39307169815739,4.18887393214666,1.755500592,39.1723386215728
"Medium",0.0179377398124686,"pricestatus.quo_fuelmax",2017,22.2159721420294,"price.fuel.mod","status.quo","max",12.1331828553547,3.47942031582626,1.721349829,77.2987048068072
"Medium",0.0179377398124686,"pricestatus.quo_fuelmax",2017.5,12.0405975560374,"price.fuel.mod","status.quo","max",7.54050854388687,3.79112272220055,2.115492451,45.6473829835658
"Medium",0.0179377398124686,"pricestatus.quo_fuelmax",2018,16.5541786770455,"price.fuel.mod","status.quo","max",13.7781541536191,3.25380794124098,2.502609693,53.8641180400927
"Medium",0.0179377398124686,"pricestatus.quo_fuelmax",2018.5,7.29313982312769,"price.fuel.mod","status.quo","max",8.66981088922993,3.45385243293675,2.434931942,25.1894287218574
"Medium",0.0179377398124686,"pricestatus.quo_fuelmax",2019,10.8588347380403,"price.fuel.mod","status.quo","max",7.94919114053227,3.29851886703811,2.166705119,35.8180712574747
"Medium",0.0179377398124686,"pricestatus.quo_fuelmax",2019.5,7.04455879740266,"price.fuel.mod","status.quo","max",5.45331074318056,3.39313131687167,2.217115677,23.9031130690108
"Medium",0.0179377398124686,"pricestatus.quo_fuelmax",2020,31.3809430452237,"price.fuel.mod","status.quo","max",11.8094531922773,2.81936323656955,1.223776883,88.4742771505865
"Medium",0.0179377398124686,"pricestatus.quo_fuelmax",2020.5,15.7565224117422,"price.fuel.mod","status.quo","max",5.0535056945109,2.97562041568792,1.326079845,46.8854297686243
"Medium",0.0179377398124686,"pricestatus.quo_fuelmax",2021,44.3839987179348,"price.fuel.mod","status.quo","max",12.1371153888044,3.68191490636116,2.064034533,163.418106483479
"Medium",0.0179377398124686,"pricestatus.quo_fuelmax",2021.5,13.5234945256423,"price.fuel.mod","status.quo","max",8.24615492050734,3.50734091870751,2.34283939,47.4315057137023
"Medium",0.0179377398124686,"pricestatus.quo_fuelmax",2022,6.10830031022244,"price.fuel.mod","status.quo","max",7.9248694210156,2.4198801778206,3.992053255,14.7813548408827
"Medium",0.0179377398124686,"pricestatus.quo_fuelmax",2022.5,0.0883295852047201,"price.fuel.mod","status.quo","max",5.88528355085481,1.95246160438392,3.5445,0.172460123643374
"Medium",0.0179377398124686,"pricestatus.quo_fuelmax",2023,7.50882512897833,"price.fuel.mod","status.quo","max",NA,2.89276354325511,4,21.7212555857863
"Medium",0.0179377398124686,"pricestatus.quo_fuelmax",2023.5,2.12254683772154,"price.fuel.mod","status.quo","max",NA,2.89276354325511,4,6.14002611101228
"Medium",0.0179377398124686,"pricestatus.quo_fuelmax",2024,5.56440442052281,"price.fuel.mod","status.quo","max",NA,2.89276354325511,4,16.096506247616
"Medium",0.0179377398124686,"pricestatus.quo_fuelmax",2024.5,2.60866081180804,"price.fuel.mod","status.quo","max",NA,2.89276354325511,4,7.54623889311658
"Medium",0.0179377398124686,"pricestatus.quo_fuelmax",2025,9.90140266754366,"price.fuel.mod","status.quo","max",NA,2.89276354325511,4,28.6424166637592
"Medium",0.0179377398124686,"pricestatus.quo_fuelmax",2025.5,4.01087311381572,"price.fuel.mod","status.quo","max",NA,2.89276354325511,4,11.6025075202682
"Medium",0.0179377398124686,"pricestatus.quo_fuelmax",2026,11.2269302712081,"price.fuel.mod","status.quo","max",NA,2.89276354325511,4,32.4768545912181
"Medium",0.0179377398124686,"pricestatus.quo_fuelmax",2026.5,4.53072803496158,"price.fuel.mod","status.quo","max",NA,2.89276354325511,4,13.1063248839407
"Medium",0.0179377398124686,"pricestatus.quo_fuelmax",2027,9.4052638594794,"price.fuel.mod","status.quo","max",NA,2.89276354325511,4,27.2072044073968
"Small",0.0190937300479243,"pricestatus.quo_fuelmax",1987,20.8135037500085,"price.fuel.mod","status.quo","max",33.1699600876773,3.46223983102226,1.193864043,72.0613417064108
"Small",0.0190937300479243,"pricestatus.quo_fuelmax",1987.5,2.54120121315483,"price.fuel.mod","status.quo","max",1.55534427195328,4.03600829559881,1.218517776,10.2563091770787
"Small",0.0190937300479243,"pricestatus.quo_fuelmax",1988,11.6315651134648,"price.fuel.mod","status.quo","max",23.8431624881257,2.83796100605314,0.992170369,33.0099282313811
"Small",0.0190937300479243,"pricestatus.quo_fuelmax",1988.5,1.80390188171304,"price.fuel.mod","status.quo","max",0.720080044745491,3.55275304925539,0.95042966,6.40881791081355
"Small",0.0190937300479243,"pricestatus.quo_fuelmax",1989,18.2940891156421,"price.fuel.mod","status.quo","max",28.7755001766216,2.51462103845419,1.040677249,46.0027013695495
"Small",0.0190937300479243,"pricestatus.quo_fuelmax",1989.5,2.2731327683833,"price.fuel.mod","status.quo","max",1.15542976955331,3.07473626443988,1.319286796,6.98928375683476
"Small",0.0190937300479243,"pricestatus.quo_fuelmax",1990,22.0223573639129,"price.fuel.mod","status.quo","max",40.4141643858711,2.31713756835269,1.165362175,51.028831591611
"Small",0.0190937300479243,"pricestatus.quo_fuelmax",1990.5,3.10412594096034,"price.fuel.mod","status.quo","max",0.71930936977849,3.31075264722307,1.749252381,10.2769931763482
"Small",0.0190937300479243,"pricestatus.quo_fuelmax",1991,31.2604263439201,"price.fuel.mod","status.quo","max",29.6999205320081,2.75220541657956,1.109832663,86.0351147083233
"Small",0.0190937300479243,"pricestatus.quo_fuelmax",1991.5,4.50753668962346,"price.fuel.mod","status.quo","max",1.45164641335001,3.33127362657706,1.186270087,15.0158380949711
"Small",0.0190937300479243,"pricestatus.quo_fuelmax",1992,9.58727414418958,"price.fuel.mod","status.quo","max",22.1974889327821,3.34190966430881,1.136504152,32.0398041168451
"Small",0.0190937300479243,"pricestatus.quo_fuelmax",1992.5,2.66299835043843,"price.fuel.mod","status.quo","max",1.90915308007694,3.40282759475462,1.119827889,9.06172427165792
"Small",0.0190937300479243,"pricestatus.quo_fuelmax",1993,10.7186072922499,"price.fuel.mod","status.quo","max",31.251177401142,2.55240244206907,0.970890649,27.358199428318
"Small",0.0190937300479243,"pricestatus.quo_fuelmax",1993.5,5.70294100202214,"price.fuel.mod","status.quo","max",0.649131295937703,2.80837868563889,0.925675909,16.0160179555351
"Small",0.0190937300479243,"pricestatus.quo_fuelmax",1994,24.7190267735338,"price.fuel.mod","status.quo","max",21.9947786917798,3.00582662053682,0.900017334,74.3011087096501
"Small",0.0190937300479243,"pricestatus.quo_fuelmax",1994.5,3.63340718201755,"price.fuel.mod","status.quo","max",1.36367695496224,3.87707147498693,0.879442785,14.0869793424129
"Small",0.0190937300479243,"pricestatus.quo_fuelmax",1995,28.7536075084638,"price.fuel.mod","status.quo","max",34.102267260659,2.974202323365,0.867027844,85.5190462567984
"Small",0.0190937300479243,"pricestatus.quo_fuelmax",1995.5,4.62208016035476,"price.fuel.mod","status.quo","max",0.735616089227739,3.19859578961608,0.92666276,14.7841661401787
"Small",0.0190937300479243,"pricestatus.quo_fuelmax",1996,17.0389034621952,"price.fuel.mod","status.quo","max",33.1773985935543,2.50019980592919,0.990501339,42.6006631294266
"Small",0.0190937300479243,"pricestatus.quo_fuelmax",1996.5,3.15382116732046,"price.fuel.mod","status.quo","max",0.716812406096025,3.16326652401382,1.235234785,9.97637692131101
"Small",0.0190937300479243,"pricestatus.quo_fuelmax",1997,16.6201184022468,"price.fuel.mod","status.quo","max",29.4775886362047,3.20074806344115,0.933448325,53.1968117901542
"Small",0.0190937300479243,"pricestatus.quo_fuelmax",1997.5,4.70685088460209,"price.fuel.mod","status.quo","max",1.69100390344393,3.17160491541806,0.938670805,14.9282714017438
"Small",0.0190937300479243,"pricestatus.quo_fuelmax",1998,39.8178823563558,"price.fuel.mod","status.quo","max",34.4104421044754,2.32616054446169,0.640660448,92.622786901372
"Small",0.0190937300479243,"pricestatus.quo_fuelmax",1998.5,4.02765375990267,"price.fuel.mod","status.quo","max",2.05210174026596,2.56029739710157,0.622172867,10.3119914379052
"Small",0.0190937300479243,"pricestatus.quo_fuelmax",1999,32.6134710423104,"price.fuel.mod","status.quo","max",38.4741550182192,2.39087042848093,0.804286601,77.9745834851791
"Small",0.0190937300479243,"pricestatus.quo_fuelmax",1999.5,7.34105698362153,"price.fuel.mod","status.quo","max",2.23520985136123,3.15007512047249,1.050467788,23.124880962077
"Small",0.0190937300479243,"pricestatus.quo_fuelmax",2000,28.5136807941917,"price.fuel.mod","status.quo","max",37.0846168064626,3.42056965332977,1.327541825,97.5330312293439
"Small",0.0190937300479243,"pricestatus.quo_fuelmax",2000.5,3.73610614040668,"price.fuel.mod","status.quo","max",1.12931721350037,3.50211131063933,1.612986692,13.0842595720673
"Small",0.0190937300479243,"pricestatus.quo_fuelmax",2001,12.7037455022581,"price.fuel.mod","status.quo","max",38.9592104154854,3.17152612550219,1.194280761,40.2902607521424
"Small",0.0190937300479243,"pricestatus.quo_fuelmax",2001.5,4.55397157179257,"price.fuel.mod","status.quo","max",0.95305989767346,2.72647203944922,0.975859995,12.416276158939
"Small",0.0190937300479243,"pricestatus.quo_fuelmax",2002,22.4343400748566,"price.fuel.mod","status.quo","max",32.8442587186268,2.43724646261169,1.070930495,54.678015988472
"Small",0.0190937300479243,"pricestatus.quo_fuelmax",2002.5,5.48568230839342,"price.fuel.mod","status.quo","max",1.87019646901045,2.48644434759047,1.216097682,13.6398437683818
"Small",0.0190937300479243,"pricestatus.quo_fuelmax",2003,48.5623415081451,"price.fuel.mod","status.quo","max",39.9101605584912,1.87960607049409,1.210301841,91.2780718961168
"Small",0.0190937300479243,"pricestatus.quo_fuelmax",2003.5,2.60262514573763,"price.fuel.mod","status.quo","max",1.08131262915648,1.64775643949941,1.269159913,4.28849234349227
"Small",0.0190937300479243,"pricestatus.quo_fuelmax",2004,16.0096258265811,"price.fuel.mod","status.quo","max",37.7506649665029,1.49426390224892,1.620877333,23.9226059611721
"Small",0.0190937300479243,"pricestatus.quo_fuelmax",2004.5,2.63591123083775,"price.fuel.mod","status.quo","max",0.542971426348707,1.95329414520825,2.02849139,5.14870997448404
"Small",0.0190937300479243,"pricestatus.quo_fuelmax",2005,8.38963354477427,"price.fuel.mod","status.quo","max",25.5567941818433,2.276876512803,2.382254002,19.1021595691207
"Small",0.0190937300479243,"pricestatus.quo_fuelmax",2005.5,3.98797224216047,"price.fuel.mod","status.quo","max",1.92148772697992,2.32541849460168,2.636138142,9.27370440787809
"Small",0.0190937300479243,"pricestatus.quo_fuelmax",2006,20.7297319353103,"price.fuel.mod","status.quo","max",29.3820294770415,1.64328250817206,2.787784045,34.0648058883913
"Small",0.0190937300479243,"pricestatus.quo_fuelmax",2006.5,4.59297066432427,"price.fuel.mod","status.quo","max",0.304521701423559,1.71856753817881,2.365521844,7.89333028751523
"Small",0.0190937300479243,"pricestatus.quo_fuelmax",2007,12.5553433506235,"price.fuel.mod","status.quo","max",27.6217543664749,1.89961137600456,2.755746336,23.8502730584876
"Small",0.0190937300479243,"pricestatus.quo_fuelmax",2007.5,1.33270487173307,"price.fuel.mod","status.quo","max",0.465516613623862,1.90748378576943,3.320424497,2.54211293404676
"Small",0.0190937300479243,"pricestatus.quo_fuelmax",2008,5.28524230597744,"price.fuel.mod","status.quo","max",17.7659276919536,1.84321551806618,4.889983343,9.7418406351175
"Small",0.0190937300479243,"pricestatus.quo_fuelmax",2008.5,4.70922035907056,"price.fuel.mod","status.quo","max",0.817461976283013,1.81599198296602,2.844336426,8.55190641809248
"Small",0.0190937300479243,"pricestatus.quo_fuelmax",2009,17.979744110761,"price.fuel.mod","status.quo","max",18.8947247584991,1.47843200217586,2.278682818,26.581829084282
"Small",0.0190937300479243,"pricestatus.quo_fuelmax",2009.5,2.28293010983765,"price.fuel.mod","status.quo","max",0.414448546792974,1.74489870397938,2.572136375,3.98348178993123
"Small",0.0190937300479243,"pricestatus.quo_fuelmax",2010,10.2851345619027,"price.fuel.mod","status.quo","max",10.3898713043782,2.40726345236337,2.70288658,24.7590285335078
"Small",0.0190937300479243,"pricestatus.quo_fuelmax",2010.5,0.753716117605967,"price.fuel.mod","status.quo","max",1.58086469169156,1.8721768967639,3.033457857,1.41108990210048
"Small",0.0190937300479243,"pricestatus.quo_fuelmax",2011,8.18772595541504,"price.fuel.mod","status.quo","max",24.250876531461,1.46960221213565,3.91117392,12.0327001764384
"Small",0.0190937300479243,"pricestatus.quo_fuelmax",2011.5,0.715900385777472,"price.fuel.mod","status.quo","max",1.02000463321805,2.11229011307718,3.857637569,1.5121893068259
"Small",0.0190937300479243,"pricestatus.quo_fuelmax",2012,8.78661668211595,"price.fuel.mod","status.quo","max",14.9581501376982,2.01235528403434,3.670647018,17.6817945090403
"Small",0.0190937300479243,"pricestatus.quo_fuelmax",2012.5,0.634382261630834,"price.fuel.mod","status.quo","max",1.06246201400765,1.95729714018241,3.926350999,1.24167458647248
"Small",0.0190937300479243,"pricestatus.quo_fuelmax",2013,8.52158969134006,"price.fuel.mod","status.quo","max",23.121954254089,2.08313110442743,3.59356354,17.7515885451986
"Small",0.0190937300479243,"pricestatus.quo_fuelmax",2013.5,0.80354423404111,"price.fuel.mod","status.quo","max",1.11985873291099,3.47567759827312,3.730174711,2.79286069347822
"Small",0.0190937300479243,"pricestatus.quo_fuelmax",2014,5.08384536835863,"price.fuel.mod","status.quo","max",25.8305466848948,3.59725315728399,3.505636196,18.2878788024717
"Small",0.0190937300479243,"pricestatus.quo_fuelmax",2014.5,2.38240519341649,"price.fuel.mod","status.quo","max",1.43466762510486,2.30597696796899,2.841017708,5.49377150438813
"Small",0.0190937300479243,"pricestatus.quo_fuelmax",2015,23.7255383646818,"price.fuel.mod","status.quo","max",17.7198833877751,1.60367976611785,2.014201659,38.0481658156931
"Small",0.0190937300479243,"pricestatus.quo_fuelmax",2015.5,4.51976358059737,"price.fuel.mod","status.quo","max",0.893230523631532,1.74925517610095,1.59375734,7.90621983811253
"Small",0.0190937300479243,"pricestatus.quo_fuelmax",2016,14.2959342187336,"price.fuel.mod","status.quo","max",13.7848418529771,1.36349750789189,1.64619339,19.4924706802296
"Small",0.0190937300479243,"pricestatus.quo_fuelmax",2016.5,2.35587317854296,"price.fuel.mod","status.quo","max",2.07950199163093,2.21804534012833,1.755500592,5.22543352560052
"Small",0.0190937300479243,"pricestatus.quo_fuelmax",2017,16.5151099488061,"price.fuel.mod","status.quo","max",16.1131159758896,1.54110611853533,1.721349829,25.4515369903887
"Small",0.0190937300479243,"pricestatus.quo_fuelmax",2017.5,4.17443452801571,"price.fuel.mod","status.quo","max",2.88503781328209,1.90789517166,2.115492451,7.96438348041196
"Small",0.0190937300479243,"pricestatus.quo_fuelmax",2018,8.59259116314626,"price.fuel.mod","status.quo","max",24.659261960846,1.44488280433977,2.502609693,12.4152872163519
"Small",0.0190937300479243,"pricestatus.quo_fuelmax",2018.5,3.21258314899257,"price.fuel.mod","status.quo","max",0.766913261974894,1.54754568558391,2.434931942,4.97161919180302
"Small",0.0190937300479243,"pricestatus.quo_fuelmax",2019,20.7978156247289,"price.fuel.mod","status.quo","max",12.1964944971997,1.60329405331422,2.166705119,33.3450141130535
"Small",0.0190937300479243,"pricestatus.quo_fuelmax",2019.5,3.24676204636475,"price.fuel.mod","status.quo","max",0.49134503743693,1.84553430067428,2.217115677,5.99201072269357
"Small",0.0190937300479243,"pricestatus.quo_fuelmax",2020,46.1233607871519,"price.fuel.mod","status.quo","max",8.45437092584065,1.74321307533248,1.223776883,80.4028456024407
"Small",0.0190937300479243,"pricestatus.quo_fuelmax",2020.5,6.18288786912017,"price.fuel.mod","status.quo","max",0.365339397994311,1.99966936626942,1.326079845,12.3637314669585
"Small",0.0190937300479243,"pricestatus.quo_fuelmax",2021,39.7868224520135,"price.fuel.mod","status.quo","max",10.9727795586288,2.19867920946227,2.064034533,87.4784593358086
"Small",0.0190937300479243,"pricestatus.quo_fuelmax",2021.5,3.02972604192832,"price.fuel.mod","status.quo","max",0.63159289139346,1.95371255603988,2.34283939,5.91921380947637
"Small",0.0190937300479243,"pricestatus.quo_fuelmax",2022,7.73812243170845,"price.fuel.mod","status.quo","max",7.02551689200128,1.20079679537534,3.992053255,9.29191261821754
"Small",0.0190937300479243,"pricestatus.quo_fuelmax",2022.5,2.14698323252443,"price.fuel.mod","status.quo","max",0.425794667042911,1.33949152023172,3.5445,2.87586583404616
"Small",0.0190937300479243,"pricestatus.quo_fuelmax",2023,4.45033739503295,"price.fuel.mod","status.quo","max",NA,1.73926042045185,4,7.74029568883761
"Small",0.0190937300479243,"pricestatus.quo_fuelmax",2023.5,2.16846379395872,"price.fuel.mod","status.quo","max",NA,1.73926042045185,4,3.77152325001526
"Small",0.0190937300479243,"pricestatus.quo_fuelmax",2024,8.0543536039023,"price.fuel.mod","status.quo","max",NA,1.73926042045185,4,14.008618435591
"Small",0.0190937300479243,"pricestatus.quo_fuelmax",2024.5,1.37817417231848,"price.fuel.mod","status.quo","max",NA,1.73926042045185,4,2.39700379040253
"Small",0.0190937300479243,"pricestatus.quo_fuelmax",2025,8.24861421395581,"price.fuel.mod","status.quo","max",NA,1.73926042045185,4,14.3464882259099
"Small",0.0190937300479243,"pricestatus.quo_fuelmax",2025.5,1.1024796830947,"price.fuel.mod","status.quo","max",NA,1.73926042045185,4,1.91749927715891
"Small",0.0190937300479243,"pricestatus.quo_fuelmax",2026,9.18618836864938,"price.fuel.mod","status.quo","max",NA,1.73926042045185,4,15.977173844407
"Small",0.0190937300479243,"pricestatus.quo_fuelmax",2026.5,1.50207972117929,"price.fuel.mod","status.quo","max",NA,1.73926042045185,4,2.6125078074105
"Small",0.0190937300479243,"pricestatus.quo_fuelmax",2027,10.033140276113,"price.fuel.mod","status.quo","max",NA,1.73926042045185,4,17.4502437750847
"Large",0.0160003112850637,"pricefarmed_fuelmax",1987,5.37542376888951,"price.fuel.mod","farmed","max",6.71737977735683,12.5899917441796,1.193864043,67.6765408717856
"Large",0.0160003112850637,"pricefarmed_fuelmax",1987.5,6.26413715932755,"price.fuel.mod","farmed","max",10.622314411265,12.0793895597091,1.218517776,75.6669530029669
"Large",0.0160003112850637,"pricefarmed_fuelmax",1988,2.65787682022248,"price.fuel.mod","farmed","max",8.57325287037129,12.6057295038419,0.992170369,33.5044762502561
"Large",0.0160003112850637,"pricefarmed_fuelmax",1988.5,8.15074675368682,"price.fuel.mod","farmed","max",10.8087014478752,12.5584041151657,0.95042966,102.360371573174
"Large",0.0160003112850637,"pricefarmed_fuelmax",1989,13.0134055141867,"price.fuel.mod","farmed","max",8.31618564404666,10.1603157047673,1.040677249,132.220308418297
"Large",0.0160003112850637,"pricefarmed_fuelmax",1989.5,9.45511619314545,"price.fuel.mod","farmed","max",13.0119615266943,8.85794163390862,1.319286796,83.7528673807066
"Large",0.0160003112850637,"pricefarmed_fuelmax",1990,7.17986244777725,"price.fuel.mod","farmed","max",10.4664894841967,8.57265311491896,1.165362175,61.5504701776273
"Large",0.0160003112850637,"pricefarmed_fuelmax",1990.5,7.88615086783963,"price.fuel.mod","farmed","max",12.3173138400001,10.121152066617,1.749252381,79.8169321536887
"Large",0.0160003112850637,"pricefarmed_fuelmax",1991,17.4064597169755,"price.fuel.mod","farmed","max",10.6108380057583,9.45743851223052,1.109832663,164.620522488914
"Large",0.0160003112850637,"pricefarmed_fuelmax",1991.5,10.6322178974377,"price.fuel.mod","farmed","max",12.4879838019052,8.90923640938927,1.186270087,94.7249428044119
"Large",0.0160003112850637,"pricefarmed_fuelmax",1992,5.97765522234903,"price.fuel.mod","farmed","max",4.36900738448302,9.78433680553042,1.136504152,58.4873920028007
"Large",0.0160003112850637,"pricefarmed_fuelmax",1992.5,9.32278461450246,"price.fuel.mod","farmed","max",12.1414743179632,9.61389512435446,1.119827889,89.628273550772
"Large",0.0160003112850637,"pricefarmed_fuelmax",1993,4.27003854406339,"price.fuel.mod","farmed","max",3.71286139165064,9.68624084782594,0.970890649,41.360621767298
"Large",0.0160003112850637,"pricefarmed_fuelmax",1993.5,6.28028305462361,"price.fuel.mod","farmed","max",9.6599860067035,9.72021935763151,0.925675909,61.0457289189576
"Large",0.0160003112850637,"pricefarmed_fuelmax",1994,7.93146522942181,"price.fuel.mod","farmed","max",5.51132667262915,10.8613688089981,0.900017334,86.1465690524952
"Large",0.0160003112850637,"pricefarmed_fuelmax",1994.5,10.5220834343964,"price.fuel.mod","farmed","max",11.8112138407078,10.7633585365074,0.879442785,113.252956555454
"Large",0.0160003112850637,"pricefarmed_fuelmax",1995,10.0269293104296,"price.fuel.mod","farmed","max",6.21391252952628,10.7890232405838,0.867027844,108.180773361917
"Large",0.0160003112850637,"pricefarmed_fuelmax",1995.5,11.1595797370325,"price.fuel.mod","farmed","max",11.1939421930543,9.62593281197826,0.92666276,107.421364758589
"Large",0.0160003112850637,"pricefarmed_fuelmax",1996,4.58253783737548,"price.fuel.mod","farmed","max",4.69273193485784,10.3436601282369,0.990501339,47.4002139145976
"Large",0.0160003112850637,"pricefarmed_fuelmax",1996.5,7.09674340765516,"price.fuel.mod","farmed","max",10.9515132054804,10.4387237810633,1.235234785,74.0809441775942
"Large",0.0160003112850637,"pricefarmed_fuelmax",1997,4.54370661792861,"price.fuel.mod","farmed","max",3.43510362636754,11.5771198057125,0.933448325,52.6030358777684
"Large",0.0160003112850637,"pricefarmed_fuelmax",1997.5,8.73187356309806,"price.fuel.mod","farmed","max",9.04681397446952,11.3781664584964,0.938670805,99.3527108954737
"Large",0.0160003112850637,"pricefarmed_fuelmax",1998,5.58296406208453,"price.fuel.mod","farmed","max",4.24075938686746,10.7769406001589,0.640660448,60.167272069907
"Large",0.0160003112850637,"pricefarmed_fuelmax",1998.5,9.71903166275535,"price.fuel.mod","farmed","max",12.0293003674683,9.51226679526253,0.622172867,92.4500221677329
"Large",0.0160003112850637,"pricefarmed_fuelmax",1999,8.78414542346186,"price.fuel.mod","farmed","max",6.26837397930924,10.3714508913732,0.804286601,91.1043328821157
"Large",0.0160003112850637,"pricefarmed_fuelmax",1999.5,9.05061664424378,"price.fuel.mod","farmed","max",9.94572173827841,10.6330528005955,1.050467788,96.2356846561922
"Large",0.0160003112850637,"pricefarmed_fuelmax",2000,12.168715429895,"price.fuel.mod","farmed","max",9.60103636139893,10.7508888167683,1.327541825,130.824506629694
"Large",0.0160003112850637,"pricefarmed_fuelmax",2000.5,10.3147129121958,"price.fuel.mod","farmed","max",12.330422287742,9.34581671991077,1.612986692,96.3994163958789
"Large",0.0160003112850637,"pricefarmed_fuelmax",2001,9.24977991510604,"price.fuel.mod","farmed","max",7.91172740953807,9.69680841162668,1.194280761,89.6933436864958
"Large",0.0160003112850637,"pricefarmed_fuelmax",2001.5,7.54250673054405,"price.fuel.mod","farmed","max",9.53611922083641,8.24439553464669,0.975859995,62.1834088093399
"Large",0.0160003112850637,"pricefarmed_fuelmax",2002,6.33880904295416,"price.fuel.mod","farmed","max",5.90490467986567,7.03546425864735,1.070930495,44.5964644640947
"Large",0.0160003112850637,"pricefarmed_fuelmax",2002.5,6.58208886146631,"price.fuel.mod","farmed","max",8.21494371689397,7.15032103828286,1.216097682,47.0640484619898
"Large",0.0160003112850637,"pricefarmed_fuelmax",2003,7.07648969967173,"price.fuel.mod","farmed","max",5.88659270493106,6.83775934994511,1.210301841,48.3873336087207
"Large",0.0160003112850637,"pricefarmed_fuelmax",2003.5,8.61205292955769,"price.fuel.mod","farmed","max",9.7458138599594,6.03783529573531,1.269159913,51.9981571468241
"Large",0.0160003112850637,"pricefarmed_fuelmax",2004,13.9126331690354,"price.fuel.mod","farmed","max",6.97115490146669,6.51352108495447,1.620877333,90.6202294937492
"Large",0.0160003112850637,"pricefarmed_fuelmax",2004.5,9.15361279753341,"price.fuel.mod","farmed","max",10.0288422319289,6.56657427628878,2.02849139,60.1078783313907
"Large",0.0160003112850637,"pricefarmed_fuelmax",2005,4.64616903864719,"price.fuel.mod","farmed","max",5.57953019668072,6.02719887276295,2.382254002,28.0033847924005
"Large",0.0160003112850637,"pricefarmed_fuelmax",2005.5,7.07130337511595,"price.fuel.mod","farmed","max",10.0812503959341,5.6234149093112,2.636138142,39.7648728278896
"Large",0.0160003112850637,"pricefarmed_fuelmax",2006,8.71940942021577,"price.fuel.mod","farmed","max",9.32814760671619,4.72089382927121,2.787784045,41.1634061267859
"Large",0.0160003112850637,"pricefarmed_fuelmax",2006.5,6.84934689025661,"price.fuel.mod","farmed","max",19.3733736458873,4.22533641185959,2.365521844,28.9407948128585
"Large",0.0160003112850637,"pricefarmed_fuelmax",2007,7.0796881835825,"price.fuel.mod","farmed","max",8.93251755415469,5.4674366499906,2.755746336,38.7077466454244
"Large",0.0160003112850637,"pricefarmed_fuelmax",2007.5,8.94784450255713,"price.fuel.mod","farmed","max",11.9723465627928,5.86706497636183,3.320424497,52.4975850948847
"Large",0.0160003112850637,"pricefarmed_fuelmax",2008,7.21652559899077,"price.fuel.mod","farmed","max",6.8632023388661,6.87395329195337,4.889983343,49.6060598976483
"Large",0.0160003112850637,"pricefarmed_fuelmax",2008.5,10.6410019637121,"price.fuel.mod","farmed","max",12.9867202704612,4.910949850942,2.844336426,52.2574270075657
"Large",0.0160003112850637,"pricefarmed_fuelmax",2009,2.28212544244915,"price.fuel.mod","farmed","max",11.3957385120874,3.4946185695594,2.278682818,7.97515794924676
"Large",0.0160003112850637,"pricefarmed_fuelmax",2009.5,7.97783950060318,"price.fuel.mod","farmed","max",20.1822701677183,3.95084796176061,2.572136375,31.5192309302114
"Large",0.0160003112850637,"pricefarmed_fuelmax",2010,32.9756449667265,"price.fuel.mod","farmed","max",4.93689076135254,6.8935907213382,2.70288658,227.320600172769
"Large",0.0160003112850637,"pricefarmed_fuelmax",2010.5,30.8204377813916,"price.fuel.mod","farmed","max",11.8949437102665,6.08552889172307,3.033457857,187.558664574212
"Large",0.0160003112850637,"pricefarmed_fuelmax",2011,25.5693977207293,"price.fuel.mod","farmed","max",7.43116987306931,6.42924813142202,3.91117392,164.392002517585
"Large",0.0160003112850637,"pricefarmed_fuelmax",2011.5,23.537915099518,"price.fuel.mod","farmed","max",15.2124204306267,6.12657011782144,3.857637569,144.206687284525
"Large",0.0160003112850637,"pricefarmed_fuelmax",2012,13.5368738040848,"price.fuel.mod","farmed","max",8.20944256638802,5.37802611663949,3.670647018,72.8016608560212
"Large",0.0160003112850637,"pricefarmed_fuelmax",2012.5,12.7470567775555,"price.fuel.mod","farmed","max",12.7487994935888,5.26996060725231,3.926350999,67.1764870761259
"Large",0.0160003112850637,"pricefarmed_fuelmax",2013,15.454028675404,"price.fuel.mod","farmed","max",8.12879485408897,7.29940876517483,3.59356354,112.805272370507
"Large",0.0160003112850637,"pricefarmed_fuelmax",2013.5,20.5189211531366,"price.fuel.mod","farmed","max",12.1287990775526,8.36406624719241,3.730174711,171.621615845752
"Large",0.0160003112850637,"pricefarmed_fuelmax",2014,8.95226849401108,"price.fuel.mod","farmed","max",4.83811460324899,9.26869378396509,3.505636196,82.9758353428271
"Large",0.0160003112850637,"pricefarmed_fuelmax",2014.5,25.2231454861815,"price.fuel.mod","farmed","max",13.2014758885329,7.64784836022419,2.841017708,192.90279184619
"Large",0.0160003112850637,"pricefarmed_fuelmax",2015,6.05948419889366,"price.fuel.mod","farmed","max",11.9161098619624,4.35779288507159,2.014201659,26.4059771291425
"Large",0.0160003112850637,"pricefarmed_fuelmax",2015.5,15.1309714539705,"price.fuel.mod","farmed","max",12.4991106317133,4.55318414231323,1.59375734,68.8940992820127
"Large",0.0160003112850637,"pricefarmed_fuelmax",2016,11.9608213583819,"price.fuel.mod","farmed","max",9.63632679089192,4.88277904371158,1.64619339,58.4020478742851
"Large",0.0160003112850637,"pricefarmed_fuelmax",2016.5,16.5987943166205,"price.fuel.mod","farmed","max",9.76216658287913,6.21792739900937,1.755500592,103.210097971835
"Large",0.0160003112850637,"pricefarmed_fuelmax",2017,8.54951933992999,"price.fuel.mod","farmed","max",9.02808762228676,4.92061824876707,1.721349829,42.0689208822465
"Large",0.0160003112850637,"pricefarmed_fuelmax",2017.5,10.9667803741238,"price.fuel.mod","farmed","max",9.08662344104663,5.10145524158574,2.115492451,55.9465392228937
"Large",0.0160003112850637,"pricefarmed_fuelmax",2018,6.59240588011919,"price.fuel.mod","farmed","max",10.2255227834163,4.71837605093946,2.502609693,31.1054500228268
"Large",0.0160003112850637,"pricefarmed_fuelmax",2018.5,11.486619833874,"price.fuel.mod","farmed","max",12.0208463089032,5.01855298773329,2.434931942,57.6462102862448
"Large",0.0160003112850637,"pricefarmed_fuelmax",2019,5.46389989185006,"price.fuel.mod","farmed","max",6.49742860601407,4.88494408016038,2.166705119,26.6908454312819
"Large",0.0160003112850637,"pricefarmed_fuelmax",2019.5,9.12293392269843,"price.fuel.mod","farmed","max",8.12546140575837,5.17750496313892,2.217115677,47.2340356631596
"Large",0.0160003112850637,"pricefarmed_fuelmax",2020,9.52477947537156,"price.fuel.mod","farmed","max",6.99253856614546,4.68046753159861,1.223776883,44.5804210801135
"Large",0.0160003112850637,"pricefarmed_fuelmax",2020.5,18.77433405639,"price.fuel.mod","farmed","max",8.32614451400999,5.40555837390546,1.326079845,101.485758673017
"Large",0.0160003112850637,"pricefarmed_fuelmax",2021,17.0195093445105,"price.fuel.mod","farmed","max",4.15856313937567,6.22144464823613,2.064034533,105.88593532701
"Large",0.0160003112850637,"pricefarmed_fuelmax",2021.5,15.3668926180311,"price.fuel.mod","farmed","max",5.87361341229464,6.47320276956418,2.34283939,99.4730118546345
"Large",0.0160003112850637,"pricefarmed_fuelmax",2022,6.57805714616534,"price.fuel.mod","farmed","max",4.33617367568456,4.29638469636797,3.992053255,28.2618640546187
"Large",0.0160003112850637,"pricefarmed_fuelmax",2022.5,0.289190169552395,"price.fuel.mod","farmed","max",5.27214346715716,3.49424942020108,3.5445,1.01050258228631
"Large",0.0160003112850637,"pricefarmed_fuelmax",2023,2.08837374270528,"price.fuel.mod","farmed","max",NA,3.82141342998418,4,7.98053946720028
"Large",0.0160003112850637,"pricefarmed_fuelmax",2023.5,1.40017785803698,"price.fuel.mod","farmed","max",NA,3.82141342998418,4,5.350658471069
"Large",0.0160003112850637,"pricefarmed_fuelmax",2024,1.83547722621579,"price.fuel.mod","farmed","max",NA,3.82141342998418,4,7.01411732269113
"Large",0.0160003112850637,"pricefarmed_fuelmax",2024.5,1.33792727284359,"price.fuel.mod","farmed","max",NA,3.82141342998418,4,5.11277324878659
"Large",0.0160003112850637,"pricefarmed_fuelmax",2025,1.94588871128126,"price.fuel.mod","farmed","max",NA,3.82141342998418,4,7.43604525454483
"Large",0.0160003112850637,"pricefarmed_fuelmax",2025.5,1.43827468169522,"price.fuel.mod","farmed","max",NA,3.82141342998418,4,5.49624218463634
"Large",0.0160003112850637,"pricefarmed_fuelmax",2026,1.98554949227935,"price.fuel.mod","farmed","max",NA,3.82141342998418,4,7.58760549569457
"Large",0.0160003112850637,"pricefarmed_fuelmax",2026.5,1.47771573782028,"price.fuel.mod","farmed","max",NA,3.82141342998418,4,5.64696276620539
"Large",0.0160003112850637,"pricefarmed_fuelmax",2027,1.93137221060604,"price.fuel.mod","farmed","max",NA,3.82141342998418,4,7.38057170390816
"Medium",0.00148973604456824,"pricefarmed_fuelmax",1987,16.77118699456,"price.fuel.mod","farmed","max",32.7194132783767,6.08983897957365,1.193864043,102.13382829319
"Medium",0.00148973604456824,"pricefarmed_fuelmax",1987.5,6.43334377614751,"price.fuel.mod","farmed","max",7.64637899895229,6.22272095995808,1.218517776,40.032903158449
"Medium",0.00148973604456824,"pricefarmed_fuelmax",1988,10.8379343764981,"price.fuel.mod","farmed","max",32.816615646671,5.28614926542636,0.992170369,57.2909388430643
"Medium",0.00148973604456824,"pricefarmed_fuelmax",1988.5,4.56746626149539,"price.fuel.mod","farmed","max",5.51691034329667,5.92203308328633,0.95042966,27.0486863073698
"Medium",0.00148973604456824,"pricefarmed_fuelmax",1989,48.9599422786893,"price.fuel.mod","farmed","max",36.5678534777813,5.11980548744016,1.040677249,250.665381143187
"Medium",0.00148973604456824,"pricefarmed_fuelmax",1989.5,9.83460324865674,"price.fuel.mod","farmed","max",9.12915061718908,5.89339168953183,1.319286796,57.9591690554764
"Medium",0.00148973604456824,"pricefarmed_fuelmax",1990,31.6653088566793,"price.fuel.mod","farmed","max",35.6475771015084,4.69183072247511,1.165362175,148.568268930431
"Medium",0.00148973604456824,"pricefarmed_fuelmax",1990.5,8.16709149773667,"price.fuel.mod","farmed","max",8.40505368169431,5.87198459467529,1.749252381,47.9570354580133
"Medium",0.00148973604456824,"pricefarmed_fuelmax",1991,42.3969264921548,"price.fuel.mod","farmed","max",27.3423279699856,5.29812880233018,1.109832663,224.624377378361
"Medium",0.00148973604456824,"pricefarmed_fuelmax",1991.5,12.0111234011054,"price.fuel.mod","farmed","max",6.60304838164396,5.66122882462061,1.186270087,67.9977180144128
"Medium",0.00148973604456824,"pricefarmed_fuelmax",1992,14.0957432368974,"price.fuel.mod","farmed","max",22.2825090419081,5.27007850286719,1.136504152,74.2856734147087
"Medium",0.00148973604456824,"pricefarmed_fuelmax",1992.5,9.70977124251765,"price.fuel.mod","farmed","max",8.04572442883319,5.34944559516089,1.119827889,51.9418930033059
"Medium",0.00148973604456824,"pricefarmed_fuelmax",1993,9.87115731969945,"price.fuel.mod","farmed","max",16.9236119526854,4.69304570072945,0.970890649,46.3257924204396
"Medium",0.00148973604456824,"pricefarmed_fuelmax",1993.5,9.71182227076254,"price.fuel.mod","farmed","max",6.56173810175156,5.6129027756598,0.925675909,54.5115141802777
"Medium",0.00148973604456824,"pricefarmed_fuelmax",1994,28.6600193671097,"price.fuel.mod","farmed","max",22.2137154211208,7.16914108424744,0.900017334,205.467722320073
"Medium",0.00148973604456824,"pricefarmed_fuelmax",1994.5,11.7542725558221,"price.fuel.mod","farmed","max",6.25221156996301,7.27604909512476,0.879442785,85.5246641936395
"Medium",0.00148973604456824,"pricefarmed_fuelmax",1995,38.8205992327867,"price.fuel.mod","farmed","max",20.030923425577,5.32227477000002,0.867027844,206.613895852943
"Medium",0.00148973604456824,"pricefarmed_fuelmax",1995.5,15.2042508189004,"price.fuel.mod","farmed","max",6.04923251875156,5.09212478044929,0.92666276,77.421942363089
"Medium",0.00148973604456824,"pricefarmed_fuelmax",1996,9.5557309036492,"price.fuel.mod","farmed","max",20.8366043824406,4.72257319055959,0.990501339,45.1276385817755
"Medium",0.00148973604456824,"pricefarmed_fuelmax",1996.5,8.49640854128699,"price.fuel.mod","farmed","max",6.16548682253209,5.66253041071969,1.235234785,48.1111717469361
"Medium",0.00148973604456824,"pricefarmed_fuelmax",1997,9.60595422034296,"price.fuel.mod","farmed","max",16.3328456637844,6.69271878623742,0.933448325,64.289950270226
"Medium",0.00148973604456824,"pricefarmed_fuelmax",1997.5,12.0048869760248,"price.fuel.mod","farmed","max",7.94680082880489,6.70282972128026,0.938670805,80.4667132235094
"Medium",0.00148973604456824,"pricefarmed_fuelmax",1998,24.0802463555333,"price.fuel.mod","farmed","max",24.0115004673135,4.55282361783213,0.640660448,109.633114330688
"Medium",0.00148973604456824,"pricefarmed_fuelmax",1998.5,9.85708071931299,"price.fuel.mod","farmed","max",7.21680260156809,4.56254309845653,0.622172867,44.9733556068304
"Medium",0.00148973604456824,"pricefarmed_fuelmax",1999,30.8501905994638,"price.fuel.mod","farmed","max",20.1063773758566,4.84198465538306,0.804286601,149.376149498247
"Medium",0.00148973604456824,"pricefarmed_fuelmax",1999.5,9.93835210096371,"price.fuel.mod","farmed","max",6.42932894524407,6.01017980396059,1.050467788,59.7312830818614
"Medium",0.00148973604456824,"pricefarmed_fuelmax",2000,36.7988879989563,"price.fuel.mod","farmed","max",28.1806030510016,6.33227130160756,1.327541825,233.020542406862
"Medium",0.00148973604456824,"pricefarmed_fuelmax",2000.5,10.887787008839,"price.fuel.mod","farmed","max",8.71077659307286,5.90087585057623,1.612986692,64.2474794266753
"Medium",0.00148973604456824,"pricefarmed_fuelmax",2001,27.9149415972564,"price.fuel.mod","farmed","max",28.3160763222633,4.47355045862035,1.194280761,124.878899784767
"Medium",0.00148973604456824,"pricefarmed_fuelmax",2001.5,10.6642236584208,"price.fuel.mod","farmed","max",5.47603106489692,4.42953362104376,0.975859995,47.2375372373054
"Medium",0.00148973604456824,"pricefarmed_fuelmax",2002,23.6540968034033,"price.fuel.mod","farmed","max",20.8191160581067,3.66198228125976,1.070930495,86.6208833732659
"Medium",0.00148973604456824,"pricefarmed_fuelmax",2002.5,8.101106373518,"price.fuel.mod","farmed","max",6.9024297187297,4.02193440093658,1.216097682,32.5821184092987
"Medium",0.00148973604456824,"pricefarmed_fuelmax",2003,21.5393969588878,"price.fuel.mod","farmed","max",22.7726223065002,3.41458224662662,1.210301841,73.5480424588619
"Medium",0.00148973604456824,"pricefarmed_fuelmax",2003.5,5.86536360422995,"price.fuel.mod","farmed","max",6.95872350472763,3.1173102683852,1.269159913,18.2841581912789
"Medium",0.00148973604456824,"pricefarmed_fuelmax",2004,19.4658557470449,"price.fuel.mod","farmed","max",16.488138917693,2.96352396392705,1.620877333,57.6875299847147
"Medium",0.00148973604456824,"pricefarmed_fuelmax",2004.5,4.68915262934443,"price.fuel.mod","farmed","max",5.41492897646919,3.2568059561738,2.02849139,15.271660212657
"Medium",0.00148973604456824,"pricefarmed_fuelmax",2005,10.4947094333218,"price.fuel.mod","farmed","max",12.5141930894517,3.40067473540805,2.382254002,35.6890932253459
"Medium",0.00148973604456824,"pricefarmed_fuelmax",2005.5,4.42211949815867,"price.fuel.mod","farmed","max",5.3781189264929,3.32928335785263,2.636138142,14.7224888516553
"Medium",0.00148973604456824,"pricefarmed_fuelmax",2006,20.0935323545862,"price.fuel.mod","farmed","max",21.8386311572776,2.58047613508342,2.787784045,51.8508807105362
"Medium",0.00148973604456824,"pricefarmed_fuelmax",2006.5,3.84488231664203,"price.fuel.mod","farmed","max",8.63501978553956,2.57368762405512,2.365521844,9.89552603428996
"Medium",0.00148973604456824,"pricefarmed_fuelmax",2007,10.0358585021311,"price.fuel.mod","farmed","max",17.8553156773805,2.78674750448948,2.755746336,27.9674036362235
"Medium",0.00148973604456824,"pricefarmed_fuelmax",2007.5,3.32208417331655,"price.fuel.mod","farmed","max",5.52115890238281,3.19323641553863,3.320424497,10.608200157719
"Medium",0.00148973604456824,"pricefarmed_fuelmax",2008,8.56097506680424,"price.fuel.mod","farmed","max",11.3577946496599,3.91862878927398,4.889983343,33.5472833610358
"Medium",0.00148973604456824,"pricefarmed_fuelmax",2008.5,7.26499089533838,"price.fuel.mod","farmed","max",5.08086533882322,3.33130130874346,2.844336426,24.2018736776501
"Medium",0.00148973604456824,"pricefarmed_fuelmax",2009,13.2798274090951,"price.fuel.mod","farmed","max",17.9668851781964,2.25868223125,2.278682818,29.9949102029897
"Medium",0.00148973604456824,"pricefarmed_fuelmax",2009.5,4.55477593311164,"price.fuel.mod","farmed","max",7.57574099599588,2.39828041246072,2.572136375,10.9236299035291
"Medium",0.00148973604456824,"pricefarmed_fuelmax",2010,24.0466719274362,"price.fuel.mod","farmed","max",8.04780714544663,3.03808440430528,2.70288658,73.0558189581895
"Medium",0.00148973604456824,"pricefarmed_fuelmax",2010.5,6.40850913456549,"price.fuel.mod","farmed","max",8.57478318074798,3.07854866749727,3.033457857,19.7289072568607
"Medium",0.00148973604456824,"pricefarmed_fuelmax",2011,19.0967439396111,"price.fuel.mod","farmed","max",17.8287157295084,3.21106661498974,3.91117392,61.320916919493
"Medium",0.00148973604456824,"pricefarmed_fuelmax",2011.5,4.28057255131751,"price.fuel.mod","farmed","max",8.37455860329747,3.77640735527577,3.857637569,16.165185667587
"Medium",0.00148973604456824,"pricefarmed_fuelmax",2012,16.0504173037322,"price.fuel.mod","farmed","max",18.6467153647801,3.43378376176959,3.670647018,55.1136623071814
"Medium",0.00148973604456824,"pricefarmed_fuelmax",2012.5,6.10349292244328,"price.fuel.mod","farmed","max",8.81451598006909,3.3867862695019,3.926350999,20.6712260257329
"Medium",0.00148973604456824,"pricefarmed_fuelmax",2013,9.5961366699342,"price.fuel.mod","farmed","max",14.5150058419753,4.06054672077294,3.59356354,38.9655612871903
"Medium",0.00148973604456824,"pricefarmed_fuelmax",2013.5,7.44572346698803,"price.fuel.mod","farmed","max",7.81621022101394,5.35909558500419,3.730174711,39.9023437590976
"Medium",0.00148973604456824,"pricefarmed_fuelmax",2014,8.52392036543948,"price.fuel.mod","farmed","max",14.588974377991,5.29777481788601,3.505636196,45.157810661691
"Medium",0.00148973604456824,"pricefarmed_fuelmax",2014.5,11.1188338992483,"price.fuel.mod","farmed","max",9.23671593064456,4.41155164281167,2.841017708,49.0513099543788
"Medium",0.00148973604456824,"pricefarmed_fuelmax",2015,19.6602389208487,"price.fuel.mod","farmed","max",13.2147941220035,2.81150774930967,2.014201659,55.2749140792457
"Medium",0.00148973604456824,"pricefarmed_fuelmax",2015.5,11.2642742393268,"price.fuel.mod","farmed","max",7.50525393689402,2.86759769693102,1.59375734,32.301406866293
"Medium",0.00148973604456824,"pricefarmed_fuelmax",2016,17.2326486705567,"price.fuel.mod","farmed","max",10.1808130369481,3.00596842461488,1.64619339,51.8007977761749
"Medium",0.00148973604456824,"pricefarmed_fuelmax",2016.5,9.3515200638894,"price.fuel.mod","farmed","max",5.39307169815739,4.18887393214666,1.755500592,39.1723386215728
"Medium",0.00148973604456824,"pricefarmed_fuelmax",2017,22.2159721420294,"price.fuel.mod","farmed","max",12.1331828553547,3.47942031582626,1.721349829,77.2987048068072
"Medium",0.00148973604456824,"pricefarmed_fuelmax",2017.5,12.0405975560374,"price.fuel.mod","farmed","max",7.54050854388687,3.79112272220055,2.115492451,45.6473829835658
"Medium",0.00148973604456824,"pricefarmed_fuelmax",2018,16.5541786770455,"price.fuel.mod","farmed","max",13.7781541536191,3.25380794124098,2.502609693,53.8641180400927
"Medium",0.00148973604456824,"pricefarmed_fuelmax",2018.5,7.29313982312769,"price.fuel.mod","farmed","max",8.66981088922993,3.45385243293675,2.434931942,25.1894287218574
"Medium",0.00148973604456824,"pricefarmed_fuelmax",2019,10.8588347380403,"price.fuel.mod","farmed","max",7.94919114053227,3.29851886703811,2.166705119,35.8180712574747
"Medium",0.00148973604456824,"pricefarmed_fuelmax",2019.5,7.04455879740266,"price.fuel.mod","farmed","max",5.45331074318056,3.39313131687167,2.217115677,23.9031130690108
"Medium",0.00148973604456824,"pricefarmed_fuelmax",2020,31.3809430452237,"price.fuel.mod","farmed","max",11.8094531922773,2.81936323656955,1.223776883,88.4742771505865
"Medium",0.00148973604456824,"pricefarmed_fuelmax",2020.5,15.7565224117422,"price.fuel.mod","farmed","max",5.0535056945109,2.97562041568792,1.326079845,46.8854297686243
"Medium",0.00148973604456824,"pricefarmed_fuelmax",2021,44.3839987179348,"price.fuel.mod","farmed","max",12.1371153888044,3.68191490636116,2.064034533,163.418106483479
"Medium",0.00148973604456824,"pricefarmed_fuelmax",2021.5,13.5234945256423,"price.fuel.mod","farmed","max",8.24615492050734,3.50734091870751,2.34283939,47.4315057137023
"Medium",0.00148973604456824,"pricefarmed_fuelmax",2022,6.10830031022244,"price.fuel.mod","farmed","max",7.9248694210156,2.4198801778206,3.992053255,14.7813548408827
"Medium",0.00148973604456824,"pricefarmed_fuelmax",2022.5,0.0883295852047201,"price.fuel.mod","farmed","max",5.88528355085481,1.95246160438392,3.5445,0.172460123643374
"Medium",0.00148973604456824,"pricefarmed_fuelmax",2023,0.623610753860036,"price.fuel.mod","farmed","max",NA,2.16957265744133,4,1.35296884046111
"Medium",0.00148973604456824,"pricefarmed_fuelmax",2023.5,0.180732642561857,"price.fuel.mod","farmed","max",NA,2.16957265744133,4,0.392112599609323
"Medium",0.00148973604456824,"pricefarmed_fuelmax",2024,0.472357601196074,"price.fuel.mod","farmed","max",NA,2.16957265744133,4,1.02481413608958
"Medium",0.00148973604456824,"pricefarmed_fuelmax",2024.5,0.207249934512533,"price.fuel.mod","farmed","max",NA,2.16957265744133,4,0.449643791174898
"Medium",0.00148973604456824,"pricefarmed_fuelmax",2025,0.825653833707945,"price.fuel.mod","farmed","max",NA,2.16957265744133,4,1.79131598212437
"Medium",0.00148973604456824,"pricefarmed_fuelmax",2025.5,0.337863341427777,"price.fuel.mod","farmed","max",NA,2.16957265744133,4,0.73301906751347
"Medium",0.00148973604456824,"pricefarmed_fuelmax",2026,0.992077980854414,"price.fuel.mod","farmed","max",NA,2.16957265744133,4,2.15238526131134
"Medium",0.00148973604456824,"pricefarmed_fuelmax",2026.5,0.346971930854309,"price.fuel.mod","farmed","max",NA,2.16957265744133,4,0.752780814081133
"Medium",0.00148973604456824,"pricefarmed_fuelmax",2027,0.811203186616998,"price.fuel.mod","farmed","max",NA,2.16957265744133,4,1.75996425331352
"Small",0.0218051274948447,"pricefarmed_fuelmax",1987,20.8135037500085,"price.fuel.mod","farmed","max",33.1699600876773,3.46223983102226,1.193864043,72.0613417064108
"Small",0.0218051274948447,"pricefarmed_fuelmax",1987.5,2.54120121315483,"price.fuel.mod","farmed","max",1.55534427195328,4.03600829559881,1.218517776,10.2563091770787
"Small",0.0218051274948447,"pricefarmed_fuelmax",1988,11.6315651134648,"price.fuel.mod","farmed","max",23.8431624881257,2.83796100605314,0.992170369,33.0099282313811
"Small",0.0218051274948447,"pricefarmed_fuelmax",1988.5,1.80390188171304,"price.fuel.mod","farmed","max",0.720080044745491,3.55275304925539,0.95042966,6.40881791081355
"Small",0.0218051274948447,"pricefarmed_fuelmax",1989,18.2940891156421,"price.fuel.mod","farmed","max",28.7755001766216,2.51462103845419,1.040677249,46.0027013695495
"Small",0.0218051274948447,"pricefarmed_fuelmax",1989.5,2.2731327683833,"price.fuel.mod","farmed","max",1.15542976955331,3.07473626443988,1.319286796,6.98928375683476
"Small",0.0218051274948447,"pricefarmed_fuelmax",1990,22.0223573639129,"price.fuel.mod","farmed","max",40.4141643858711,2.31713756835269,1.165362175,51.028831591611
"Small",0.0218051274948447,"pricefarmed_fuelmax",1990.5,3.10412594096034,"price.fuel.mod","farmed","max",0.71930936977849,3.31075264722307,1.749252381,10.2769931763482
"Small",0.0218051274948447,"pricefarmed_fuelmax",1991,31.2604263439201,"price.fuel.mod","farmed","max",29.6999205320081,2.75220541657956,1.109832663,86.0351147083233
"Small",0.0218051274948447,"pricefarmed_fuelmax",1991.5,4.50753668962346,"price.fuel.mod","farmed","max",1.45164641335001,3.33127362657706,1.186270087,15.0158380949711
"Small",0.0218051274948447,"pricefarmed_fuelmax",1992,9.58727414418958,"price.fuel.mod","farmed","max",22.1974889327821,3.34190966430881,1.136504152,32.0398041168451
"Small",0.0218051274948447,"pricefarmed_fuelmax",1992.5,2.66299835043843,"price.fuel.mod","farmed","max",1.90915308007694,3.40282759475462,1.119827889,9.06172427165792
"Small",0.0218051274948447,"pricefarmed_fuelmax",1993,10.7186072922499,"price.fuel.mod","farmed","max",31.251177401142,2.55240244206907,0.970890649,27.358199428318
"Small",0.0218051274948447,"pricefarmed_fuelmax",1993.5,5.70294100202214,"price.fuel.mod","farmed","max",0.649131295937703,2.80837868563889,0.925675909,16.0160179555351
"Small",0.0218051274948447,"pricefarmed_fuelmax",1994,24.7190267735338,"price.fuel.mod","farmed","max",21.9947786917798,3.00582662053682,0.900017334,74.3011087096501
"Small",0.0218051274948447,"pricefarmed_fuelmax",1994.5,3.63340718201755,"price.fuel.mod","farmed","max",1.36367695496224,3.87707147498693,0.879442785,14.0869793424129
"Small",0.0218051274948447,"pricefarmed_fuelmax",1995,28.7536075084638,"price.fuel.mod","farmed","max",34.102267260659,2.974202323365,0.867027844,85.5190462567984
"Small",0.0218051274948447,"pricefarmed_fuelmax",1995.5,4.62208016035476,"price.fuel.mod","farmed","max",0.735616089227739,3.19859578961608,0.92666276,14.7841661401787
"Small",0.0218051274948447,"pricefarmed_fuelmax",1996,17.0389034621952,"price.fuel.mod","farmed","max",33.1773985935543,2.50019980592919,0.990501339,42.6006631294266
"Small",0.0218051274948447,"pricefarmed_fuelmax",1996.5,3.15382116732046,"price.fuel.mod","farmed","max",0.716812406096025,3.16326652401382,1.235234785,9.97637692131101
"Small",0.0218051274948447,"pricefarmed_fuelmax",1997,16.6201184022468,"price.fuel.mod","farmed","max",29.4775886362047,3.20074806344115,0.933448325,53.1968117901542
"Small",0.0218051274948447,"pricefarmed_fuelmax",1997.5,4.70685088460209,"price.fuel.mod","farmed","max",1.69100390344393,3.17160491541806,0.938670805,14.9282714017438
"Small",0.0218051274948447,"pricefarmed_fuelmax",1998,39.8178823563558,"price.fuel.mod","farmed","max",34.4104421044754,2.32616054446169,0.640660448,92.622786901372
"Small",0.0218051274948447,"pricefarmed_fuelmax",1998.5,4.02765375990267,"price.fuel.mod","farmed","max",2.05210174026596,2.56029739710157,0.622172867,10.3119914379052
"Small",0.0218051274948447,"pricefarmed_fuelmax",1999,32.6134710423104,"price.fuel.mod","farmed","max",38.4741550182192,2.39087042848093,0.804286601,77.9745834851791
"Small",0.0218051274948447,"pricefarmed_fuelmax",1999.5,7.34105698362153,"price.fuel.mod","farmed","max",2.23520985136123,3.15007512047249,1.050467788,23.124880962077
"Small",0.0218051274948447,"pricefarmed_fuelmax",2000,28.5136807941917,"price.fuel.mod","farmed","max",37.0846168064626,3.42056965332977,1.327541825,97.5330312293439
"Small",0.0218051274948447,"pricefarmed_fuelmax",2000.5,3.73610614040668,"price.fuel.mod","farmed","max",1.12931721350037,3.50211131063933,1.612986692,13.0842595720673
"Small",0.0218051274948447,"pricefarmed_fuelmax",2001,12.7037455022581,"price.fuel.mod","farmed","max",38.9592104154854,3.17152612550219,1.194280761,40.2902607521424
"Small",0.0218051274948447,"pricefarmed_fuelmax",2001.5,4.55397157179257,"price.fuel.mod","farmed","max",0.95305989767346,2.72647203944922,0.975859995,12.416276158939
"Small",0.0218051274948447,"pricefarmed_fuelmax",2002,22.4343400748566,"price.fuel.mod","farmed","max",32.8442587186268,2.43724646261169,1.070930495,54.678015988472
"Small",0.0218051274948447,"pricefarmed_fuelmax",2002.5,5.48568230839342,"price.fuel.mod","farmed","max",1.87019646901045,2.48644434759047,1.216097682,13.6398437683818
"Small",0.0218051274948447,"pricefarmed_fuelmax",2003,48.5623415081451,"price.fuel.mod","farmed","max",39.9101605584912,1.87960607049409,1.210301841,91.2780718961168
"Small",0.0218051274948447,"pricefarmed_fuelmax",2003.5,2.60262514573763,"price.fuel.mod","farmed","max",1.08131262915648,1.64775643949941,1.269159913,4.28849234349227
"Small",0.0218051274948447,"pricefarmed_fuelmax",2004,16.0096258265811,"price.fuel.mod","farmed","max",37.7506649665029,1.49426390224892,1.620877333,23.9226059611721
"Small",0.0218051274948447,"pricefarmed_fuelmax",2004.5,2.63591123083775,"price.fuel.mod","farmed","max",0.542971426348707,1.95329414520825,2.02849139,5.14870997448404
"Small",0.0218051274948447,"pricefarmed_fuelmax",2005,8.38963354477427,"price.fuel.mod","farmed","max",25.5567941818433,2.276876512803,2.382254002,19.1021595691207
"Small",0.0218051274948447,"pricefarmed_fuelmax",2005.5,3.98797224216047,"price.fuel.mod","farmed","max",1.92148772697992,2.32541849460168,2.636138142,9.27370440787809
"Small",0.0218051274948447,"pricefarmed_fuelmax",2006,20.7297319353103,"price.fuel.mod","farmed","max",29.3820294770415,1.64328250817206,2.787784045,34.0648058883913
"Small",0.0218051274948447,"pricefarmed_fuelmax",2006.5,4.59297066432427,"price.fuel.mod","farmed","max",0.304521701423559,1.71856753817881,2.365521844,7.89333028751523
"Small",0.0218051274948447,"pricefarmed_fuelmax",2007,12.5553433506235,"price.fuel.mod","farmed","max",27.6217543664749,1.89961137600456,2.755746336,23.8502730584876
"Small",0.0218051274948447,"pricefarmed_fuelmax",2007.5,1.33270487173307,"price.fuel.mod","farmed","max",0.465516613623862,1.90748378576943,3.320424497,2.54211293404676
"Small",0.0218051274948447,"pricefarmed_fuelmax",2008,5.28524230597744,"price.fuel.mod","farmed","max",17.7659276919536,1.84321551806618,4.889983343,9.7418406351175
"Small",0.0218051274948447,"pricefarmed_fuelmax",2008.5,4.70922035907056,"price.fuel.mod","farmed","max",0.817461976283013,1.81599198296602,2.844336426,8.55190641809248
"Small",0.0218051274948447,"pricefarmed_fuelmax",2009,17.979744110761,"price.fuel.mod","farmed","max",18.8947247584991,1.47843200217586,2.278682818,26.581829084282
"Small",0.0218051274948447,"pricefarmed_fuelmax",2009.5,2.28293010983765,"price.fuel.mod","farmed","max",0.414448546792974,1.74489870397938,2.572136375,3.98348178993123
"Small",0.0218051274948447,"pricefarmed_fuelmax",2010,10.2851345619027,"price.fuel.mod","farmed","max",10.3898713043782,2.40726345236337,2.70288658,24.7590285335078
"Small",0.0218051274948447,"pricefarmed_fuelmax",2010.5,0.753716117605967,"price.fuel.mod","farmed","max",1.58086469169156,1.8721768967639,3.033457857,1.41108990210048
"Small",0.0218051274948447,"pricefarmed_fuelmax",2011,8.18772595541504,"price.fuel.mod","farmed","max",24.250876531461,1.46960221213565,3.91117392,12.0327001764384
"Small",0.0218051274948447,"pricefarmed_fuelmax",2011.5,0.715900385777472,"price.fuel.mod","farmed","max",1.02000463321805,2.11229011307718,3.857637569,1.5121893068259
"Small",0.0218051274948447,"pricefarmed_fuelmax",2012,8.78661668211595,"price.fuel.mod","farmed","max",14.9581501376982,2.01235528403434,3.670647018,17.6817945090403
"Small",0.0218051274948447,"pricefarmed_fuelmax",2012.5,0.634382261630834,"price.fuel.mod","farmed","max",1.06246201400765,1.95729714018241,3.926350999,1.24167458647248
"Small",0.0218051274948447,"pricefarmed_fuelmax",2013,8.52158969134006,"price.fuel.mod","farmed","max",23.121954254089,2.08313110442743,3.59356354,17.7515885451986
"Small",0.0218051274948447,"pricefarmed_fuelmax",2013.5,0.80354423404111,"price.fuel.mod","farmed","max",1.11985873291099,3.47567759827312,3.730174711,2.79286069347822
"Small",0.0218051274948447,"pricefarmed_fuelmax",2014,5.08384536835863,"price.fuel.mod","farmed","max",25.8305466848948,3.59725315728399,3.505636196,18.2878788024717
"Small",0.0218051274948447,"pricefarmed_fuelmax",2014.5,2.38240519341649,"price.fuel.mod","farmed","max",1.43466762510486,2.30597696796899,2.841017708,5.49377150438813
"Small",0.0218051274948447,"pricefarmed_fuelmax",2015,23.7255383646818,"price.fuel.mod","farmed","max",17.7198833877751,1.60367976611785,2.014201659,38.0481658156931
"Small",0.0218051274948447,"pricefarmed_fuelmax",2015.5,4.51976358059737,"price.fuel.mod","farmed","max",0.893230523631532,1.74925517610095,1.59375734,7.90621983811253
"Small",0.0218051274948447,"pricefarmed_fuelmax",2016,14.2959342187336,"price.fuel.mod","farmed","max",13.7848418529771,1.36349750789189,1.64619339,19.4924706802296
"Small",0.0218051274948447,"pricefarmed_fuelmax",2016.5,2.35587317854296,"price.fuel.mod","farmed","max",2.07950199163093,2.21804534012833,1.755500592,5.22543352560052
"Small",0.0218051274948447,"pricefarmed_fuelmax",2017,16.5151099488061,"price.fuel.mod","farmed","max",16.1131159758896,1.54110611853533,1.721349829,25.4515369903887
"Small",0.0218051274948447,"pricefarmed_fuelmax",2017.5,4.17443452801571,"price.fuel.mod","farmed","max",2.88503781328209,1.90789517166,2.115492451,7.96438348041196
"Small",0.0218051274948447,"pricefarmed_fuelmax",2018,8.59259116314626,"price.fuel.mod","farmed","max",24.659261960846,1.44488280433977,2.502609693,12.4152872163519
"Small",0.0218051274948447,"pricefarmed_fuelmax",2018.5,3.21258314899257,"price.fuel.mod","farmed","max",0.766913261974894,1.54754568558391,2.434931942,4.97161919180302
"Small",0.0218051274948447,"pricefarmed_fuelmax",2019,20.7978156247289,"price.fuel.mod","farmed","max",12.1964944971997,1.60329405331422,2.166705119,33.3450141130535
"Small",0.0218051274948447,"pricefarmed_fuelmax",2019.5,3.24676204636475,"price.fuel.mod","farmed","max",0.49134503743693,1.84553430067428,2.217115677,5.99201072269357
"Small",0.0218051274948447,"pricefarmed_fuelmax",2020,46.1233607871519,"price.fuel.mod","farmed","max",8.45437092584065,1.74321307533248,1.223776883,80.4028456024407
"Small",0.0218051274948447,"pricefarmed_fuelmax",2020.5,6.18288786912017,"price.fuel.mod","farmed","max",0.365339397994311,1.99966936626942,1.326079845,12.3637314669585
"Small",0.0218051274948447,"pricefarmed_fuelmax",2021,39.7868224520135,"price.fuel.mod","farmed","max",10.9727795586288,2.19867920946227,2.064034533,87.4784593358086
"Small",0.0218051274948447,"pricefarmed_fuelmax",2021.5,3.02972604192832,"price.fuel.mod","farmed","max",0.63159289139346,1.95371255603988,2.34283939,5.91921380947637
"Small",0.0218051274948447,"pricefarmed_fuelmax",2022,7.73812243170845,"price.fuel.mod","farmed","max",7.02551689200128,1.20079679537534,3.992053255,9.29191261821754
"Small",0.0218051274948447,"pricefarmed_fuelmax",2022.5,2.14698323252443,"price.fuel.mod","farmed","max",0.425794667042911,1.33949152023172,3.5445,2.87586583404616
"Small",0.0218051274948447,"pricefarmed_fuelmax",2023,5.08230576478258,"price.fuel.mod","farmed","max",NA,1.30444531533889,4,6.62958994599047
"Small",0.0218051274948447,"pricefarmed_fuelmax",2023.5,2.47528516944163,"price.fuel.mod","farmed","max",NA,1.30444531533889,4,3.22887414340596
"Small",0.0218051274948447,"pricefarmed_fuelmax",2024,9.17592891346726,"price.fuel.mod","farmed","max",NA,1.30444531533889,4,11.969497485055
"Small",0.0218051274948447,"pricefarmed_fuelmax",2024.5,1.56995738924415,"price.fuel.mod","farmed","max",NA,1.30444531533889,4,2.04792356168121
"Small",0.0218051274948447,"pricefarmed_fuelmax",2025,9.38591364300659,"price.fuel.mod","farmed","max",NA,1.30444531533889,4,12.2434110817953
"Small",0.0218051274948447,"pricefarmed_fuelmax",2025.5,1.25309106399034,"price.fuel.mod","farmed","max",NA,1.30444531533889,4,1.63458876811523
"Small",0.0218051274948447,"pricefarmed_fuelmax",2026,10.4069486256767,"price.fuel.mod","farmed","max",NA,1.30444531533889,4,13.5752953817364
"Small",0.0218051274948447,"pricefarmed_fuelmax",2026.5,1.67289177945329,"price.fuel.mod","farmed","max",NA,1.30444531533889,4,2.18219584477679
"Small",0.0218051274948447,"pricefarmed_fuelmax",2027,11.1957280241583,"price.fuel.mod","farmed","max",NA,1.30444531533889,4,14.6042149729216
"Large",0.117679567803296,"pricetariffs_fuelmax",1987,5.37542376888951,"price.fuel.mod","tariffs","max",6.71737977735683,12.5899917441796,1.193864043,67.6765408717856
"Large",0.117679567803296,"pricetariffs_fuelmax",1987.5,6.26413715932755,"price.fuel.mod","tariffs","max",10.622314411265,12.0793895597091,1.218517776,75.6669530029669
"Large",0.117679567803296,"pricetariffs_fuelmax",1988,2.65787682022248,"price.fuel.mod","tariffs","max",8.57325287037129,12.6057295038419,0.992170369,33.5044762502561
"Large",0.117679567803296,"pricetariffs_fuelmax",1988.5,8.15074675368682,"price.fuel.mod","tariffs","max",10.8087014478752,12.5584041151657,0.95042966,102.360371573174
"Large",0.117679567803296,"pricetariffs_fuelmax",1989,13.0134055141867,"price.fuel.mod","tariffs","max",8.31618564404666,10.1603157047673,1.040677249,132.220308418297
"Large",0.117679567803296,"pricetariffs_fuelmax",1989.5,9.45511619314545,"price.fuel.mod","tariffs","max",13.0119615266943,8.85794163390862,1.319286796,83.7528673807066
"Large",0.117679567803296,"pricetariffs_fuelmax",1990,7.17986244777725,"price.fuel.mod","tariffs","max",10.4664894841967,8.57265311491896,1.165362175,61.5504701776273
"Large",0.117679567803296,"pricetariffs_fuelmax",1990.5,7.88615086783963,"price.fuel.mod","tariffs","max",12.3173138400001,10.121152066617,1.749252381,79.8169321536887
"Large",0.117679567803296,"pricetariffs_fuelmax",1991,17.4064597169755,"price.fuel.mod","tariffs","max",10.6108380057583,9.45743851223052,1.109832663,164.620522488914
"Large",0.117679567803296,"pricetariffs_fuelmax",1991.5,10.6322178974377,"price.fuel.mod","tariffs","max",12.4879838019052,8.90923640938927,1.186270087,94.7249428044119
"Large",0.117679567803296,"pricetariffs_fuelmax",1992,5.97765522234903,"price.fuel.mod","tariffs","max",4.36900738448302,9.78433680553042,1.136504152,58.4873920028007
"Large",0.117679567803296,"pricetariffs_fuelmax",1992.5,9.32278461450246,"price.fuel.mod","tariffs","max",12.1414743179632,9.61389512435446,1.119827889,89.628273550772
"Large",0.117679567803296,"pricetariffs_fuelmax",1993,4.27003854406339,"price.fuel.mod","tariffs","max",3.71286139165064,9.68624084782594,0.970890649,41.360621767298
"Large",0.117679567803296,"pricetariffs_fuelmax",1993.5,6.28028305462361,"price.fuel.mod","tariffs","max",9.6599860067035,9.72021935763151,0.925675909,61.0457289189576
"Large",0.117679567803296,"pricetariffs_fuelmax",1994,7.93146522942181,"price.fuel.mod","tariffs","max",5.51132667262915,10.8613688089981,0.900017334,86.1465690524952
"Large",0.117679567803296,"pricetariffs_fuelmax",1994.5,10.5220834343964,"price.fuel.mod","tariffs","max",11.8112138407078,10.7633585365074,0.879442785,113.252956555454
"Large",0.117679567803296,"pricetariffs_fuelmax",1995,10.0269293104296,"price.fuel.mod","tariffs","max",6.21391252952628,10.7890232405838,0.867027844,108.180773361917
"Large",0.117679567803296,"pricetariffs_fuelmax",1995.5,11.1595797370325,"price.fuel.mod","tariffs","max",11.1939421930543,9.62593281197826,0.92666276,107.421364758589
"Large",0.117679567803296,"pricetariffs_fuelmax",1996,4.58253783737548,"price.fuel.mod","tariffs","max",4.69273193485784,10.3436601282369,0.990501339,47.4002139145976
"Large",0.117679567803296,"pricetariffs_fuelmax",1996.5,7.09674340765516,"price.fuel.mod","tariffs","max",10.9515132054804,10.4387237810633,1.235234785,74.0809441775942
"Large",0.117679567803296,"pricetariffs_fuelmax",1997,4.54370661792861,"price.fuel.mod","tariffs","max",3.43510362636754,11.5771198057125,0.933448325,52.6030358777684
"Large",0.117679567803296,"pricetariffs_fuelmax",1997.5,8.73187356309806,"price.fuel.mod","tariffs","max",9.04681397446952,11.3781664584964,0.938670805,99.3527108954737
"Large",0.117679567803296,"pricetariffs_fuelmax",1998,5.58296406208453,"price.fuel.mod","tariffs","max",4.24075938686746,10.7769406001589,0.640660448,60.167272069907
"Large",0.117679567803296,"pricetariffs_fuelmax",1998.5,9.71903166275535,"price.fuel.mod","tariffs","max",12.0293003674683,9.51226679526253,0.622172867,92.4500221677329
"Large",0.117679567803296,"pricetariffs_fuelmax",1999,8.78414542346186,"price.fuel.mod","tariffs","max",6.26837397930924,10.3714508913732,0.804286601,91.1043328821157
"Large",0.117679567803296,"pricetariffs_fuelmax",1999.5,9.05061664424378,"price.fuel.mod","tariffs","max",9.94572173827841,10.6330528005955,1.050467788,96.2356846561922
"Large",0.117679567803296,"pricetariffs_fuelmax",2000,12.168715429895,"price.fuel.mod","tariffs","max",9.60103636139893,10.7508888167683,1.327541825,130.824506629694
"Large",0.117679567803296,"pricetariffs_fuelmax",2000.5,10.3147129121958,"price.fuel.mod","tariffs","max",12.330422287742,9.34581671991077,1.612986692,96.3994163958789
"Large",0.117679567803296,"pricetariffs_fuelmax",2001,9.24977991510604,"price.fuel.mod","tariffs","max",7.91172740953807,9.69680841162668,1.194280761,89.6933436864958
"Large",0.117679567803296,"pricetariffs_fuelmax",2001.5,7.54250673054405,"price.fuel.mod","tariffs","max",9.53611922083641,8.24439553464669,0.975859995,62.1834088093399
"Large",0.117679567803296,"pricetariffs_fuelmax",2002,6.33880904295416,"price.fuel.mod","tariffs","max",5.90490467986567,7.03546425864735,1.070930495,44.5964644640947
"Large",0.117679567803296,"pricetariffs_fuelmax",2002.5,6.58208886146631,"price.fuel.mod","tariffs","max",8.21494371689397,7.15032103828286,1.216097682,47.0640484619898
"Large",0.117679567803296,"pricetariffs_fuelmax",2003,7.07648969967173,"price.fuel.mod","tariffs","max",5.88659270493106,6.83775934994511,1.210301841,48.3873336087207
"Large",0.117679567803296,"pricetariffs_fuelmax",2003.5,8.61205292955769,"price.fuel.mod","tariffs","max",9.7458138599594,6.03783529573531,1.269159913,51.9981571468241
"Large",0.117679567803296,"pricetariffs_fuelmax",2004,13.9126331690354,"price.fuel.mod","tariffs","max",6.97115490146669,6.51352108495447,1.620877333,90.6202294937492
"Large",0.117679567803296,"pricetariffs_fuelmax",2004.5,9.15361279753341,"price.fuel.mod","tariffs","max",10.0288422319289,6.56657427628878,2.02849139,60.1078783313907
"Large",0.117679567803296,"pricetariffs_fuelmax",2005,4.64616903864719,"price.fuel.mod","tariffs","max",5.57953019668072,6.02719887276295,2.382254002,28.0033847924005
"Large",0.117679567803296,"pricetariffs_fuelmax",2005.5,7.07130337511595,"price.fuel.mod","tariffs","max",10.0812503959341,5.6234149093112,2.636138142,39.7648728278896
"Large",0.117679567803296,"pricetariffs_fuelmax",2006,8.71940942021577,"price.fuel.mod","tariffs","max",9.32814760671619,4.72089382927121,2.787784045,41.1634061267859
"Large",0.117679567803296,"pricetariffs_fuelmax",2006.5,6.84934689025661,"price.fuel.mod","tariffs","max",19.3733736458873,4.22533641185959,2.365521844,28.9407948128585
"Large",0.117679567803296,"pricetariffs_fuelmax",2007,7.0796881835825,"price.fuel.mod","tariffs","max",8.93251755415469,5.4674366499906,2.755746336,38.7077466454244
"Large",0.117679567803296,"pricetariffs_fuelmax",2007.5,8.94784450255713,"price.fuel.mod","tariffs","max",11.9723465627928,5.86706497636183,3.320424497,52.4975850948847
"Large",0.117679567803296,"pricetariffs_fuelmax",2008,7.21652559899077,"price.fuel.mod","tariffs","max",6.8632023388661,6.87395329195337,4.889983343,49.6060598976483
"Large",0.117679567803296,"pricetariffs_fuelmax",2008.5,10.6410019637121,"price.fuel.mod","tariffs","max",12.9867202704612,4.910949850942,2.844336426,52.2574270075657
"Large",0.117679567803296,"pricetariffs_fuelmax",2009,2.28212544244915,"price.fuel.mod","tariffs","max",11.3957385120874,3.4946185695594,2.278682818,7.97515794924676
"Large",0.117679567803296,"pricetariffs_fuelmax",2009.5,7.97783950060318,"price.fuel.mod","tariffs","max",20.1822701677183,3.95084796176061,2.572136375,31.5192309302114
"Large",0.117679567803296,"pricetariffs_fuelmax",2010,32.9756449667265,"price.fuel.mod","tariffs","max",4.93689076135254,6.8935907213382,2.70288658,227.320600172769
"Large",0.117679567803296,"pricetariffs_fuelmax",2010.5,30.8204377813916,"price.fuel.mod","tariffs","max",11.8949437102665,6.08552889172307,3.033457857,187.558664574212
"Large",0.117679567803296,"pricetariffs_fuelmax",2011,25.5693977207293,"price.fuel.mod","tariffs","max",7.43116987306931,6.42924813142202,3.91117392,164.392002517585
"Large",0.117679567803296,"pricetariffs_fuelmax",2011.5,23.537915099518,"price.fuel.mod","tariffs","max",15.2124204306267,6.12657011782144,3.857637569,144.206687284525
"Large",0.117679567803296,"pricetariffs_fuelmax",2012,13.5368738040848,"price.fuel.mod","tariffs","max",8.20944256638802,5.37802611663949,3.670647018,72.8016608560212
"Large",0.117679567803296,"pricetariffs_fuelmax",2012.5,12.7470567775555,"price.fuel.mod","tariffs","max",12.7487994935888,5.26996060725231,3.926350999,67.1764870761259
"Large",0.117679567803296,"pricetariffs_fuelmax",2013,15.454028675404,"price.fuel.mod","tariffs","max",8.12879485408897,7.29940876517483,3.59356354,112.805272370507
"Large",0.117679567803296,"pricetariffs_fuelmax",2013.5,20.5189211531366,"price.fuel.mod","tariffs","max",12.1287990775526,8.36406624719241,3.730174711,171.621615845752
"Large",0.117679567803296,"pricetariffs_fuelmax",2014,8.95226849401108,"price.fuel.mod","tariffs","max",4.83811460324899,9.26869378396509,3.505636196,82.9758353428271
"Large",0.117679567803296,"pricetariffs_fuelmax",2014.5,25.2231454861815,"price.fuel.mod","tariffs","max",13.2014758885329,7.64784836022419,2.841017708,192.90279184619
"Large",0.117679567803296,"pricetariffs_fuelmax",2015,6.05948419889366,"price.fuel.mod","tariffs","max",11.9161098619624,4.35779288507159,2.014201659,26.4059771291425
"Large",0.117679567803296,"pricetariffs_fuelmax",2015.5,15.1309714539705,"price.fuel.mod","tariffs","max",12.4991106317133,4.55318414231323,1.59375734,68.8940992820127
"Large",0.117679567803296,"pricetariffs_fuelmax",2016,11.9608213583819,"price.fuel.mod","tariffs","max",9.63632679089192,4.88277904371158,1.64619339,58.4020478742851
"Large",0.117679567803296,"pricetariffs_fuelmax",2016.5,16.5987943166205,"price.fuel.mod","tariffs","max",9.76216658287913,6.21792739900937,1.755500592,103.210097971835
"Large",0.117679567803296,"pricetariffs_fuelmax",2017,8.54951933992999,"price.fuel.mod","tariffs","max",9.02808762228676,4.92061824876707,1.721349829,42.0689208822465
"Large",0.117679567803296,"pricetariffs_fuelmax",2017.5,10.9667803741238,"price.fuel.mod","tariffs","max",9.08662344104663,5.10145524158574,2.115492451,55.9465392228937
"Large",0.117679567803296,"pricetariffs_fuelmax",2018,6.59240588011919,"price.fuel.mod","tariffs","max",10.2255227834163,4.71837605093946,2.502609693,31.1054500228268
"Large",0.117679567803296,"pricetariffs_fuelmax",2018.5,11.486619833874,"price.fuel.mod","tariffs","max",12.0208463089032,5.01855298773329,2.434931942,57.6462102862448
"Large",0.117679567803296,"pricetariffs_fuelmax",2019,5.46389989185006,"price.fuel.mod","tariffs","max",6.49742860601407,4.88494408016038,2.166705119,26.6908454312819
"Large",0.117679567803296,"pricetariffs_fuelmax",2019.5,9.12293392269843,"price.fuel.mod","tariffs","max",8.12546140575837,5.17750496313892,2.217115677,47.2340356631596
"Large",0.117679567803296,"pricetariffs_fuelmax",2020,9.52477947537156,"price.fuel.mod","tariffs","max",6.99253856614546,4.68046753159861,1.223776883,44.5804210801135
"Large",0.117679567803296,"pricetariffs_fuelmax",2020.5,18.77433405639,"price.fuel.mod","tariffs","max",8.32614451400999,5.40555837390546,1.326079845,101.485758673017
"Large",0.117679567803296,"pricetariffs_fuelmax",2021,17.0195093445105,"price.fuel.mod","tariffs","max",4.15856313937567,6.22144464823613,2.064034533,105.88593532701
"Large",0.117679567803296,"pricetariffs_fuelmax",2021.5,15.3668926180311,"price.fuel.mod","tariffs","max",5.87361341229464,6.47320276956418,2.34283939,99.4730118546345
"Large",0.117679567803296,"pricetariffs_fuelmax",2022,6.57805714616534,"price.fuel.mod","tariffs","max",4.33617367568456,4.29638469636797,3.992053255,28.2618640546187
"Large",0.117679567803296,"pricetariffs_fuelmax",2022.5,0.289190169552395,"price.fuel.mod","tariffs","max",5.27214346715716,3.49424942020108,3.5445,1.01050258228631
"Large",0.117679567803296,"pricetariffs_fuelmax",2023,15.3596336392984,"price.fuel.mod","tariffs","max",NA,6.36902238330697,4,97.8258504480862
"Large",0.117679567803296,"pricetariffs_fuelmax",2023.5,9.96206841127692,"price.fuel.mod","tariffs","max",NA,6.36902238330697,4,63.448636695458
"Large",0.117679567803296,"pricetariffs_fuelmax",2024,13.7900238963515,"price.fuel.mod","tariffs","max",NA,6.36902238330697,4,87.8289708622004
"Large",0.117679567803296,"pricetariffs_fuelmax",2024.5,10.1275539656626,"price.fuel.mod","tariffs","max",NA,6.36902238330697,4,64.5026178954542
"Large",0.117679567803296,"pricetariffs_fuelmax",2025,14.6591183291555,"price.fuel.mod","tariffs","max",NA,6.36902238330697,4,93.3642527579369
"Large",0.117679567803296,"pricetariffs_fuelmax",2025.5,10.9877084646755,"price.fuel.mod","tariffs","max",NA,6.36902238330697,4,69.98096115277
"Large",0.117679567803296,"pricetariffs_fuelmax",2026,14.5713278637193,"price.fuel.mod","tariffs","max",NA,6.36902238330697,4,92.8051133185327
"Large",0.117679567803296,"pricetariffs_fuelmax",2026.5,11.1071105389523,"price.fuel.mod","tariffs","max",NA,6.36902238330697,4,70.741435636452
"Large",0.117679567803296,"pricetariffs_fuelmax",2027,14.3280571062398,"price.fuel.mod","tariffs","max",NA,6.36902238330697,4,91.2557164189419
"Medium",0.0306958027029325,"pricetariffs_fuelmax",1987,16.77118699456,"price.fuel.mod","tariffs","max",32.7194132783767,6.08983897957365,1.193864043,102.13382829319
"Medium",0.0306958027029325,"pricetariffs_fuelmax",1987.5,6.43334377614751,"price.fuel.mod","tariffs","max",7.64637899895229,6.22272095995808,1.218517776,40.032903158449
"Medium",0.0306958027029325,"pricetariffs_fuelmax",1988,10.8379343764981,"price.fuel.mod","tariffs","max",32.816615646671,5.28614926542636,0.992170369,57.2909388430643
"Medium",0.0306958027029325,"pricetariffs_fuelmax",1988.5,4.56746626149539,"price.fuel.mod","tariffs","max",5.51691034329667,5.92203308328633,0.95042966,27.0486863073698
"Medium",0.0306958027029325,"pricetariffs_fuelmax",1989,48.9599422786893,"price.fuel.mod","tariffs","max",36.5678534777813,5.11980548744016,1.040677249,250.665381143187
"Medium",0.0306958027029325,"pricetariffs_fuelmax",1989.5,9.83460324865674,"price.fuel.mod","tariffs","max",9.12915061718908,5.89339168953183,1.319286796,57.9591690554764
"Medium",0.0306958027029325,"pricetariffs_fuelmax",1990,31.6653088566793,"price.fuel.mod","tariffs","max",35.6475771015084,4.69183072247511,1.165362175,148.568268930431
"Medium",0.0306958027029325,"pricetariffs_fuelmax",1990.5,8.16709149773667,"price.fuel.mod","tariffs","max",8.40505368169431,5.87198459467529,1.749252381,47.9570354580133
"Medium",0.0306958027029325,"pricetariffs_fuelmax",1991,42.3969264921548,"price.fuel.mod","tariffs","max",27.3423279699856,5.29812880233018,1.109832663,224.624377378361
"Medium",0.0306958027029325,"pricetariffs_fuelmax",1991.5,12.0111234011054,"price.fuel.mod","tariffs","max",6.60304838164396,5.66122882462061,1.186270087,67.9977180144128
"Medium",0.0306958027029325,"pricetariffs_fuelmax",1992,14.0957432368974,"price.fuel.mod","tariffs","max",22.2825090419081,5.27007850286719,1.136504152,74.2856734147087
"Medium",0.0306958027029325,"pricetariffs_fuelmax",1992.5,9.70977124251765,"price.fuel.mod","tariffs","max",8.04572442883319,5.34944559516089,1.119827889,51.9418930033059
"Medium",0.0306958027029325,"pricetariffs_fuelmax",1993,9.87115731969945,"price.fuel.mod","tariffs","max",16.9236119526854,4.69304570072945,0.970890649,46.3257924204396
"Medium",0.0306958027029325,"pricetariffs_fuelmax",1993.5,9.71182227076254,"price.fuel.mod","tariffs","max",6.56173810175156,5.6129027756598,0.925675909,54.5115141802777
"Medium",0.0306958027029325,"pricetariffs_fuelmax",1994,28.6600193671097,"price.fuel.mod","tariffs","max",22.2137154211208,7.16914108424744,0.900017334,205.467722320073
"Medium",0.0306958027029325,"pricetariffs_fuelmax",1994.5,11.7542725558221,"price.fuel.mod","tariffs","max",6.25221156996301,7.27604909512476,0.879442785,85.5246641936395
"Medium",0.0306958027029325,"pricetariffs_fuelmax",1995,38.8205992327867,"price.fuel.mod","tariffs","max",20.030923425577,5.32227477000002,0.867027844,206.613895852943
"Medium",0.0306958027029325,"pricetariffs_fuelmax",1995.5,15.2042508189004,"price.fuel.mod","tariffs","max",6.04923251875156,5.09212478044929,0.92666276,77.421942363089
"Medium",0.0306958027029325,"pricetariffs_fuelmax",1996,9.5557309036492,"price.fuel.mod","tariffs","max",20.8366043824406,4.72257319055959,0.990501339,45.1276385817755
"Medium",0.0306958027029325,"pricetariffs_fuelmax",1996.5,8.49640854128699,"price.fuel.mod","tariffs","max",6.16548682253209,5.66253041071969,1.235234785,48.1111717469361
"Medium",0.0306958027029325,"pricetariffs_fuelmax",1997,9.60595422034296,"price.fuel.mod","tariffs","max",16.3328456637844,6.69271878623742,0.933448325,64.289950270226
"Medium",0.0306958027029325,"pricetariffs_fuelmax",1997.5,12.0048869760248,"price.fuel.mod","tariffs","max",7.94680082880489,6.70282972128026,0.938670805,80.4667132235094
"Medium",0.0306958027029325,"pricetariffs_fuelmax",1998,24.0802463555333,"price.fuel.mod","tariffs","max",24.0115004673135,4.55282361783213,0.640660448,109.633114330688
"Medium",0.0306958027029325,"pricetariffs_fuelmax",1998.5,9.85708071931299,"price.fuel.mod","tariffs","max",7.21680260156809,4.56254309845653,0.622172867,44.9733556068304
"Medium",0.0306958027029325,"pricetariffs_fuelmax",1999,30.8501905994638,"price.fuel.mod","tariffs","max",20.1063773758566,4.84198465538306,0.804286601,149.376149498247
"Medium",0.0306958027029325,"pricetariffs_fuelmax",1999.5,9.93835210096371,"price.fuel.mod","tariffs","max",6.42932894524407,6.01017980396059,1.050467788,59.7312830818614
"Medium",0.0306958027029325,"pricetariffs_fuelmax",2000,36.7988879989563,"price.fuel.mod","tariffs","max",28.1806030510016,6.33227130160756,1.327541825,233.020542406862
"Medium",0.0306958027029325,"pricetariffs_fuelmax",2000.5,10.887787008839,"price.fuel.mod","tariffs","max",8.71077659307286,5.90087585057623,1.612986692,64.2474794266753
"Medium",0.0306958027029325,"pricetariffs_fuelmax",2001,27.9149415972564,"price.fuel.mod","tariffs","max",28.3160763222633,4.47355045862035,1.194280761,124.878899784767
"Medium",0.0306958027029325,"pricetariffs_fuelmax",2001.5,10.6642236584208,"price.fuel.mod","tariffs","max",5.47603106489692,4.42953362104376,0.975859995,47.2375372373054
"Medium",0.0306958027029325,"pricetariffs_fuelmax",2002,23.6540968034033,"price.fuel.mod","tariffs","max",20.8191160581067,3.66198228125976,1.070930495,86.6208833732659
"Medium",0.0306958027029325,"pricetariffs_fuelmax",2002.5,8.101106373518,"price.fuel.mod","tariffs","max",6.9024297187297,4.02193440093658,1.216097682,32.5821184092987
"Medium",0.0306958027029325,"pricetariffs_fuelmax",2003,21.5393969588878,"price.fuel.mod","tariffs","max",22.7726223065002,3.41458224662662,1.210301841,73.5480424588619
"Medium",0.0306958027029325,"pricetariffs_fuelmax",2003.5,5.86536360422995,"price.fuel.mod","tariffs","max",6.95872350472763,3.1173102683852,1.269159913,18.2841581912789
"Medium",0.0306958027029325,"pricetariffs_fuelmax",2004,19.4658557470449,"price.fuel.mod","tariffs","max",16.488138917693,2.96352396392705,1.620877333,57.6875299847147
"Medium",0.0306958027029325,"pricetariffs_fuelmax",2004.5,4.68915262934443,"price.fuel.mod","tariffs","max",5.41492897646919,3.2568059561738,2.02849139,15.271660212657
"Medium",0.0306958027029325,"pricetariffs_fuelmax",2005,10.4947094333218,"price.fuel.mod","tariffs","max",12.5141930894517,3.40067473540805,2.382254002,35.6890932253459
"Medium",0.0306958027029325,"pricetariffs_fuelmax",2005.5,4.42211949815867,"price.fuel.mod","tariffs","max",5.3781189264929,3.32928335785263,2.636138142,14.7224888516553
"Medium",0.0306958027029325,"pricetariffs_fuelmax",2006,20.0935323545862,"price.fuel.mod","tariffs","max",21.8386311572776,2.58047613508342,2.787784045,51.8508807105362
"Medium",0.0306958027029325,"pricetariffs_fuelmax",2006.5,3.84488231664203,"price.fuel.mod","tariffs","max",8.63501978553956,2.57368762405512,2.365521844,9.89552603428996
"Medium",0.0306958027029325,"pricetariffs_fuelmax",2007,10.0358585021311,"price.fuel.mod","tariffs","max",17.8553156773805,2.78674750448948,2.755746336,27.9674036362235
"Medium",0.0306958027029325,"pricetariffs_fuelmax",2007.5,3.32208417331655,"price.fuel.mod","tariffs","max",5.52115890238281,3.19323641553863,3.320424497,10.608200157719
"Medium",0.0306958027029325,"pricetariffs_fuelmax",2008,8.56097506680424,"price.fuel.mod","tariffs","max",11.3577946496599,3.91862878927398,4.889983343,33.5472833610358
"Medium",0.0306958027029325,"pricetariffs_fuelmax",2008.5,7.26499089533838,"price.fuel.mod","tariffs","max",5.08086533882322,3.33130130874346,2.844336426,24.2018736776501
"Medium",0.0306958027029325,"pricetariffs_fuelmax",2009,13.2798274090951,"price.fuel.mod","tariffs","max",17.9668851781964,2.25868223125,2.278682818,29.9949102029897
"Medium",0.0306958027029325,"pricetariffs_fuelmax",2009.5,4.55477593311164,"price.fuel.mod","tariffs","max",7.57574099599588,2.39828041246072,2.572136375,10.9236299035291
"Medium",0.0306958027029325,"pricetariffs_fuelmax",2010,24.0466719274362,"price.fuel.mod","tariffs","max",8.04780714544663,3.03808440430528,2.70288658,73.0558189581895
"Medium",0.0306958027029325,"pricetariffs_fuelmax",2010.5,6.40850913456549,"price.fuel.mod","tariffs","max",8.57478318074798,3.07854866749727,3.033457857,19.7289072568607
"Medium",0.0306958027029325,"pricetariffs_fuelmax",2011,19.0967439396111,"price.fuel.mod","tariffs","max",17.8287157295084,3.21106661498974,3.91117392,61.320916919493
"Medium",0.0306958027029325,"pricetariffs_fuelmax",2011.5,4.28057255131751,"price.fuel.mod","tariffs","max",8.37455860329747,3.77640735527577,3.857637569,16.165185667587
"Medium",0.0306958027029325,"pricetariffs_fuelmax",2012,16.0504173037322,"price.fuel.mod","tariffs","max",18.6467153647801,3.43378376176959,3.670647018,55.1136623071814
"Medium",0.0306958027029325,"pricetariffs_fuelmax",2012.5,6.10349292244328,"price.fuel.mod","tariffs","max",8.81451598006909,3.3867862695019,3.926350999,20.6712260257329
"Medium",0.0306958027029325,"pricetariffs_fuelmax",2013,9.5961366699342,"price.fuel.mod","tariffs","max",14.5150058419753,4.06054672077294,3.59356354,38.9655612871903
"Medium",0.0306958027029325,"pricetariffs_fuelmax",2013.5,7.44572346698803,"price.fuel.mod","tariffs","max",7.81621022101394,5.35909558500419,3.730174711,39.9023437590976
"Medium",0.0306958027029325,"pricetariffs_fuelmax",2014,8.52392036543948,"price.fuel.mod","tariffs","max",14.588974377991,5.29777481788601,3.505636196,45.157810661691
"Medium",0.0306958027029325,"pricetariffs_fuelmax",2014.5,11.1188338992483,"price.fuel.mod","tariffs","max",9.23671593064456,4.41155164281167,2.841017708,49.0513099543788
"Medium",0.0306958027029325,"pricetariffs_fuelmax",2015,19.6602389208487,"price.fuel.mod","tariffs","max",13.2147941220035,2.81150774930967,2.014201659,55.2749140792457
"Medium",0.0306958027029325,"pricetariffs_fuelmax",2015.5,11.2642742393268,"price.fuel.mod","tariffs","max",7.50525393689402,2.86759769693102,1.59375734,32.301406866293
"Medium",0.0306958027029325,"pricetariffs_fuelmax",2016,17.2326486705567,"price.fuel.mod","tariffs","max",10.1808130369481,3.00596842461488,1.64619339,51.8007977761749
"Medium",0.0306958027029325,"pricetariffs_fuelmax",2016.5,9.3515200638894,"price.fuel.mod","tariffs","max",5.39307169815739,4.18887393214666,1.755500592,39.1723386215728
"Medium",0.0306958027029325,"pricetariffs_fuelmax",2017,22.2159721420294,"price.fuel.mod","tariffs","max",12.1331828553547,3.47942031582626,1.721349829,77.2987048068072
"Medium",0.0306958027029325,"pricetariffs_fuelmax",2017.5,12.0405975560374,"price.fuel.mod","tariffs","max",7.54050854388687,3.79112272220055,2.115492451,45.6473829835658
"Medium",0.0306958027029325,"pricetariffs_fuelmax",2018,16.5541786770455,"price.fuel.mod","tariffs","max",13.7781541536191,3.25380794124098,2.502609693,53.8641180400927
"Medium",0.0306958027029325,"pricetariffs_fuelmax",2018.5,7.29313982312769,"price.fuel.mod","tariffs","max",8.66981088922993,3.45385243293675,2.434931942,25.1894287218574
"Medium",0.0306958027029325,"pricetariffs_fuelmax",2019,10.8588347380403,"price.fuel.mod","tariffs","max",7.94919114053227,3.29851886703811,2.166705119,35.8180712574747
"Medium",0.0306958027029325,"pricetariffs_fuelmax",2019.5,7.04455879740266,"price.fuel.mod","tariffs","max",5.45331074318056,3.39313131687167,2.217115677,23.9031130690108
"Medium",0.0306958027029325,"pricetariffs_fuelmax",2020,31.3809430452237,"price.fuel.mod","tariffs","max",11.8094531922773,2.81936323656955,1.223776883,88.4742771505865
"Medium",0.0306958027029325,"pricetariffs_fuelmax",2020.5,15.7565224117422,"price.fuel.mod","tariffs","max",5.0535056945109,2.97562041568792,1.326079845,46.8854297686243
"Medium",0.0306958027029325,"pricetariffs_fuelmax",2021,44.3839987179348,"price.fuel.mod","tariffs","max",12.1371153888044,3.68191490636116,2.064034533,163.418106483479
"Medium",0.0306958027029325,"pricetariffs_fuelmax",2021.5,13.5234945256423,"price.fuel.mod","tariffs","max",8.24615492050734,3.50734091870751,2.34283939,47.4315057137023
"Medium",0.0306958027029325,"pricetariffs_fuelmax",2022,6.10830031022244,"price.fuel.mod","tariffs","max",7.9248694210156,2.4198801778206,3.992053255,14.7813548408827
"Medium",0.0306958027029325,"pricetariffs_fuelmax",2022.5,0.0883295852047201,"price.fuel.mod","tariffs","max",5.88528355085481,1.95246160438392,3.5445,0.172460123643374
"Medium",0.0306958027029325,"pricetariffs_fuelmax",2023,12.8494123060992,"price.fuel.mod","tariffs","max",NA,3.61595442906889,4,46.4628893391717
"Medium",0.0306958027029325,"pricetariffs_fuelmax",2023.5,3.569523370436,"price.fuel.mod","tariffs","max",NA,3.61595442906889,4,12.907233840993
"Medium",0.0306958027029325,"pricetariffs_fuelmax",2024,9.35606233218943,"price.fuel.mod","tariffs","max",NA,3.61595442906889,4,33.8310950287249
"Medium",0.0306958027029325,"pricetariffs_fuelmax",2024.5,4.63428902583488,"price.fuel.mod","tariffs","max",NA,3.61595442906889,4,16.757377928553
"Medium",0.0306958027029325,"pricetariffs_fuelmax",2025,16.8857201210012,"price.fuel.mod","tariffs","max",NA,3.61595442906889,4,61.0579944595519
"Medium",0.0306958027029325,"pricetariffs_fuelmax",2025.5,6.76196553495315,"price.fuel.mod","tariffs","max",NA,3.61595442906889,4,24.450959225325
"Medium",0.0306958027029325,"pricetariffs_fuelmax",2026,18.1697844109856,"price.fuel.mod","tariffs","max",NA,3.61595442906889,4,65.70111241613
"Medium",0.0306958027029325,"pricetariffs_fuelmax",2026.5,7.47528183922642,"price.fuel.mod","tariffs","max",NA,3.61595442906889,4,27.030278475089
"Medium",0.0306958027029325,"pricetariffs_fuelmax",2027,16.2806121288023,"price.fuel.mod","tariffs","max",NA,3.61595442906889,4,58.8699515350952
"Small",0.016990606797408,"pricetariffs_fuelmax",1987,20.8135037500085,"price.fuel.mod","tariffs","max",33.1699600876773,3.46223983102226,1.193864043,72.0613417064108
"Small",0.016990606797408,"pricetariffs_fuelmax",1987.5,2.54120121315483,"price.fuel.mod","tariffs","max",1.55534427195328,4.03600829559881,1.218517776,10.2563091770787
"Small",0.016990606797408,"pricetariffs_fuelmax",1988,11.6315651134648,"price.fuel.mod","tariffs","max",23.8431624881257,2.83796100605314,0.992170369,33.0099282313811
"Small",0.016990606797408,"pricetariffs_fuelmax",1988.5,1.80390188171304,"price.fuel.mod","tariffs","max",0.720080044745491,3.55275304925539,0.95042966,6.40881791081355
"Small",0.016990606797408,"pricetariffs_fuelmax",1989,18.2940891156421,"price.fuel.mod","tariffs","max",28.7755001766216,2.51462103845419,1.040677249,46.0027013695495
"Small",0.016990606797408,"pricetariffs_fuelmax",1989.5,2.2731327683833,"price.fuel.mod","tariffs","max",1.15542976955331,3.07473626443988,1.319286796,6.98928375683476
"Small",0.016990606797408,"pricetariffs_fuelmax",1990,22.0223573639129,"price.fuel.mod","tariffs","max",40.4141643858711,2.31713756835269,1.165362175,51.028831591611
"Small",0.016990606797408,"pricetariffs_fuelmax",1990.5,3.10412594096034,"price.fuel.mod","tariffs","max",0.71930936977849,3.31075264722307,1.749252381,10.2769931763482
"Small",0.016990606797408,"pricetariffs_fuelmax",1991,31.2604263439201,"price.fuel.mod","tariffs","max",29.6999205320081,2.75220541657956,1.109832663,86.0351147083233
"Small",0.016990606797408,"pricetariffs_fuelmax",1991.5,4.50753668962346,"price.fuel.mod","tariffs","max",1.45164641335001,3.33127362657706,1.186270087,15.0158380949711
"Small",0.016990606797408,"pricetariffs_fuelmax",1992,9.58727414418958,"price.fuel.mod","tariffs","max",22.1974889327821,3.34190966430881,1.136504152,32.0398041168451
"Small",0.016990606797408,"pricetariffs_fuelmax",1992.5,2.66299835043843,"price.fuel.mod","tariffs","max",1.90915308007694,3.40282759475462,1.119827889,9.06172427165792
"Small",0.016990606797408,"pricetariffs_fuelmax",1993,10.7186072922499,"price.fuel.mod","tariffs","max",31.251177401142,2.55240244206907,0.970890649,27.358199428318
"Small",0.016990606797408,"pricetariffs_fuelmax",1993.5,5.70294100202214,"price.fuel.mod","tariffs","max",0.649131295937703,2.80837868563889,0.925675909,16.0160179555351
"Small",0.016990606797408,"pricetariffs_fuelmax",1994,24.7190267735338,"price.fuel.mod","tariffs","max",21.9947786917798,3.00582662053682,0.900017334,74.3011087096501
"Small",0.016990606797408,"pricetariffs_fuelmax",1994.5,3.63340718201755,"price.fuel.mod","tariffs","max",1.36367695496224,3.87707147498693,0.879442785,14.0869793424129
"Small",0.016990606797408,"pricetariffs_fuelmax",1995,28.7536075084638,"price.fuel.mod","tariffs","max",34.102267260659,2.974202323365,0.867027844,85.5190462567984
"Small",0.016990606797408,"pricetariffs_fuelmax",1995.5,4.62208016035476,"price.fuel.mod","tariffs","max",0.735616089227739,3.19859578961608,0.92666276,14.7841661401787
"Small",0.016990606797408,"pricetariffs_fuelmax",1996,17.0389034621952,"price.fuel.mod","tariffs","max",33.1773985935543,2.50019980592919,0.990501339,42.6006631294266
"Small",0.016990606797408,"pricetariffs_fuelmax",1996.5,3.15382116732046,"price.fuel.mod","tariffs","max",0.716812406096025,3.16326652401382,1.235234785,9.97637692131101
"Small",0.016990606797408,"pricetariffs_fuelmax",1997,16.6201184022468,"price.fuel.mod","tariffs","max",29.4775886362047,3.20074806344115,0.933448325,53.1968117901542
"Small",0.016990606797408,"pricetariffs_fuelmax",1997.5,4.70685088460209,"price.fuel.mod","tariffs","max",1.69100390344393,3.17160491541806,0.938670805,14.9282714017438
"Small",0.016990606797408,"pricetariffs_fuelmax",1998,39.8178823563558,"price.fuel.mod","tariffs","max",34.4104421044754,2.32616054446169,0.640660448,92.622786901372
"Small",0.016990606797408,"pricetariffs_fuelmax",1998.5,4.02765375990267,"price.fuel.mod","tariffs","max",2.05210174026596,2.56029739710157,0.622172867,10.3119914379052
"Small",0.016990606797408,"pricetariffs_fuelmax",1999,32.6134710423104,"price.fuel.mod","tariffs","max",38.4741550182192,2.39087042848093,0.804286601,77.9745834851791
"Small",0.016990606797408,"pricetariffs_fuelmax",1999.5,7.34105698362153,"price.fuel.mod","tariffs","max",2.23520985136123,3.15007512047249,1.050467788,23.124880962077
"Small",0.016990606797408,"pricetariffs_fuelmax",2000,28.5136807941917,"price.fuel.mod","tariffs","max",37.0846168064626,3.42056965332977,1.327541825,97.5330312293439
"Small",0.016990606797408,"pricetariffs_fuelmax",2000.5,3.73610614040668,"price.fuel.mod","tariffs","max",1.12931721350037,3.50211131063933,1.612986692,13.0842595720673
"Small",0.016990606797408,"pricetariffs_fuelmax",2001,12.7037455022581,"price.fuel.mod","tariffs","max",38.9592104154854,3.17152612550219,1.194280761,40.2902607521424
"Small",0.016990606797408,"pricetariffs_fuelmax",2001.5,4.55397157179257,"price.fuel.mod","tariffs","max",0.95305989767346,2.72647203944922,0.975859995,12.416276158939
"Small",0.016990606797408,"pricetariffs_fuelmax",2002,22.4343400748566,"price.fuel.mod","tariffs","max",32.8442587186268,2.43724646261169,1.070930495,54.678015988472
"Small",0.016990606797408,"pricetariffs_fuelmax",2002.5,5.48568230839342,"price.fuel.mod","tariffs","max",1.87019646901045,2.48644434759047,1.216097682,13.6398437683818
"Small",0.016990606797408,"pricetariffs_fuelmax",2003,48.5623415081451,"price.fuel.mod","tariffs","max",39.9101605584912,1.87960607049409,1.210301841,91.2780718961168
"Small",0.016990606797408,"pricetariffs_fuelmax",2003.5,2.60262514573763,"price.fuel.mod","tariffs","max",1.08131262915648,1.64775643949941,1.269159913,4.28849234349227
"Small",0.016990606797408,"pricetariffs_fuelmax",2004,16.0096258265811,"price.fuel.mod","tariffs","max",37.7506649665029,1.49426390224892,1.620877333,23.9226059611721
"Small",0.016990606797408,"pricetariffs_fuelmax",2004.5,2.63591123083775,"price.fuel.mod","tariffs","max",0.542971426348707,1.95329414520825,2.02849139,5.14870997448404
"Small",0.016990606797408,"pricetariffs_fuelmax",2005,8.38963354477427,"price.fuel.mod","tariffs","max",25.5567941818433,2.276876512803,2.382254002,19.1021595691207
"Small",0.016990606797408,"pricetariffs_fuelmax",2005.5,3.98797224216047,"price.fuel.mod","tariffs","max",1.92148772697992,2.32541849460168,2.636138142,9.27370440787809
"Small",0.016990606797408,"pricetariffs_fuelmax",2006,20.7297319353103,"price.fuel.mod","tariffs","max",29.3820294770415,1.64328250817206,2.787784045,34.0648058883913
"Small",0.016990606797408,"pricetariffs_fuelmax",2006.5,4.59297066432427,"price.fuel.mod","tariffs","max",0.304521701423559,1.71856753817881,2.365521844,7.89333028751523
"Small",0.016990606797408,"pricetariffs_fuelmax",2007,12.5553433506235,"price.fuel.mod","tariffs","max",27.6217543664749,1.89961137600456,2.755746336,23.8502730584876
"Small",0.016990606797408,"pricetariffs_fuelmax",2007.5,1.33270487173307,"price.fuel.mod","tariffs","max",0.465516613623862,1.90748378576943,3.320424497,2.54211293404676
"Small",0.016990606797408,"pricetariffs_fuelmax",2008,5.28524230597744,"price.fuel.mod","tariffs","max",17.7659276919536,1.84321551806618,4.889983343,9.7418406351175
"Small",0.016990606797408,"pricetariffs_fuelmax",2008.5,4.70922035907056,"price.fuel.mod","tariffs","max",0.817461976283013,1.81599198296602,2.844336426,8.55190641809248
"Small",0.016990606797408,"pricetariffs_fuelmax",2009,17.979744110761,"price.fuel.mod","tariffs","max",18.8947247584991,1.47843200217586,2.278682818,26.581829084282
"Small",0.016990606797408,"pricetariffs_fuelmax",2009.5,2.28293010983765,"price.fuel.mod","tariffs","max",0.414448546792974,1.74489870397938,2.572136375,3.98348178993123
"Small",0.016990606797408,"pricetariffs_fuelmax",2010,10.2851345619027,"price.fuel.mod","tariffs","max",10.3898713043782,2.40726345236337,2.70288658,24.7590285335078
"Small",0.016990606797408,"pricetariffs_fuelmax",2010.5,0.753716117605967,"price.fuel.mod","tariffs","max",1.58086469169156,1.8721768967639,3.033457857,1.41108990210048
"Small",0.016990606797408,"pricetariffs_fuelmax",2011,8.18772595541504,"price.fuel.mod","tariffs","max",24.250876531461,1.46960221213565,3.91117392,12.0327001764384
"Small",0.016990606797408,"pricetariffs_fuelmax",2011.5,0.715900385777472,"price.fuel.mod","tariffs","max",1.02000463321805,2.11229011307718,3.857637569,1.5121893068259
"Small",0.016990606797408,"pricetariffs_fuelmax",2012,8.78661668211595,"price.fuel.mod","tariffs","max",14.9581501376982,2.01235528403434,3.670647018,17.6817945090403
"Small",0.016990606797408,"pricetariffs_fuelmax",2012.5,0.634382261630834,"price.fuel.mod","tariffs","max",1.06246201400765,1.95729714018241,3.926350999,1.24167458647248
"Small",0.016990606797408,"pricetariffs_fuelmax",2013,8.52158969134006,"price.fuel.mod","tariffs","max",23.121954254089,2.08313110442743,3.59356354,17.7515885451986
"Small",0.016990606797408,"pricetariffs_fuelmax",2013.5,0.80354423404111,"price.fuel.mod","tariffs","max",1.11985873291099,3.47567759827312,3.730174711,2.79286069347822
"Small",0.016990606797408,"pricetariffs_fuelmax",2014,5.08384536835863,"price.fuel.mod","tariffs","max",25.8305466848948,3.59725315728399,3.505636196,18.2878788024717
"Small",0.016990606797408,"pricetariffs_fuelmax",2014.5,2.38240519341649,"price.fuel.mod","tariffs","max",1.43466762510486,2.30597696796899,2.841017708,5.49377150438813
"Small",0.016990606797408,"pricetariffs_fuelmax",2015,23.7255383646818,"price.fuel.mod","tariffs","max",17.7198833877751,1.60367976611785,2.014201659,38.0481658156931
"Small",0.016990606797408,"pricetariffs_fuelmax",2015.5,4.51976358059737,"price.fuel.mod","tariffs","max",0.893230523631532,1.74925517610095,1.59375734,7.90621983811253
"Small",0.016990606797408,"pricetariffs_fuelmax",2016,14.2959342187336,"price.fuel.mod","tariffs","max",13.7848418529771,1.36349750789189,1.64619339,19.4924706802296
"Small",0.016990606797408,"pricetariffs_fuelmax",2016.5,2.35587317854296,"price.fuel.mod","tariffs","max",2.07950199163093,2.21804534012833,1.755500592,5.22543352560052
"Small",0.016990606797408,"pricetariffs_fuelmax",2017,16.5151099488061,"price.fuel.mod","tariffs","max",16.1131159758896,1.54110611853533,1.721349829,25.4515369903887
"Small",0.016990606797408,"pricetariffs_fuelmax",2017.5,4.17443452801571,"price.fuel.mod","tariffs","max",2.88503781328209,1.90789517166,2.115492451,7.96438348041196
"Small",0.016990606797408,"pricetariffs_fuelmax",2018,8.59259116314626,"price.fuel.mod","tariffs","max",24.659261960846,1.44488280433977,2.502609693,12.4152872163519
"Small",0.016990606797408,"pricetariffs_fuelmax",2018.5,3.21258314899257,"price.fuel.mod","tariffs","max",0.766913261974894,1.54754568558391,2.434931942,4.97161919180302
"Small",0.016990606797408,"pricetariffs_fuelmax",2019,20.7978156247289,"price.fuel.mod","tariffs","max",12.1964944971997,1.60329405331422,2.166705119,33.3450141130535
"Small",0.016990606797408,"pricetariffs_fuelmax",2019.5,3.24676204636475,"price.fuel.mod","tariffs","max",0.49134503743693,1.84553430067428,2.217115677,5.99201072269357
"Small",0.016990606797408,"pricetariffs_fuelmax",2020,46.1233607871519,"price.fuel.mod","tariffs","max",8.45437092584065,1.74321307533248,1.223776883,80.4028456024407
"Small",0.016990606797408,"pricetariffs_fuelmax",2020.5,6.18288786912017,"price.fuel.mod","tariffs","max",0.365339397994311,1.99966936626942,1.326079845,12.3637314669585
"Small",0.016990606797408,"pricetariffs_fuelmax",2021,39.7868224520135,"price.fuel.mod","tariffs","max",10.9727795586288,2.19867920946227,2.064034533,87.4784593358086
"Small",0.016990606797408,"pricetariffs_fuelmax",2021.5,3.02972604192832,"price.fuel.mod","tariffs","max",0.63159289139346,1.95371255603988,2.34283939,5.91921380947637
"Small",0.016990606797408,"pricetariffs_fuelmax",2022,7.73812243170845,"price.fuel.mod","tariffs","max",7.02551689200128,1.20079679537534,3.992053255,9.29191261821754
"Small",0.016990606797408,"pricetariffs_fuelmax",2022.5,2.14698323252443,"price.fuel.mod","tariffs","max",0.425794667042911,1.33949152023172,3.5445,2.87586583404616
"Small",0.016990606797408,"pricetariffs_fuelmax",2023,3.96014464460419,"price.fuel.mod","tariffs","max",NA,2.17407552556482,4,8.60965354953054
"Small",0.016990606797408,"pricetariffs_fuelmax",2023.5,1.9302715294681,"price.fuel.mod","tariffs","max",NA,2.17407552556482,4,4.19655608991115
"Small",0.016990606797408,"pricetariffs_fuelmax",2024,7.18060457180713,"price.fuel.mod","tariffs","max",NA,2.17407552556482,4,15.6111766583247
"Small",0.016990606797408,"pricetariffs_fuelmax",2024.5,1.22896306482404,"price.fuel.mod","tariffs","max",NA,2.17407552556482,4,2.67185852105707
"Small",0.016990606797408,"pricetariffs_fuelmax",2025,7.36091833857882,"price.fuel.mod","tariffs","max",NA,2.17407552556482,4,16.0031924055855
"Small",0.016990606797408,"pricetariffs_fuelmax",2025.5,0.985017787351825,"price.fuel.mod","tariffs","max",NA,2.17407552556482,4,2.14150306372761
"Small",0.016990606797408,"pricetariffs_fuelmax",2026,8.22768785908433,"price.fuel.mod","tariffs","max",NA,2.17407552556482,4,17.887614806422
"Small",0.016990606797408,"pricetariffs_fuelmax",2026.5,1.36410262920774,"price.fuel.mod","tariffs","max",NA,2.17407552556482,4,2.96566214051915
"Small",0.016990606797408,"pricetariffs_fuelmax",2027,9.09725126422069,"price.fuel.mod","tariffs","max",NA,2.17407552556482,4,19.7781113234558
"Large",0.153970465282919,"pricelabel.premium_fuelmax",1987,5.37542376888951,"price.fuel.mod","label.premium","max",6.71737977735683,12.5899917441796,1.193864043,67.6765408717856
"Large",0.153970465282919,"pricelabel.premium_fuelmax",1987.5,6.26413715932755,"price.fuel.mod","label.premium","max",10.622314411265,12.0793895597091,1.218517776,75.6669530029669
"Large",0.153970465282919,"pricelabel.premium_fuelmax",1988,2.65787682022248,"price.fuel.mod","label.premium","max",8.57325287037129,12.6057295038419,0.992170369,33.5044762502561
"Large",0.153970465282919,"pricelabel.premium_fuelmax",1988.5,8.15074675368682,"price.fuel.mod","label.premium","max",10.8087014478752,12.5584041151657,0.95042966,102.360371573174
"Large",0.153970465282919,"pricelabel.premium_fuelmax",1989,13.0134055141867,"price.fuel.mod","label.premium","max",8.31618564404666,10.1603157047673,1.040677249,132.220308418297
"Large",0.153970465282919,"pricelabel.premium_fuelmax",1989.5,9.45511619314545,"price.fuel.mod","label.premium","max",13.0119615266943,8.85794163390862,1.319286796,83.7528673807066
"Large",0.153970465282919,"pricelabel.premium_fuelmax",1990,7.17986244777725,"price.fuel.mod","label.premium","max",10.4664894841967,8.57265311491896,1.165362175,61.5504701776273
"Large",0.153970465282919,"pricelabel.premium_fuelmax",1990.5,7.88615086783963,"price.fuel.mod","label.premium","max",12.3173138400001,10.121152066617,1.749252381,79.8169321536887
"Large",0.153970465282919,"pricelabel.premium_fuelmax",1991,17.4064597169755,"price.fuel.mod","label.premium","max",10.6108380057583,9.45743851223052,1.109832663,164.620522488914
"Large",0.153970465282919,"pricelabel.premium_fuelmax",1991.5,10.6322178974377,"price.fuel.mod","label.premium","max",12.4879838019052,8.90923640938927,1.186270087,94.7249428044119
"Large",0.153970465282919,"pricelabel.premium_fuelmax",1992,5.97765522234903,"price.fuel.mod","label.premium","max",4.36900738448302,9.78433680553042,1.136504152,58.4873920028007
"Large",0.153970465282919,"pricelabel.premium_fuelmax",1992.5,9.32278461450246,"price.fuel.mod","label.premium","max",12.1414743179632,9.61389512435446,1.119827889,89.628273550772
"Large",0.153970465282919,"pricelabel.premium_fuelmax",1993,4.27003854406339,"price.fuel.mod","label.premium","max",3.71286139165064,9.68624084782594,0.970890649,41.360621767298
"Large",0.153970465282919,"pricelabel.premium_fuelmax",1993.5,6.28028305462361,"price.fuel.mod","label.premium","max",9.6599860067035,9.72021935763151,0.925675909,61.0457289189576
"Large",0.153970465282919,"pricelabel.premium_fuelmax",1994,7.93146522942181,"price.fuel.mod","label.premium","max",5.51132667262915,10.8613688089981,0.900017334,86.1465690524952
"Large",0.153970465282919,"pricelabel.premium_fuelmax",1994.5,10.5220834343964,"price.fuel.mod","label.premium","max",11.8112138407078,10.7633585365074,0.879442785,113.252956555454
"Large",0.153970465282919,"pricelabel.premium_fuelmax",1995,10.0269293104296,"price.fuel.mod","label.premium","max",6.21391252952628,10.7890232405838,0.867027844,108.180773361917
"Large",0.153970465282919,"pricelabel.premium_fuelmax",1995.5,11.1595797370325,"price.fuel.mod","label.premium","max",11.1939421930543,9.62593281197826,0.92666276,107.421364758589
"Large",0.153970465282919,"pricelabel.premium_fuelmax",1996,4.58253783737548,"price.fuel.mod","label.premium","max",4.69273193485784,10.3436601282369,0.990501339,47.4002139145976
"Large",0.153970465282919,"pricelabel.premium_fuelmax",1996.5,7.09674340765516,"price.fuel.mod","label.premium","max",10.9515132054804,10.4387237810633,1.235234785,74.0809441775942
"Large",0.153970465282919,"pricelabel.premium_fuelmax",1997,4.54370661792861,"price.fuel.mod","label.premium","max",3.43510362636754,11.5771198057125,0.933448325,52.6030358777684
"Large",0.153970465282919,"pricelabel.premium_fuelmax",1997.5,8.73187356309806,"price.fuel.mod","label.premium","max",9.04681397446952,11.3781664584964,0.938670805,99.3527108954737
"Large",0.153970465282919,"pricelabel.premium_fuelmax",1998,5.58296406208453,"price.fuel.mod","label.premium","max",4.24075938686746,10.7769406001589,0.640660448,60.167272069907
"Large",0.153970465282919,"pricelabel.premium_fuelmax",1998.5,9.71903166275535,"price.fuel.mod","label.premium","max",12.0293003674683,9.51226679526253,0.622172867,92.4500221677329
"Large",0.153970465282919,"pricelabel.premium_fuelmax",1999,8.78414542346186,"price.fuel.mod","label.premium","max",6.26837397930924,10.3714508913732,0.804286601,91.1043328821157
"Large",0.153970465282919,"pricelabel.premium_fuelmax",1999.5,9.05061664424378,"price.fuel.mod","label.premium","max",9.94572173827841,10.6330528005955,1.050467788,96.2356846561922
"Large",0.153970465282919,"pricelabel.premium_fuelmax",2000,12.168715429895,"price.fuel.mod","label.premium","max",9.60103636139893,10.7508888167683,1.327541825,130.824506629694
"Large",0.153970465282919,"pricelabel.premium_fuelmax",2000.5,10.3147129121958,"price.fuel.mod","label.premium","max",12.330422287742,9.34581671991077,1.612986692,96.3994163958789
"Large",0.153970465282919,"pricelabel.premium_fuelmax",2001,9.24977991510604,"price.fuel.mod","label.premium","max",7.91172740953807,9.69680841162668,1.194280761,89.6933436864958
"Large",0.153970465282919,"pricelabel.premium_fuelmax",2001.5,7.54250673054405,"price.fuel.mod","label.premium","max",9.53611922083641,8.24439553464669,0.975859995,62.1834088093399
"Large",0.153970465282919,"pricelabel.premium_fuelmax",2002,6.33880904295416,"price.fuel.mod","label.premium","max",5.90490467986567,7.03546425864735,1.070930495,44.5964644640947
"Large",0.153970465282919,"pricelabel.premium_fuelmax",2002.5,6.58208886146631,"price.fuel.mod","label.premium","max",8.21494371689397,7.15032103828286,1.216097682,47.0640484619898
"Large",0.153970465282919,"pricelabel.premium_fuelmax",2003,7.07648969967173,"price.fuel.mod","label.premium","max",5.88659270493106,6.83775934994511,1.210301841,48.3873336087207
"Large",0.153970465282919,"pricelabel.premium_fuelmax",2003.5,8.61205292955769,"price.fuel.mod","label.premium","max",9.7458138599594,6.03783529573531,1.269159913,51.9981571468241
"Large",0.153970465282919,"pricelabel.premium_fuelmax",2004,13.9126331690354,"price.fuel.mod","label.premium","max",6.97115490146669,6.51352108495447,1.620877333,90.6202294937492
"Large",0.153970465282919,"pricelabel.premium_fuelmax",2004.5,9.15361279753341,"price.fuel.mod","label.premium","max",10.0288422319289,6.56657427628878,2.02849139,60.1078783313907
"Large",0.153970465282919,"pricelabel.premium_fuelmax",2005,4.64616903864719,"price.fuel.mod","label.premium","max",5.57953019668072,6.02719887276295,2.382254002,28.0033847924005
"Large",0.153970465282919,"pricelabel.premium_fuelmax",2005.5,7.07130337511595,"price.fuel.mod","label.premium","max",10.0812503959341,5.6234149093112,2.636138142,39.7648728278896
"Large",0.153970465282919,"pricelabel.premium_fuelmax",2006,8.71940942021577,"price.fuel.mod","label.premium","max",9.32814760671619,4.72089382927121,2.787784045,41.1634061267859
"Large",0.153970465282919,"pricelabel.premium_fuelmax",2006.5,6.84934689025661,"price.fuel.mod","label.premium","max",19.3733736458873,4.22533641185959,2.365521844,28.9407948128585
"Large",0.153970465282919,"pricelabel.premium_fuelmax",2007,7.0796881835825,"price.fuel.mod","label.premium","max",8.93251755415469,5.4674366499906,2.755746336,38.7077466454244
"Large",0.153970465282919,"pricelabel.premium_fuelmax",2007.5,8.94784450255713,"price.fuel.mod","label.premium","max",11.9723465627928,5.86706497636183,3.320424497,52.4975850948847
"Large",0.153970465282919,"pricelabel.premium_fuelmax",2008,7.21652559899077,"price.fuel.mod","label.premium","max",6.8632023388661,6.87395329195337,4.889983343,49.6060598976483
"Large",0.153970465282919,"pricelabel.premium_fuelmax",2008.5,10.6410019637121,"price.fuel.mod","label.premium","max",12.9867202704612,4.910949850942,2.844336426,52.2574270075657
"Large",0.153970465282919,"pricelabel.premium_fuelmax",2009,2.28212544244915,"price.fuel.mod","label.premium","max",11.3957385120874,3.4946185695594,2.278682818,7.97515794924676
"Large",0.153970465282919,"pricelabel.premium_fuelmax",2009.5,7.97783950060318,"price.fuel.mod","label.premium","max",20.1822701677183,3.95084796176061,2.572136375,31.5192309302114
"Large",0.153970465282919,"pricelabel.premium_fuelmax",2010,32.9756449667265,"price.fuel.mod","label.premium","max",4.93689076135254,6.8935907213382,2.70288658,227.320600172769
"Large",0.153970465282919,"pricelabel.premium_fuelmax",2010.5,30.8204377813916,"price.fuel.mod","label.premium","max",11.8949437102665,6.08552889172307,3.033457857,187.558664574212
"Large",0.153970465282919,"pricelabel.premium_fuelmax",2011,25.5693977207293,"price.fuel.mod","label.premium","max",7.43116987306931,6.42924813142202,3.91117392,164.392002517585
"Large",0.153970465282919,"pricelabel.premium_fuelmax",2011.5,23.537915099518,"price.fuel.mod","label.premium","max",15.2124204306267,6.12657011782144,3.857637569,144.206687284525
"Large",0.153970465282919,"pricelabel.premium_fuelmax",2012,13.5368738040848,"price.fuel.mod","label.premium","max",8.20944256638802,5.37802611663949,3.670647018,72.8016608560212
"Large",0.153970465282919,"pricelabel.premium_fuelmax",2012.5,12.7470567775555,"price.fuel.mod","label.premium","max",12.7487994935888,5.26996060725231,3.926350999,67.1764870761259
"Large",0.153970465282919,"pricelabel.premium_fuelmax",2013,15.454028675404,"price.fuel.mod","label.premium","max",8.12879485408897,7.29940876517483,3.59356354,112.805272370507
"Large",0.153970465282919,"pricelabel.premium_fuelmax",2013.5,20.5189211531366,"price.fuel.mod","label.premium","max",12.1287990775526,8.36406624719241,3.730174711,171.621615845752
"Large",0.153970465282919,"pricelabel.premium_fuelmax",2014,8.95226849401108,"price.fuel.mod","label.premium","max",4.83811460324899,9.26869378396509,3.505636196,82.9758353428271
"Large",0.153970465282919,"pricelabel.premium_fuelmax",2014.5,25.2231454861815,"price.fuel.mod","label.premium","max",13.2014758885329,7.64784836022419,2.841017708,192.90279184619
"Large",0.153970465282919,"pricelabel.premium_fuelmax",2015,6.05948419889366,"price.fuel.mod","label.premium","max",11.9161098619624,4.35779288507159,2.014201659,26.4059771291425
"Large",0.153970465282919,"pricelabel.premium_fuelmax",2015.5,15.1309714539705,"price.fuel.mod","label.premium","max",12.4991106317133,4.55318414231323,1.59375734,68.8940992820127
"Large",0.153970465282919,"pricelabel.premium_fuelmax",2016,11.9608213583819,"price.fuel.mod","label.premium","max",9.63632679089192,4.88277904371158,1.64619339,58.4020478742851
"Large",0.153970465282919,"pricelabel.premium_fuelmax",2016.5,16.5987943166205,"price.fuel.mod","label.premium","max",9.76216658287913,6.21792739900937,1.755500592,103.210097971835
"Large",0.153970465282919,"pricelabel.premium_fuelmax",2017,8.54951933992999,"price.fuel.mod","label.premium","max",9.02808762228676,4.92061824876707,1.721349829,42.0689208822465
"Large",0.153970465282919,"pricelabel.premium_fuelmax",2017.5,10.9667803741238,"price.fuel.mod","label.premium","max",9.08662344104663,5.10145524158574,2.115492451,55.9465392228937
"Large",0.153970465282919,"pricelabel.premium_fuelmax",2018,6.59240588011919,"price.fuel.mod","label.premium","max",10.2255227834163,4.71837605093946,2.502609693,31.1054500228268
"Large",0.153970465282919,"pricelabel.premium_fuelmax",2018.5,11.486619833874,"price.fuel.mod","label.premium","max",12.0208463089032,5.01855298773329,2.434931942,57.6462102862448
"Large",0.153970465282919,"pricelabel.premium_fuelmax",2019,5.46389989185006,"price.fuel.mod","label.premium","max",6.49742860601407,4.88494408016038,2.166705119,26.6908454312819
"Large",0.153970465282919,"pricelabel.premium_fuelmax",2019.5,9.12293392269843,"price.fuel.mod","label.premium","max",8.12546140575837,5.17750496313892,2.217115677,47.2340356631596
"Large",0.153970465282919,"pricelabel.premium_fuelmax",2020,9.52477947537156,"price.fuel.mod","label.premium","max",6.99253856614546,4.68046753159861,1.223776883,44.5804210801135
"Large",0.153970465282919,"pricelabel.premium_fuelmax",2020.5,18.77433405639,"price.fuel.mod","label.premium","max",8.32614451400999,5.40555837390546,1.326079845,101.485758673017
"Large",0.153970465282919,"pricelabel.premium_fuelmax",2021,17.0195093445105,"price.fuel.mod","label.premium","max",4.15856313937567,6.22144464823613,2.064034533,105.88593532701
"Large",0.153970465282919,"pricelabel.premium_fuelmax",2021.5,15.3668926180311,"price.fuel.mod","label.premium","max",5.87361341229464,6.47320276956418,2.34283939,99.4730118546345
"Large",0.153970465282919,"pricelabel.premium_fuelmax",2022,6.57805714616534,"price.fuel.mod","label.premium","max",4.33617367568456,4.29638469636797,3.992053255,28.2618640546187
"Large",0.153970465282919,"pricelabel.premium_fuelmax",2022.5,0.289190169552395,"price.fuel.mod","label.premium","max",5.27214346715716,3.49424942020108,3.5445,1.01050258228631
"Large",0.153970465282919,"pricelabel.premium_fuelmax",2023,20.0963513221852,"price.fuel.mod","label.premium","max",NA,7.64282685996836,4,153.592933672558
"Large",0.153970465282919,"pricelabel.premium_fuelmax",2023.5,13.0774778978514,"price.fuel.mod","label.premium","max",NA,7.64282685996836,4,99.9488993383416
"Large",0.153970465282919,"pricelabel.premium_fuelmax",2024,17.9667060728651,"price.fuel.mod","label.premium","max",NA,7.64282685996836,4,137.31642375885
"Large",0.153970465282919,"pricelabel.premium_fuelmax",2024.5,13.6000064277699,"price.fuel.mod","label.premium","max",NA,7.64282685996836,4,103.942494421902
"Large",0.153970465282919,"pricelabel.premium_fuelmax",2025,18.9604365951068,"price.fuel.mod","label.premium","max",NA,7.64282685996836,4,144.911334085809
"Large",0.153970465282919,"pricelabel.premium_fuelmax",2025.5,14.6422705613636,"price.fuel.mod","label.premium","max",NA,7.64282685996836,4,111.908338737314
"Large",0.153970465282919,"pricelabel.premium_fuelmax",2026,18.6080991457073,"price.fuel.mod","label.premium","max",NA,7.64282685996836,4,142.218479963766
"Large",0.153970465282919,"pricelabel.premium_fuelmax",2026.5,14.8579979395057,"price.fuel.mod","label.premium","max",NA,7.64282685996836,4,113.557105737409
"Large",0.153970465282919,"pricelabel.premium_fuelmax",2027,18.3777433256336,"price.fuel.mod","label.premium","max",NA,7.64282685996836,4,140.457910314757
"Medium",0.041119899093642,"pricelabel.premium_fuelmax",1987,16.77118699456,"price.fuel.mod","label.premium","max",32.7194132783767,6.08983897957365,1.193864043,102.13382829319
"Medium",0.041119899093642,"pricelabel.premium_fuelmax",1987.5,6.43334377614751,"price.fuel.mod","label.premium","max",7.64637899895229,6.22272095995808,1.218517776,40.032903158449
"Medium",0.041119899093642,"pricelabel.premium_fuelmax",1988,10.8379343764981,"price.fuel.mod","label.premium","max",32.816615646671,5.28614926542636,0.992170369,57.2909388430643
"Medium",0.041119899093642,"pricelabel.premium_fuelmax",1988.5,4.56746626149539,"price.fuel.mod","label.premium","max",5.51691034329667,5.92203308328633,0.95042966,27.0486863073698
"Medium",0.041119899093642,"pricelabel.premium_fuelmax",1989,48.9599422786893,"price.fuel.mod","label.premium","max",36.5678534777813,5.11980548744016,1.040677249,250.665381143187
"Medium",0.041119899093642,"pricelabel.premium_fuelmax",1989.5,9.83460324865674,"price.fuel.mod","label.premium","max",9.12915061718908,5.89339168953183,1.319286796,57.9591690554764
"Medium",0.041119899093642,"pricelabel.premium_fuelmax",1990,31.6653088566793,"price.fuel.mod","label.premium","max",35.6475771015084,4.69183072247511,1.165362175,148.568268930431
"Medium",0.041119899093642,"pricelabel.premium_fuelmax",1990.5,8.16709149773667,"price.fuel.mod","label.premium","max",8.40505368169431,5.87198459467529,1.749252381,47.9570354580133
"Medium",0.041119899093642,"pricelabel.premium_fuelmax",1991,42.3969264921548,"price.fuel.mod","label.premium","max",27.3423279699856,5.29812880233018,1.109832663,224.624377378361
"Medium",0.041119899093642,"pricelabel.premium_fuelmax",1991.5,12.0111234011054,"price.fuel.mod","label.premium","max",6.60304838164396,5.66122882462061,1.186270087,67.9977180144128
"Medium",0.041119899093642,"pricelabel.premium_fuelmax",1992,14.0957432368974,"price.fuel.mod","label.premium","max",22.2825090419081,5.27007850286719,1.136504152,74.2856734147087
"Medium",0.041119899093642,"pricelabel.premium_fuelmax",1992.5,9.70977124251765,"price.fuel.mod","label.premium","max",8.04572442883319,5.34944559516089,1.119827889,51.9418930033059
"Medium",0.041119899093642,"pricelabel.premium_fuelmax",1993,9.87115731969945,"price.fuel.mod","label.premium","max",16.9236119526854,4.69304570072945,0.970890649,46.3257924204396
"Medium",0.041119899093642,"pricelabel.premium_fuelmax",1993.5,9.71182227076254,"price.fuel.mod","label.premium","max",6.56173810175156,5.6129027756598,0.925675909,54.5115141802777
"Medium",0.041119899093642,"pricelabel.premium_fuelmax",1994,28.6600193671097,"price.fuel.mod","label.premium","max",22.2137154211208,7.16914108424744,0.900017334,205.467722320073
"Medium",0.041119899093642,"pricelabel.premium_fuelmax",1994.5,11.7542725558221,"price.fuel.mod","label.premium","max",6.25221156996301,7.27604909512476,0.879442785,85.5246641936395
"Medium",0.041119899093642,"pricelabel.premium_fuelmax",1995,38.8205992327867,"price.fuel.mod","label.premium","max",20.030923425577,5.32227477000002,0.867027844,206.613895852943
"Medium",0.041119899093642,"pricelabel.premium_fuelmax",1995.5,15.2042508189004,"price.fuel.mod","label.premium","max",6.04923251875156,5.09212478044929,0.92666276,77.421942363089
"Medium",0.041119899093642,"pricelabel.premium_fuelmax",1996,9.5557309036492,"price.fuel.mod","label.premium","max",20.8366043824406,4.72257319055959,0.990501339,45.1276385817755
"Medium",0.041119899093642,"pricelabel.premium_fuelmax",1996.5,8.49640854128699,"price.fuel.mod","label.premium","max",6.16548682253209,5.66253041071969,1.235234785,48.1111717469361
"Medium",0.041119899093642,"pricelabel.premium_fuelmax",1997,9.60595422034296,"price.fuel.mod","label.premium","max",16.3328456637844,6.69271878623742,0.933448325,64.289950270226
"Medium",0.041119899093642,"pricelabel.premium_fuelmax",1997.5,12.0048869760248,"price.fuel.mod","label.premium","max",7.94680082880489,6.70282972128026,0.938670805,80.4667132235094
"Medium",0.041119899093642,"pricelabel.premium_fuelmax",1998,24.0802463555333,"price.fuel.mod","label.premium","max",24.0115004673135,4.55282361783213,0.640660448,109.633114330688
"Medium",0.041119899093642,"pricelabel.premium_fuelmax",1998.5,9.85708071931299,"price.fuel.mod","label.premium","max",7.21680260156809,4.56254309845653,0.622172867,44.9733556068304
"Medium",0.041119899093642,"pricelabel.premium_fuelmax",1999,30.8501905994638,"price.fuel.mod","label.premium","max",20.1063773758566,4.84198465538306,0.804286601,149.376149498247
"Medium",0.041119899093642,"pricelabel.premium_fuelmax",1999.5,9.93835210096371,"price.fuel.mod","label.premium","max",6.42932894524407,6.01017980396059,1.050467788,59.7312830818614
"Medium",0.041119899093642,"pricelabel.premium_fuelmax",2000,36.7988879989563,"price.fuel.mod","label.premium","max",28.1806030510016,6.33227130160756,1.327541825,233.020542406862
"Medium",0.041119899093642,"pricelabel.premium_fuelmax",2000.5,10.887787008839,"price.fuel.mod","label.premium","max",8.71077659307286,5.90087585057623,1.612986692,64.2474794266753
"Medium",0.041119899093642,"pricelabel.premium_fuelmax",2001,27.9149415972564,"price.fuel.mod","label.premium","max",28.3160763222633,4.47355045862035,1.194280761,124.878899784767
"Medium",0.041119899093642,"pricelabel.premium_fuelmax",2001.5,10.6642236584208,"price.fuel.mod","label.premium","max",5.47603106489692,4.42953362104376,0.975859995,47.2375372373054
"Medium",0.041119899093642,"pricelabel.premium_fuelmax",2002,23.6540968034033,"price.fuel.mod","label.premium","max",20.8191160581067,3.66198228125976,1.070930495,86.6208833732659
"Medium",0.041119899093642,"pricelabel.premium_fuelmax",2002.5,8.101106373518,"price.fuel.mod","label.premium","max",6.9024297187297,4.02193440093658,1.216097682,32.5821184092987
"Medium",0.041119899093642,"pricelabel.premium_fuelmax",2003,21.5393969588878,"price.fuel.mod","label.premium","max",22.7726223065002,3.41458224662662,1.210301841,73.5480424588619
"Medium",0.041119899093642,"pricelabel.premium_fuelmax",2003.5,5.86536360422995,"price.fuel.mod","label.premium","max",6.95872350472763,3.1173102683852,1.269159913,18.2841581912789
"Medium",0.041119899093642,"pricelabel.premium_fuelmax",2004,19.4658557470449,"price.fuel.mod","label.premium","max",16.488138917693,2.96352396392705,1.620877333,57.6875299847147
"Medium",0.041119899093642,"pricelabel.premium_fuelmax",2004.5,4.68915262934443,"price.fuel.mod","label.premium","max",5.41492897646919,3.2568059561738,2.02849139,15.271660212657
"Medium",0.041119899093642,"pricelabel.premium_fuelmax",2005,10.4947094333218,"price.fuel.mod","label.premium","max",12.5141930894517,3.40067473540805,2.382254002,35.6890932253459
"Medium",0.041119899093642,"pricelabel.premium_fuelmax",2005.5,4.42211949815867,"price.fuel.mod","label.premium","max",5.3781189264929,3.32928335785263,2.636138142,14.7224888516553
"Medium",0.041119899093642,"pricelabel.premium_fuelmax",2006,20.0935323545862,"price.fuel.mod","label.premium","max",21.8386311572776,2.58047613508342,2.787784045,51.8508807105362
"Medium",0.041119899093642,"pricelabel.premium_fuelmax",2006.5,3.84488231664203,"price.fuel.mod","label.premium","max",8.63501978553956,2.57368762405512,2.365521844,9.89552603428996
"Medium",0.041119899093642,"pricelabel.premium_fuelmax",2007,10.0358585021311,"price.fuel.mod","label.premium","max",17.8553156773805,2.78674750448948,2.755746336,27.9674036362235
"Medium",0.041119899093642,"pricelabel.premium_fuelmax",2007.5,3.32208417331655,"price.fuel.mod","label.premium","max",5.52115890238281,3.19323641553863,3.320424497,10.608200157719
"Medium",0.041119899093642,"pricelabel.premium_fuelmax",2008,8.56097506680424,"price.fuel.mod","label.premium","max",11.3577946496599,3.91862878927398,4.889983343,33.5472833610358
"Medium",0.041119899093642,"pricelabel.premium_fuelmax",2008.5,7.26499089533838,"price.fuel.mod","label.premium","max",5.08086533882322,3.33130130874346,2.844336426,24.2018736776501
"Medium",0.041119899093642,"pricelabel.premium_fuelmax",2009,13.2798274090951,"price.fuel.mod","label.premium","max",17.9668851781964,2.25868223125,2.278682818,29.9949102029897
"Medium",0.041119899093642,"pricelabel.premium_fuelmax",2009.5,4.55477593311164,"price.fuel.mod","label.premium","max",7.57574099599588,2.39828041246072,2.572136375,10.9236299035291
"Medium",0.041119899093642,"pricelabel.premium_fuelmax",2010,24.0466719274362,"price.fuel.mod","label.premium","max",8.04780714544663,3.03808440430528,2.70288658,73.0558189581895
"Medium",0.041119899093642,"pricelabel.premium_fuelmax",2010.5,6.40850913456549,"price.fuel.mod","label.premium","max",8.57478318074798,3.07854866749727,3.033457857,19.7289072568607
"Medium",0.041119899093642,"pricelabel.premium_fuelmax",2011,19.0967439396111,"price.fuel.mod","label.premium","max",17.8287157295084,3.21106661498974,3.91117392,61.320916919493
"Medium",0.041119899093642,"pricelabel.premium_fuelmax",2011.5,4.28057255131751,"price.fuel.mod","label.premium","max",8.37455860329747,3.77640735527577,3.857637569,16.165185667587
"Medium",0.041119899093642,"pricelabel.premium_fuelmax",2012,16.0504173037322,"price.fuel.mod","label.premium","max",18.6467153647801,3.43378376176959,3.670647018,55.1136623071814
"Medium",0.041119899093642,"pricelabel.premium_fuelmax",2012.5,6.10349292244328,"price.fuel.mod","label.premium","max",8.81451598006909,3.3867862695019,3.926350999,20.6712260257329
"Medium",0.041119899093642,"pricelabel.premium_fuelmax",2013,9.5961366699342,"price.fuel.mod","label.premium","max",14.5150058419753,4.06054672077294,3.59356354,38.9655612871903
"Medium",0.041119899093642,"pricelabel.premium_fuelmax",2013.5,7.44572346698803,"price.fuel.mod","label.premium","max",7.81621022101394,5.35909558500419,3.730174711,39.9023437590976
"Medium",0.041119899093642,"pricelabel.premium_fuelmax",2014,8.52392036543948,"price.fuel.mod","label.premium","max",14.588974377991,5.29777481788601,3.505636196,45.157810661691
"Medium",0.041119899093642,"pricelabel.premium_fuelmax",2014.5,11.1188338992483,"price.fuel.mod","label.premium","max",9.23671593064456,4.41155164281167,2.841017708,49.0513099543788
"Medium",0.041119899093642,"pricelabel.premium_fuelmax",2015,19.6602389208487,"price.fuel.mod","label.premium","max",13.2147941220035,2.81150774930967,2.014201659,55.2749140792457
"Medium",0.041119899093642,"pricelabel.premium_fuelmax",2015.5,11.2642742393268,"price.fuel.mod","label.premium","max",7.50525393689402,2.86759769693102,1.59375734,32.301406866293
"Medium",0.041119899093642,"pricelabel.premium_fuelmax",2016,17.2326486705567,"price.fuel.mod","label.premium","max",10.1808130369481,3.00596842461488,1.64619339,51.8007977761749
"Medium",0.041119899093642,"pricelabel.premium_fuelmax",2016.5,9.3515200638894,"price.fuel.mod","label.premium","max",5.39307169815739,4.18887393214666,1.755500592,39.1723386215728
"Medium",0.041119899093642,"pricelabel.premium_fuelmax",2017,22.2159721420294,"price.fuel.mod","label.premium","max",12.1331828553547,3.47942031582626,1.721349829,77.2987048068072
"Medium",0.041119899093642,"pricelabel.premium_fuelmax",2017.5,12.0405975560374,"price.fuel.mod","label.premium","max",7.54050854388687,3.79112272220055,2.115492451,45.6473829835658
"Medium",0.041119899093642,"pricelabel.premium_fuelmax",2018,16.5541786770455,"price.fuel.mod","label.premium","max",13.7781541536191,3.25380794124098,2.502609693,53.8641180400927
"Medium",0.041119899093642,"pricelabel.premium_fuelmax",2018.5,7.29313982312769,"price.fuel.mod","label.premium","max",8.66981088922993,3.45385243293675,2.434931942,25.1894287218574
"Medium",0.041119899093642,"pricelabel.premium_fuelmax",2019,10.8588347380403,"price.fuel.mod","label.premium","max",7.94919114053227,3.29851886703811,2.166705119,35.8180712574747
"Medium",0.041119899093642,"pricelabel.premium_fuelmax",2019.5,7.04455879740266,"price.fuel.mod","label.premium","max",5.45331074318056,3.39313131687167,2.217115677,23.9031130690108
"Medium",0.041119899093642,"pricelabel.premium_fuelmax",2020,31.3809430452237,"price.fuel.mod","label.premium","max",11.8094531922773,2.81936323656955,1.223776883,88.4742771505865
"Medium",0.041119899093642,"pricelabel.premium_fuelmax",2020.5,15.7565224117422,"price.fuel.mod","label.premium","max",5.0535056945109,2.97562041568792,1.326079845,46.8854297686243
"Medium",0.041119899093642,"pricelabel.premium_fuelmax",2021,44.3839987179348,"price.fuel.mod","label.premium","max",12.1371153888044,3.68191490636116,2.064034533,163.418106483479
"Medium",0.041119899093642,"pricelabel.premium_fuelmax",2021.5,13.5234945256423,"price.fuel.mod","label.premium","max",8.24615492050734,3.50734091870751,2.34283939,47.4315057137023
"Medium",0.041119899093642,"pricelabel.premium_fuelmax",2022,6.10830031022244,"price.fuel.mod","label.premium","max",7.9248694210156,2.4198801778206,3.992053255,14.7813548408827
"Medium",0.041119899093642,"pricelabel.premium_fuelmax",2022.5,0.0883295852047201,"price.fuel.mod","label.premium","max",5.88528355085481,1.95246160438392,3.5445,0.172460123643374
"Medium",0.041119899093642,"pricelabel.premium_fuelmax",2023,17.2129897547499,"price.fuel.mod","label.premium","max",NA,4.33914531488266,4,74.6896638494463
"Medium",0.041119899093642,"pricelabel.premium_fuelmax",2023.5,4.7204666308263,"price.fuel.mod","label.premium","max",NA,4.33914531488266,4,20.4827906652099
"Medium",0.041119899093642,"pricelabel.premium_fuelmax",2024,12.3521963892288,"price.fuel.mod","label.premium","max",NA,4.33914531488266,4,53.5979750908328
"Medium",0.041119899093642,"pricelabel.premium_fuelmax",2024.5,6.40780661470805,"price.fuel.mod","label.premium","max",NA,4.33914531488266,4,27.8044040508846
"Medium",0.041119899093642,"pricelabel.premium_fuelmax",2025,22.5425054761558,"price.fuel.mod","label.premium","max",NA,4.33914531488266,4,97.8152070225784
"Medium",0.041119899093642,"pricelabel.premium_fuelmax",2025.5,8.92180332656258,"price.fuel.mod","label.premium","max",NA,4.33914531488266,4,38.7130011047586
"Medium",0.041119899093642,"pricelabel.premium_fuelmax",2026,23.1376122708994,"price.fuel.mod","label.premium","max",NA,4.33914531488266,4,100.397461882845
"Medium",0.041119899093642,"pricelabel.premium_fuelmax",2026.5,9.01931693900064,"price.fuel.mod","label.premium","max",NA,4.33914531488266,4,39.1361268393065
"Medium",0.041119899093642,"pricelabel.premium_fuelmax",2027,22.3451617002776,"price.fuel.mod","label.premium","max",NA,4.33914531488266,4,96.958903702055
"Small",0.0152722299816523,"pricelabel.premium_fuelmax",1987,20.8135037500085,"price.fuel.mod","label.premium","max",33.1699600876773,3.46223983102226,1.193864043,72.0613417064108
"Small",0.0152722299816523,"pricelabel.premium_fuelmax",1987.5,2.54120121315483,"price.fuel.mod","label.premium","max",1.55534427195328,4.03600829559881,1.218517776,10.2563091770787
"Small",0.0152722299816523,"pricelabel.premium_fuelmax",1988,11.6315651134648,"price.fuel.mod","label.premium","max",23.8431624881257,2.83796100605314,0.992170369,33.0099282313811
"Small",0.0152722299816523,"pricelabel.premium_fuelmax",1988.5,1.80390188171304,"price.fuel.mod","label.premium","max",0.720080044745491,3.55275304925539,0.95042966,6.40881791081355
"Small",0.0152722299816523,"pricelabel.premium_fuelmax",1989,18.2940891156421,"price.fuel.mod","label.premium","max",28.7755001766216,2.51462103845419,1.040677249,46.0027013695495
"Small",0.0152722299816523,"pricelabel.premium_fuelmax",1989.5,2.2731327683833,"price.fuel.mod","label.premium","max",1.15542976955331,3.07473626443988,1.319286796,6.98928375683476
"Small",0.0152722299816523,"pricelabel.premium_fuelmax",1990,22.0223573639129,"price.fuel.mod","label.premium","max",40.4141643858711,2.31713756835269,1.165362175,51.028831591611
"Small",0.0152722299816523,"pricelabel.premium_fuelmax",1990.5,3.10412594096034,"price.fuel.mod","label.premium","max",0.71930936977849,3.31075264722307,1.749252381,10.2769931763482
"Small",0.0152722299816523,"pricelabel.premium_fuelmax",1991,31.2604263439201,"price.fuel.mod","label.premium","max",29.6999205320081,2.75220541657956,1.109832663,86.0351147083233
"Small",0.0152722299816523,"pricelabel.premium_fuelmax",1991.5,4.50753668962346,"price.fuel.mod","label.premium","max",1.45164641335001,3.33127362657706,1.186270087,15.0158380949711
"Small",0.0152722299816523,"pricelabel.premium_fuelmax",1992,9.58727414418958,"price.fuel.mod","label.premium","max",22.1974889327821,3.34190966430881,1.136504152,32.0398041168451
"Small",0.0152722299816523,"pricelabel.premium_fuelmax",1992.5,2.66299835043843,"price.fuel.mod","label.premium","max",1.90915308007694,3.40282759475462,1.119827889,9.06172427165792
"Small",0.0152722299816523,"pricelabel.premium_fuelmax",1993,10.7186072922499,"price.fuel.mod","label.premium","max",31.251177401142,2.55240244206907,0.970890649,27.358199428318
"Small",0.0152722299816523,"pricelabel.premium_fuelmax",1993.5,5.70294100202214,"price.fuel.mod","label.premium","max",0.649131295937703,2.80837868563889,0.925675909,16.0160179555351
"Small",0.0152722299816523,"pricelabel.premium_fuelmax",1994,24.7190267735338,"price.fuel.mod","label.premium","max",21.9947786917798,3.00582662053682,0.900017334,74.3011087096501
"Small",0.0152722299816523,"pricelabel.premium_fuelmax",1994.5,3.63340718201755,"price.fuel.mod","label.premium","max",1.36367695496224,3.87707147498693,0.879442785,14.0869793424129
"Small",0.0152722299816523,"pricelabel.premium_fuelmax",1995,28.7536075084638,"price.fuel.mod","label.premium","max",34.102267260659,2.974202323365,0.867027844,85.5190462567984
"Small",0.0152722299816523,"pricelabel.premium_fuelmax",1995.5,4.62208016035476,"price.fuel.mod","label.premium","max",0.735616089227739,3.19859578961608,0.92666276,14.7841661401787
"Small",0.0152722299816523,"pricelabel.premium_fuelmax",1996,17.0389034621952,"price.fuel.mod","label.premium","max",33.1773985935543,2.50019980592919,0.990501339,42.6006631294266
"Small",0.0152722299816523,"pricelabel.premium_fuelmax",1996.5,3.15382116732046,"price.fuel.mod","label.premium","max",0.716812406096025,3.16326652401382,1.235234785,9.97637692131101
"Small",0.0152722299816523,"pricelabel.premium_fuelmax",1997,16.6201184022468,"price.fuel.mod","label.premium","max",29.4775886362047,3.20074806344115,0.933448325,53.1968117901542
"Small",0.0152722299816523,"pricelabel.premium_fuelmax",1997.5,4.70685088460209,"price.fuel.mod","label.premium","max",1.69100390344393,3.17160491541806,0.938670805,14.9282714017438
"Small",0.0152722299816523,"pricelabel.premium_fuelmax",1998,39.8178823563558,"price.fuel.mod","label.premium","max",34.4104421044754,2.32616054446169,0.640660448,92.622786901372
"Small",0.0152722299816523,"pricelabel.premium_fuelmax",1998.5,4.02765375990267,"price.fuel.mod","label.premium","max",2.05210174026596,2.56029739710157,0.622172867,10.3119914379052
"Small",0.0152722299816523,"pricelabel.premium_fuelmax",1999,32.6134710423104,"price.fuel.mod","label.premium","max",38.4741550182192,2.39087042848093,0.804286601,77.9745834851791
"Small",0.0152722299816523,"pricelabel.premium_fuelmax",1999.5,7.34105698362153,"price.fuel.mod","label.premium","max",2.23520985136123,3.15007512047249,1.050467788,23.124880962077
"Small",0.0152722299816523,"pricelabel.premium_fuelmax",2000,28.5136807941917,"price.fuel.mod","label.premium","max",37.0846168064626,3.42056965332977,1.327541825,97.5330312293439
"Small",0.0152722299816523,"pricelabel.premium_fuelmax",2000.5,3.73610614040668,"price.fuel.mod","label.premium","max",1.12931721350037,3.50211131063933,1.612986692,13.0842595720673
"Small",0.0152722299816523,"pricelabel.premium_fuelmax",2001,12.7037455022581,"price.fuel.mod","label.premium","max",38.9592104154854,3.17152612550219,1.194280761,40.2902607521424
"Small",0.0152722299816523,"pricelabel.premium_fuelmax",2001.5,4.55397157179257,"price.fuel.mod","label.premium","max",0.95305989767346,2.72647203944922,0.975859995,12.416276158939
"Small",0.0152722299816523,"pricelabel.premium_fuelmax",2002,22.4343400748566,"price.fuel.mod","label.premium","max",32.8442587186268,2.43724646261169,1.070930495,54.678015988472
"Small",0.0152722299816523,"pricelabel.premium_fuelmax",2002.5,5.48568230839342,"price.fuel.mod","label.premium","max",1.87019646901045,2.48644434759047,1.216097682,13.6398437683818
"Small",0.0152722299816523,"pricelabel.premium_fuelmax",2003,48.5623415081451,"price.fuel.mod","label.premium","max",39.9101605584912,1.87960607049409,1.210301841,91.2780718961168
"Small",0.0152722299816523,"pricelabel.premium_fuelmax",2003.5,2.60262514573763,"price.fuel.mod","label.premium","max",1.08131262915648,1.64775643949941,1.269159913,4.28849234349227
"Small",0.0152722299816523,"pricelabel.premium_fuelmax",2004,16.0096258265811,"price.fuel.mod","label.premium","max",37.7506649665029,1.49426390224892,1.620877333,23.9226059611721
"Small",0.0152722299816523,"pricelabel.premium_fuelmax",2004.5,2.63591123083775,"price.fuel.mod","label.premium","max",0.542971426348707,1.95329414520825,2.02849139,5.14870997448404
"Small",0.0152722299816523,"pricelabel.premium_fuelmax",2005,8.38963354477427,"price.fuel.mod","label.premium","max",25.5567941818433,2.276876512803,2.382254002,19.1021595691207
"Small",0.0152722299816523,"pricelabel.premium_fuelmax",2005.5,3.98797224216047,"price.fuel.mod","label.premium","max",1.92148772697992,2.32541849460168,2.636138142,9.27370440787809
"Small",0.0152722299816523,"pricelabel.premium_fuelmax",2006,20.7297319353103,"price.fuel.mod","label.premium","max",29.3820294770415,1.64328250817206,2.787784045,34.0648058883913
"Small",0.0152722299816523,"pricelabel.premium_fuelmax",2006.5,4.59297066432427,"price.fuel.mod","label.premium","max",0.304521701423559,1.71856753817881,2.365521844,7.89333028751523
"Small",0.0152722299816523,"pricelabel.premium_fuelmax",2007,12.5553433506235,"price.fuel.mod","label.premium","max",27.6217543664749,1.89961137600456,2.755746336,23.8502730584876
"Small",0.0152722299816523,"pricelabel.premium_fuelmax",2007.5,1.33270487173307,"price.fuel.mod","label.premium","max",0.465516613623862,1.90748378576943,3.320424497,2.54211293404676
"Small",0.0152722299816523,"pricelabel.premium_fuelmax",2008,5.28524230597744,"price.fuel.mod","label.premium","max",17.7659276919536,1.84321551806618,4.889983343,9.7418406351175
"Small",0.0152722299816523,"pricelabel.premium_fuelmax",2008.5,4.70922035907056,"price.fuel.mod","label.premium","max",0.817461976283013,1.81599198296602,2.844336426,8.55190641809248
"Small",0.0152722299816523,"pricelabel.premium_fuelmax",2009,17.979744110761,"price.fuel.mod","label.premium","max",18.8947247584991,1.47843200217586,2.278682818,26.581829084282
"Small",0.0152722299816523,"pricelabel.premium_fuelmax",2009.5,2.28293010983765,"price.fuel.mod","label.premium","max",0.414448546792974,1.74489870397938,2.572136375,3.98348178993123
"Small",0.0152722299816523,"pricelabel.premium_fuelmax",2010,10.2851345619027,"price.fuel.mod","label.premium","max",10.3898713043782,2.40726345236337,2.70288658,24.7590285335078
"Small",0.0152722299816523,"pricelabel.premium_fuelmax",2010.5,0.753716117605967,"price.fuel.mod","label.premium","max",1.58086469169156,1.8721768967639,3.033457857,1.41108990210048
"Small",0.0152722299816523,"pricelabel.premium_fuelmax",2011,8.18772595541504,"price.fuel.mod","label.premium","max",24.250876531461,1.46960221213565,3.91117392,12.0327001764384
"Small",0.0152722299816523,"pricelabel.premium_fuelmax",2011.5,0.715900385777472,"price.fuel.mod","label.premium","max",1.02000463321805,2.11229011307718,3.857637569,1.5121893068259
"Small",0.0152722299816523,"pricelabel.premium_fuelmax",2012,8.78661668211595,"price.fuel.mod","label.premium","max",14.9581501376982,2.01235528403434,3.670647018,17.6817945090403
"Small",0.0152722299816523,"pricelabel.premium_fuelmax",2012.5,0.634382261630834,"price.fuel.mod","label.premium","max",1.06246201400765,1.95729714018241,3.926350999,1.24167458647248
"Small",0.0152722299816523,"pricelabel.premium_fuelmax",2013,8.52158969134006,"price.fuel.mod","label.premium","max",23.121954254089,2.08313110442743,3.59356354,17.7515885451986
"Small",0.0152722299816523,"pricelabel.premium_fuelmax",2013.5,0.80354423404111,"price.fuel.mod","label.premium","max",1.11985873291099,3.47567759827312,3.730174711,2.79286069347822
"Small",0.0152722299816523,"pricelabel.premium_fuelmax",2014,5.08384536835863,"price.fuel.mod","label.premium","max",25.8305466848948,3.59725315728399,3.505636196,18.2878788024717
"Small",0.0152722299816523,"pricelabel.premium_fuelmax",2014.5,2.38240519341649,"price.fuel.mod","label.premium","max",1.43466762510486,2.30597696796899,2.841017708,5.49377150438813
"Small",0.0152722299816523,"pricelabel.premium_fuelmax",2015,23.7255383646818,"price.fuel.mod","label.premium","max",17.7198833877751,1.60367976611785,2.014201659,38.0481658156931
"Small",0.0152722299816523,"pricelabel.premium_fuelmax",2015.5,4.51976358059737,"price.fuel.mod","label.premium","max",0.893230523631532,1.74925517610095,1.59375734,7.90621983811253
"Small",0.0152722299816523,"pricelabel.premium_fuelmax",2016,14.2959342187336,"price.fuel.mod","label.premium","max",13.7848418529771,1.36349750789189,1.64619339,19.4924706802296
"Small",0.0152722299816523,"pricelabel.premium_fuelmax",2016.5,2.35587317854296,"price.fuel.mod","label.premium","max",2.07950199163093,2.21804534012833,1.755500592,5.22543352560052
"Small",0.0152722299816523,"pricelabel.premium_fuelmax",2017,16.5151099488061,"price.fuel.mod","label.premium","max",16.1131159758896,1.54110611853533,1.721349829,25.4515369903887
"Small",0.0152722299816523,"pricelabel.premium_fuelmax",2017.5,4.17443452801571,"price.fuel.mod","label.premium","max",2.88503781328209,1.90789517166,2.115492451,7.96438348041196
"Small",0.0152722299816523,"pricelabel.premium_fuelmax",2018,8.59259116314626,"price.fuel.mod","label.premium","max",24.659261960846,1.44488280433977,2.502609693,12.4152872163519
"Small",0.0152722299816523,"pricelabel.premium_fuelmax",2018.5,3.21258314899257,"price.fuel.mod","label.premium","max",0.766913261974894,1.54754568558391,2.434931942,4.97161919180302
"Small",0.0152722299816523,"pricelabel.premium_fuelmax",2019,20.7978156247289,"price.fuel.mod","label.premium","max",12.1964944971997,1.60329405331422,2.166705119,33.3450141130535
"Small",0.0152722299816523,"pricelabel.premium_fuelmax",2019.5,3.24676204636475,"price.fuel.mod","label.premium","max",0.49134503743693,1.84553430067428,2.217115677,5.99201072269357
"Small",0.0152722299816523,"pricelabel.premium_fuelmax",2020,46.1233607871519,"price.fuel.mod","label.premium","max",8.45437092584065,1.74321307533248,1.223776883,80.4028456024407
"Small",0.0152722299816523,"pricelabel.premium_fuelmax",2020.5,6.18288786912017,"price.fuel.mod","label.premium","max",0.365339397994311,1.99966936626942,1.326079845,12.3637314669585
"Small",0.0152722299816523,"pricelabel.premium_fuelmax",2021,39.7868224520135,"price.fuel.mod","label.premium","max",10.9727795586288,2.19867920946227,2.064034533,87.4784593358086
"Small",0.0152722299816523,"pricelabel.premium_fuelmax",2021.5,3.02972604192832,"price.fuel.mod","label.premium","max",0.63159289139346,1.95371255603988,2.34283939,5.91921380947637
"Small",0.0152722299816523,"pricelabel.premium_fuelmax",2022,7.73812243170845,"price.fuel.mod","label.premium","max",7.02551689200128,1.20079679537534,3.992053255,9.29191261821754
"Small",0.0152722299816523,"pricelabel.premium_fuelmax",2022.5,2.14698323252443,"price.fuel.mod","label.premium","max",0.425794667042911,1.33949152023172,3.5445,2.87586583404616
"Small",0.0152722299816523,"pricelabel.premium_fuelmax",2023,3.55962800470615,"price.fuel.mod","label.premium","max",NA,2.60889063067778,4,9.28668015017611
"Small",0.0152722299816523,"pricelabel.premium_fuelmax",2023.5,1.73552581721695,"price.fuel.mod","label.premium","max",NA,2.60889063067778,4,4.52779704383669
"Small",0.0152722299816523,"pricelabel.premium_fuelmax",2024,6.4642405971762,"price.fuel.mod","label.premium","max",NA,2.60889063067778,4,16.8644967284199
"Small",0.0152722299816523,"pricelabel.premium_fuelmax",2024.5,1.10670222080879,"price.fuel.mod","label.premium","max",NA,2.60889063067778,4,2.88726505481835
"Small",0.0152722299816523,"pricelabel.premium_fuelmax",2025,6.631959744921,"price.fuel.mod","label.premium","max",NA,2.60889063067778,4,17.3020576415566
"Small",0.0152722299816523,"pricelabel.premium_fuelmax",2025.5,0.888544092838707,"price.fuel.mod","label.premium","max",NA,2.60889063067778,4,2.31811435875099
"Small",0.0152722299816523,"pricelabel.premium_fuelmax",2026,7.43640160144914,"price.fuel.mod","label.premium","max",NA,2.60889063067778,4,19.4007584639779
"Small",0.0152722299816523,"pricelabel.premium_fuelmax",2026.5,1.24736668802566,"price.fuel.mod","label.premium","max",NA,2.60889063067778,4,3.25424326540972
"Small",0.0152722299816523,"pricelabel.premium_fuelmax",2027,8.30784965748166,"price.fuel.mod","label.premium","max",NA,2.60889063067778,4,21.6742711324835
"Large",0.265,"pricemsy_fuelstatus.quo",1987,5.37542376888951,"price.fuel.mod","msy","status.quo",6.71737977735683,12.5899917441796,1.193864043,67.6765408717856
"Large",0.265,"pricemsy_fuelstatus.quo",1987.5,6.26413715932755,"price.fuel.mod","msy","status.quo",10.622314411265,12.0793895597091,1.218517776,75.6669530029669
"Large",0.265,"pricemsy_fuelstatus.quo",1988,2.65787682022248,"price.fuel.mod","msy","status.quo",8.57325287037129,12.6057295038419,0.992170369,33.5044762502561
"Large",0.265,"pricemsy_fuelstatus.quo",1988.5,8.15074675368682,"price.fuel.mod","msy","status.quo",10.8087014478752,12.5584041151657,0.95042966,102.360371573174
"Large",0.265,"pricemsy_fuelstatus.quo",1989,13.0134055141867,"price.fuel.mod","msy","status.quo",8.31618564404666,10.1603157047673,1.040677249,132.220308418297
"Large",0.265,"pricemsy_fuelstatus.quo",1989.5,9.45511619314545,"price.fuel.mod","msy","status.quo",13.0119615266943,8.85794163390862,1.319286796,83.7528673807066
"Large",0.265,"pricemsy_fuelstatus.quo",1990,7.17986244777725,"price.fuel.mod","msy","status.quo",10.4664894841967,8.57265311491896,1.165362175,61.5504701776273
"Large",0.265,"pricemsy_fuelstatus.quo",1990.5,7.88615086783963,"price.fuel.mod","msy","status.quo",12.3173138400001,10.121152066617,1.749252381,79.8169321536887
"Large",0.265,"pricemsy_fuelstatus.quo",1991,17.4064597169755,"price.fuel.mod","msy","status.quo",10.6108380057583,9.45743851223052,1.109832663,164.620522488914
"Large",0.265,"pricemsy_fuelstatus.quo",1991.5,10.6322178974377,"price.fuel.mod","msy","status.quo",12.4879838019052,8.90923640938927,1.186270087,94.7249428044119
"Large",0.265,"pricemsy_fuelstatus.quo",1992,5.97765522234903,"price.fuel.mod","msy","status.quo",4.36900738448302,9.78433680553042,1.136504152,58.4873920028007
"Large",0.265,"pricemsy_fuelstatus.quo",1992.5,9.32278461450246,"price.fuel.mod","msy","status.quo",12.1414743179632,9.61389512435446,1.119827889,89.628273550772
"Large",0.265,"pricemsy_fuelstatus.quo",1993,4.27003854406339,"price.fuel.mod","msy","status.quo",3.71286139165064,9.68624084782594,0.970890649,41.360621767298
"Large",0.265,"pricemsy_fuelstatus.quo",1993.5,6.28028305462361,"price.fuel.mod","msy","status.quo",9.6599860067035,9.72021935763151,0.925675909,61.0457289189576
"Large",0.265,"pricemsy_fuelstatus.quo",1994,7.93146522942181,"price.fuel.mod","msy","status.quo",5.51132667262915,10.8613688089981,0.900017334,86.1465690524952
"Large",0.265,"pricemsy_fuelstatus.quo",1994.5,10.5220834343964,"price.fuel.mod","msy","status.quo",11.8112138407078,10.7633585365074,0.879442785,113.252956555454
"Large",0.265,"pricemsy_fuelstatus.quo",1995,10.0269293104296,"price.fuel.mod","msy","status.quo",6.21391252952628,10.7890232405838,0.867027844,108.180773361917
"Large",0.265,"pricemsy_fuelstatus.quo",1995.5,11.1595797370325,"price.fuel.mod","msy","status.quo",11.1939421930543,9.62593281197826,0.92666276,107.421364758589
"Large",0.265,"pricemsy_fuelstatus.quo",1996,4.58253783737548,"price.fuel.mod","msy","status.quo",4.69273193485784,10.3436601282369,0.990501339,47.4002139145976
"Large",0.265,"pricemsy_fuelstatus.quo",1996.5,7.09674340765516,"price.fuel.mod","msy","status.quo",10.9515132054804,10.4387237810633,1.235234785,74.0809441775942
"Large",0.265,"pricemsy_fuelstatus.quo",1997,4.54370661792861,"price.fuel.mod","msy","status.quo",3.43510362636754,11.5771198057125,0.933448325,52.6030358777684
"Large",0.265,"pricemsy_fuelstatus.quo",1997.5,8.73187356309806,"price.fuel.mod","msy","status.quo",9.04681397446952,11.3781664584964,0.938670805,99.3527108954737
"Large",0.265,"pricemsy_fuelstatus.quo",1998,5.58296406208453,"price.fuel.mod","msy","status.quo",4.24075938686746,10.7769406001589,0.640660448,60.167272069907
"Large",0.265,"pricemsy_fuelstatus.quo",1998.5,9.71903166275535,"price.fuel.mod","msy","status.quo",12.0293003674683,9.51226679526253,0.622172867,92.4500221677329
"Large",0.265,"pricemsy_fuelstatus.quo",1999,8.78414542346186,"price.fuel.mod","msy","status.quo",6.26837397930924,10.3714508913732,0.804286601,91.1043328821157
"Large",0.265,"pricemsy_fuelstatus.quo",1999.5,9.05061664424378,"price.fuel.mod","msy","status.quo",9.94572173827841,10.6330528005955,1.050467788,96.2356846561922
"Large",0.265,"pricemsy_fuelstatus.quo",2000,12.168715429895,"price.fuel.mod","msy","status.quo",9.60103636139893,10.7508888167683,1.327541825,130.824506629694
"Large",0.265,"pricemsy_fuelstatus.quo",2000.5,10.3147129121958,"price.fuel.mod","msy","status.quo",12.330422287742,9.34581671991077,1.612986692,96.3994163958789
"Large",0.265,"pricemsy_fuelstatus.quo",2001,9.24977991510604,"price.fuel.mod","msy","status.quo",7.91172740953807,9.69680841162668,1.194280761,89.6933436864958
"Large",0.265,"pricemsy_fuelstatus.quo",2001.5,7.54250673054405,"price.fuel.mod","msy","status.quo",9.53611922083641,8.24439553464669,0.975859995,62.1834088093399
"Large",0.265,"pricemsy_fuelstatus.quo",2002,6.33880904295416,"price.fuel.mod","msy","status.quo",5.90490467986567,7.03546425864735,1.070930495,44.5964644640947
"Large",0.265,"pricemsy_fuelstatus.quo",2002.5,6.58208886146631,"price.fuel.mod","msy","status.quo",8.21494371689397,7.15032103828286,1.216097682,47.0640484619898
"Large",0.265,"pricemsy_fuelstatus.quo",2003,7.07648969967173,"price.fuel.mod","msy","status.quo",5.88659270493106,6.83775934994511,1.210301841,48.3873336087207
"Large",0.265,"pricemsy_fuelstatus.quo",2003.5,8.61205292955769,"price.fuel.mod","msy","status.quo",9.7458138599594,6.03783529573531,1.269159913,51.9981571468241
"Large",0.265,"pricemsy_fuelstatus.quo",2004,13.9126331690354,"price.fuel.mod","msy","status.quo",6.97115490146669,6.51352108495447,1.620877333,90.6202294937492
"Large",0.265,"pricemsy_fuelstatus.quo",2004.5,9.15361279753341,"price.fuel.mod","msy","status.quo",10.0288422319289,6.56657427628878,2.02849139,60.1078783313907
"Large",0.265,"pricemsy_fuelstatus.quo",2005,4.64616903864719,"price.fuel.mod","msy","status.quo",5.57953019668072,6.02719887276295,2.382254002,28.0033847924005
"Large",0.265,"pricemsy_fuelstatus.quo",2005.5,7.07130337511595,"price.fuel.mod","msy","status.quo",10.0812503959341,5.6234149093112,2.636138142,39.7648728278896
"Large",0.265,"pricemsy_fuelstatus.quo",2006,8.71940942021577,"price.fuel.mod","msy","status.quo",9.32814760671619,4.72089382927121,2.787784045,41.1634061267859
"Large",0.265,"pricemsy_fuelstatus.quo",2006.5,6.84934689025661,"price.fuel.mod","msy","status.quo",19.3733736458873,4.22533641185959,2.365521844,28.9407948128585
"Large",0.265,"pricemsy_fuelstatus.quo",2007,7.0796881835825,"price.fuel.mod","msy","status.quo",8.93251755415469,5.4674366499906,2.755746336,38.7077466454244
"Large",0.265,"pricemsy_fuelstatus.quo",2007.5,8.94784450255713,"price.fuel.mod","msy","status.quo",11.9723465627928,5.86706497636183,3.320424497,52.4975850948847
"Large",0.265,"pricemsy_fuelstatus.quo",2008,7.21652559899077,"price.fuel.mod","msy","status.quo",6.8632023388661,6.87395329195337,4.889983343,49.6060598976483
"Large",0.265,"pricemsy_fuelstatus.quo",2008.5,10.6410019637121,"price.fuel.mod","msy","status.quo",12.9867202704612,4.910949850942,2.844336426,52.2574270075657
"Large",0.265,"pricemsy_fuelstatus.quo",2009,2.28212544244915,"price.fuel.mod","msy","status.quo",11.3957385120874,3.4946185695594,2.278682818,7.97515794924676
"Large",0.265,"pricemsy_fuelstatus.quo",2009.5,7.97783950060318,"price.fuel.mod","msy","status.quo",20.1822701677183,3.95084796176061,2.572136375,31.5192309302114
"Large",0.265,"pricemsy_fuelstatus.quo",2010,32.9756449667265,"price.fuel.mod","msy","status.quo",4.93689076135254,6.8935907213382,2.70288658,227.320600172769
"Large",0.265,"pricemsy_fuelstatus.quo",2010.5,30.8204377813916,"price.fuel.mod","msy","status.quo",11.8949437102665,6.08552889172307,3.033457857,187.558664574212
"Large",0.265,"pricemsy_fuelstatus.quo",2011,25.5693977207293,"price.fuel.mod","msy","status.quo",7.43116987306931,6.42924813142202,3.91117392,164.392002517585
"Large",0.265,"pricemsy_fuelstatus.quo",2011.5,23.537915099518,"price.fuel.mod","msy","status.quo",15.2124204306267,6.12657011782144,3.857637569,144.206687284525
"Large",0.265,"pricemsy_fuelstatus.quo",2012,13.5368738040848,"price.fuel.mod","msy","status.quo",8.20944256638802,5.37802611663949,3.670647018,72.8016608560212
"Large",0.265,"pricemsy_fuelstatus.quo",2012.5,12.7470567775555,"price.fuel.mod","msy","status.quo",12.7487994935888,5.26996060725231,3.926350999,67.1764870761259
"Large",0.265,"pricemsy_fuelstatus.quo",2013,15.454028675404,"price.fuel.mod","msy","status.quo",8.12879485408897,7.29940876517483,3.59356354,112.805272370507
"Large",0.265,"pricemsy_fuelstatus.quo",2013.5,20.5189211531366,"price.fuel.mod","msy","status.quo",12.1287990775526,8.36406624719241,3.730174711,171.621615845752
"Large",0.265,"pricemsy_fuelstatus.quo",2014,8.95226849401108,"price.fuel.mod","msy","status.quo",4.83811460324899,9.26869378396509,3.505636196,82.9758353428271
"Large",0.265,"pricemsy_fuelstatus.quo",2014.5,25.2231454861815,"price.fuel.mod","msy","status.quo",13.2014758885329,7.64784836022419,2.841017708,192.90279184619
"Large",0.265,"pricemsy_fuelstatus.quo",2015,6.05948419889366,"price.fuel.mod","msy","status.quo",11.9161098619624,4.35779288507159,2.014201659,26.4059771291425
"Large",0.265,"pricemsy_fuelstatus.quo",2015.5,15.1309714539705,"price.fuel.mod","msy","status.quo",12.4991106317133,4.55318414231323,1.59375734,68.8940992820127
"Large",0.265,"pricemsy_fuelstatus.quo",2016,11.9608213583819,"price.fuel.mod","msy","status.quo",9.63632679089192,4.88277904371158,1.64619339,58.4020478742851
"Large",0.265,"pricemsy_fuelstatus.quo",2016.5,16.5987943166205,"price.fuel.mod","msy","status.quo",9.76216658287913,6.21792739900937,1.755500592,103.210097971835
"Large",0.265,"pricemsy_fuelstatus.quo",2017,8.54951933992999,"price.fuel.mod","msy","status.quo",9.02808762228676,4.92061824876707,1.721349829,42.0689208822465
"Large",0.265,"pricemsy_fuelstatus.quo",2017.5,10.9667803741238,"price.fuel.mod","msy","status.quo",9.08662344104663,5.10145524158574,2.115492451,55.9465392228937
"Large",0.265,"pricemsy_fuelstatus.quo",2018,6.59240588011919,"price.fuel.mod","msy","status.quo",10.2255227834163,4.71837605093946,2.502609693,31.1054500228268
"Large",0.265,"pricemsy_fuelstatus.quo",2018.5,11.486619833874,"price.fuel.mod","msy","status.quo",12.0208463089032,5.01855298773329,2.434931942,57.6462102862448
"Large",0.265,"pricemsy_fuelstatus.quo",2019,5.46389989185006,"price.fuel.mod","msy","status.quo",6.49742860601407,4.88494408016038,2.166705119,26.6908454312819
"Large",0.265,"pricemsy_fuelstatus.quo",2019.5,9.12293392269843,"price.fuel.mod","msy","status.quo",8.12546140575837,5.17750496313892,2.217115677,47.2340356631596
"Large",0.265,"pricemsy_fuelstatus.quo",2020,9.52477947537156,"price.fuel.mod","msy","status.quo",6.99253856614546,4.68046753159861,1.223776883,44.5804210801135
"Large",0.265,"pricemsy_fuelstatus.quo",2020.5,18.77433405639,"price.fuel.mod","msy","status.quo",8.32614451400999,5.40555837390546,1.326079845,101.485758673017
"Large",0.265,"pricemsy_fuelstatus.quo",2021,17.0195093445105,"price.fuel.mod","msy","status.quo",4.15856313937567,6.22144464823613,2.064034533,105.88593532701
"Large",0.265,"pricemsy_fuelstatus.quo",2021.5,15.3668926180311,"price.fuel.mod","msy","status.quo",5.87361341229464,6.47320276956418,2.34283939,99.4730118546345
"Large",0.265,"pricemsy_fuelstatus.quo",2022,6.57805714616534,"price.fuel.mod","msy","status.quo",4.33617367568456,4.29638469636797,3.992053255,28.2618640546187
"Large",0.265,"pricemsy_fuelstatus.quo",2022.5,0.289190169552395,"price.fuel.mod","msy","status.quo",5.27214346715716,3.49424942020108,3.5445,1.01050258228631
"Large",0.265,"pricemsy_fuelstatus.quo",2023,34.5880171927353,"price.fuel.mod","msy","status.quo",NA,5.09521790664557,2.41554731766667,176.23348455579
"Large",0.265,"pricemsy_fuelstatus.quo",2023.5,23.4065973004219,"price.fuel.mod","msy","status.quo",NA,5.09521790664557,2.41554731766667,119.261713698752
"Large",0.265,"pricemsy_fuelstatus.quo",2024,29.9689366536559,"price.fuel.mod","msy","status.quo",NA,5.09521790664557,2.41554731766667,152.698262680834
"Large",0.265,"pricemsy_fuelstatus.quo",2024.5,25.785602617348,"price.fuel.mod","msy","status.quo",NA,5.09521790664557,2.41554731766667,131.383264189558
"Large",0.265,"pricemsy_fuelstatus.quo",2025,30.3186413244155,"price.fuel.mod","msy","status.quo",NA,5.09521790664557,2.41554731766667,154.480084181326
"Large",0.265,"pricemsy_fuelstatus.quo",2025.5,25.4842979599485,"price.fuel.mod","msy","status.quo",NA,5.09521790664557,2.41554731766667,129.848051303821
"Large",0.265,"pricemsy_fuelstatus.quo",2026,27.3272048148273,"price.fuel.mod","msy","status.quo",NA,5.09521790664557,2.41554731766667,139.238063311079
"Large",0.265,"pricemsy_fuelstatus.quo",2026.5,25.1394641977135,"price.fuel.mod","msy","status.quo",NA,5.09521790664557,2.41554731766667,128.091048143665
"Large",0.265,"pricemsy_fuelstatus.quo",2027,26.7959318775677,"price.fuel.mod","msy","status.quo",NA,5.09521790664557,2.41554731766667,136.531111927838
"Medium",0.265001,"pricemsy_fuelstatus.quo",1987,16.77118699456,"price.fuel.mod","msy","status.quo",32.7194132783767,6.08983897957365,1.193864043,102.13382829319
"Medium",0.265001,"pricemsy_fuelstatus.quo",1987.5,6.43334377614751,"price.fuel.mod","msy","status.quo",7.64637899895229,6.22272095995808,1.218517776,40.032903158449
"Medium",0.265001,"pricemsy_fuelstatus.quo",1988,10.8379343764981,"price.fuel.mod","msy","status.quo",32.816615646671,5.28614926542636,0.992170369,57.2909388430643
"Medium",0.265001,"pricemsy_fuelstatus.quo",1988.5,4.56746626149539,"price.fuel.mod","msy","status.quo",5.51691034329667,5.92203308328633,0.95042966,27.0486863073698
"Medium",0.265001,"pricemsy_fuelstatus.quo",1989,48.9599422786893,"price.fuel.mod","msy","status.quo",36.5678534777813,5.11980548744016,1.040677249,250.665381143187
"Medium",0.265001,"pricemsy_fuelstatus.quo",1989.5,9.83460324865674,"price.fuel.mod","msy","status.quo",9.12915061718908,5.89339168953183,1.319286796,57.9591690554764
"Medium",0.265001,"pricemsy_fuelstatus.quo",1990,31.6653088566793,"price.fuel.mod","msy","status.quo",35.6475771015084,4.69183072247511,1.165362175,148.568268930431
"Medium",0.265001,"pricemsy_fuelstatus.quo",1990.5,8.16709149773667,"price.fuel.mod","msy","status.quo",8.40505368169431,5.87198459467529,1.749252381,47.9570354580133
"Medium",0.265001,"pricemsy_fuelstatus.quo",1991,42.3969264921548,"price.fuel.mod","msy","status.quo",27.3423279699856,5.29812880233018,1.109832663,224.624377378361
"Medium",0.265001,"pricemsy_fuelstatus.quo",1991.5,12.0111234011054,"price.fuel.mod","msy","status.quo",6.60304838164396,5.66122882462061,1.186270087,67.9977180144128
"Medium",0.265001,"pricemsy_fuelstatus.quo",1992,14.0957432368974,"price.fuel.mod","msy","status.quo",22.2825090419081,5.27007850286719,1.136504152,74.2856734147087
"Medium",0.265001,"pricemsy_fuelstatus.quo",1992.5,9.70977124251765,"price.fuel.mod","msy","status.quo",8.04572442883319,5.34944559516089,1.119827889,51.9418930033059
"Medium",0.265001,"pricemsy_fuelstatus.quo",1993,9.87115731969945,"price.fuel.mod","msy","status.quo",16.9236119526854,4.69304570072945,0.970890649,46.3257924204396
"Medium",0.265001,"pricemsy_fuelstatus.quo",1993.5,9.71182227076254,"price.fuel.mod","msy","status.quo",6.56173810175156,5.6129027756598,0.925675909,54.5115141802777
"Medium",0.265001,"pricemsy_fuelstatus.quo",1994,28.6600193671097,"price.fuel.mod","msy","status.quo",22.2137154211208,7.16914108424744,0.900017334,205.467722320073
"Medium",0.265001,"pricemsy_fuelstatus.quo",1994.5,11.7542725558221,"price.fuel.mod","msy","status.quo",6.25221156996301,7.27604909512476,0.879442785,85.5246641936395
"Medium",0.265001,"pricemsy_fuelstatus.quo",1995,38.8205992327867,"price.fuel.mod","msy","status.quo",20.030923425577,5.32227477000002,0.867027844,206.613895852943
"Medium",0.265001,"pricemsy_fuelstatus.quo",1995.5,15.2042508189004,"price.fuel.mod","msy","status.quo",6.04923251875156,5.09212478044929,0.92666276,77.421942363089
"Medium",0.265001,"pricemsy_fuelstatus.quo",1996,9.5557309036492,"price.fuel.mod","msy","status.quo",20.8366043824406,4.72257319055959,0.990501339,45.1276385817755
"Medium",0.265001,"pricemsy_fuelstatus.quo",1996.5,8.49640854128699,"price.fuel.mod","msy","status.quo",6.16548682253209,5.66253041071969,1.235234785,48.1111717469361
"Medium",0.265001,"pricemsy_fuelstatus.quo",1997,9.60595422034296,"price.fuel.mod","msy","status.quo",16.3328456637844,6.69271878623742,0.933448325,64.289950270226
"Medium",0.265001,"pricemsy_fuelstatus.quo",1997.5,12.0048869760248,"price.fuel.mod","msy","status.quo",7.94680082880489,6.70282972128026,0.938670805,80.4667132235094
"Medium",0.265001,"pricemsy_fuelstatus.quo",1998,24.0802463555333,"price.fuel.mod","msy","status.quo",24.0115004673135,4.55282361783213,0.640660448,109.633114330688
"Medium",0.265001,"pricemsy_fuelstatus.quo",1998.5,9.85708071931299,"price.fuel.mod","msy","status.quo",7.21680260156809,4.56254309845653,0.622172867,44.9733556068304
"Medium",0.265001,"pricemsy_fuelstatus.quo",1999,30.8501905994638,"price.fuel.mod","msy","status.quo",20.1063773758566,4.84198465538306,0.804286601,149.376149498247
"Medium",0.265001,"pricemsy_fuelstatus.quo",1999.5,9.93835210096371,"price.fuel.mod","msy","status.quo",6.42932894524407,6.01017980396059,1.050467788,59.7312830818614
"Medium",0.265001,"pricemsy_fuelstatus.quo",2000,36.7988879989563,"price.fuel.mod","msy","status.quo",28.1806030510016,6.33227130160756,1.327541825,233.020542406862
"Medium",0.265001,"pricemsy_fuelstatus.quo",2000.5,10.887787008839,"price.fuel.mod","msy","status.quo",8.71077659307286,5.90087585057623,1.612986692,64.2474794266753
"Medium",0.265001,"pricemsy_fuelstatus.quo",2001,27.9149415972564,"price.fuel.mod","msy","status.quo",28.3160763222633,4.47355045862035,1.194280761,124.878899784767
"Medium",0.265001,"pricemsy_fuelstatus.quo",2001.5,10.6642236584208,"price.fuel.mod","msy","status.quo",5.47603106489692,4.42953362104376,0.975859995,47.2375372373054
"Medium",0.265001,"pricemsy_fuelstatus.quo",2002,23.6540968034033,"price.fuel.mod","msy","status.quo",20.8191160581067,3.66198228125976,1.070930495,86.6208833732659
"Medium",0.265001,"pricemsy_fuelstatus.quo",2002.5,8.101106373518,"price.fuel.mod","msy","status.quo",6.9024297187297,4.02193440093658,1.216097682,32.5821184092987
"Medium",0.265001,"pricemsy_fuelstatus.quo",2003,21.5393969588878,"price.fuel.mod","msy","status.quo",22.7726223065002,3.41458224662662,1.210301841,73.5480424588619
"Medium",0.265001,"pricemsy_fuelstatus.quo",2003.5,5.86536360422995,"price.fuel.mod","msy","status.quo",6.95872350472763,3.1173102683852,1.269159913,18.2841581912789
"Medium",0.265001,"pricemsy_fuelstatus.quo",2004,19.4658557470449,"price.fuel.mod","msy","status.quo",16.488138917693,2.96352396392705,1.620877333,57.6875299847147
"Medium",0.265001,"pricemsy_fuelstatus.quo",2004.5,4.68915262934443,"price.fuel.mod","msy","status.quo",5.41492897646919,3.2568059561738,2.02849139,15.271660212657
"Medium",0.265001,"pricemsy_fuelstatus.quo",2005,10.4947094333218,"price.fuel.mod","msy","status.quo",12.5141930894517,3.40067473540805,2.382254002,35.6890932253459
"Medium",0.265001,"pricemsy_fuelstatus.quo",2005.5,4.42211949815867,"price.fuel.mod","msy","status.quo",5.3781189264929,3.32928335785263,2.636138142,14.7224888516553
"Medium",0.265001,"pricemsy_fuelstatus.quo",2006,20.0935323545862,"price.fuel.mod","msy","status.quo",21.8386311572776,2.58047613508342,2.787784045,51.8508807105362
"Medium",0.265001,"pricemsy_fuelstatus.quo",2006.5,3.84488231664203,"price.fuel.mod","msy","status.quo",8.63501978553956,2.57368762405512,2.365521844,9.89552603428996
"Medium",0.265001,"pricemsy_fuelstatus.quo",2007,10.0358585021311,"price.fuel.mod","msy","status.quo",17.8553156773805,2.78674750448948,2.755746336,27.9674036362235
"Medium",0.265001,"pricemsy_fuelstatus.quo",2007.5,3.32208417331655,"price.fuel.mod","msy","status.quo",5.52115890238281,3.19323641553863,3.320424497,10.608200157719
"Medium",0.265001,"pricemsy_fuelstatus.quo",2008,8.56097506680424,"price.fuel.mod","msy","status.quo",11.3577946496599,3.91862878927398,4.889983343,33.5472833610358
"Medium",0.265001,"pricemsy_fuelstatus.quo",2008.5,7.26499089533838,"price.fuel.mod","msy","status.quo",5.08086533882322,3.33130130874346,2.844336426,24.2018736776501
"Medium",0.265001,"pricemsy_fuelstatus.quo",2009,13.2798274090951,"price.fuel.mod","msy","status.quo",17.9668851781964,2.25868223125,2.278682818,29.9949102029897
"Medium",0.265001,"pricemsy_fuelstatus.quo",2009.5,4.55477593311164,"price.fuel.mod","msy","status.quo",7.57574099599588,2.39828041246072,2.572136375,10.9236299035291
"Medium",0.265001,"pricemsy_fuelstatus.quo",2010,24.0466719274362,"price.fuel.mod","msy","status.quo",8.04780714544663,3.03808440430528,2.70288658,73.0558189581895
"Medium",0.265001,"pricemsy_fuelstatus.quo",2010.5,6.40850913456549,"price.fuel.mod","msy","status.quo",8.57478318074798,3.07854866749727,3.033457857,19.7289072568607
"Medium",0.265001,"pricemsy_fuelstatus.quo",2011,19.0967439396111,"price.fuel.mod","msy","status.quo",17.8287157295084,3.21106661498974,3.91117392,61.320916919493
"Medium",0.265001,"pricemsy_fuelstatus.quo",2011.5,4.28057255131751,"price.fuel.mod","msy","status.quo",8.37455860329747,3.77640735527577,3.857637569,16.165185667587
"Medium",0.265001,"pricemsy_fuelstatus.quo",2012,16.0504173037322,"price.fuel.mod","msy","status.quo",18.6467153647801,3.43378376176959,3.670647018,55.1136623071814
"Medium",0.265001,"pricemsy_fuelstatus.quo",2012.5,6.10349292244328,"price.fuel.mod","msy","status.quo",8.81451598006909,3.3867862695019,3.926350999,20.6712260257329
"Medium",0.265001,"pricemsy_fuelstatus.quo",2013,9.5961366699342,"price.fuel.mod","msy","status.quo",14.5150058419753,4.06054672077294,3.59356354,38.9655612871903
"Medium",0.265001,"pricemsy_fuelstatus.quo",2013.5,7.44572346698803,"price.fuel.mod","msy","status.quo",7.81621022101394,5.35909558500419,3.730174711,39.9023437590976
"Medium",0.265001,"pricemsy_fuelstatus.quo",2014,8.52392036543948,"price.fuel.mod","msy","status.quo",14.588974377991,5.29777481788601,3.505636196,45.157810661691
"Medium",0.265001,"pricemsy_fuelstatus.quo",2014.5,11.1188338992483,"price.fuel.mod","msy","status.quo",9.23671593064456,4.41155164281167,2.841017708,49.0513099543788
"Medium",0.265001,"pricemsy_fuelstatus.quo",2015,19.6602389208487,"price.fuel.mod","msy","status.quo",13.2147941220035,2.81150774930967,2.014201659,55.2749140792457
"Medium",0.265001,"pricemsy_fuelstatus.quo",2015.5,11.2642742393268,"price.fuel.mod","msy","status.quo",7.50525393689402,2.86759769693102,1.59375734,32.301406866293
"Medium",0.265001,"pricemsy_fuelstatus.quo",2016,17.2326486705567,"price.fuel.mod","msy","status.quo",10.1808130369481,3.00596842461488,1.64619339,51.8007977761749
"Medium",0.265001,"pricemsy_fuelstatus.quo",2016.5,9.3515200638894,"price.fuel.mod","msy","status.quo",5.39307169815739,4.18887393214666,1.755500592,39.1723386215728
"Medium",0.265001,"pricemsy_fuelstatus.quo",2017,22.2159721420294,"price.fuel.mod","msy","status.quo",12.1331828553547,3.47942031582626,1.721349829,77.2987048068072
"Medium",0.265001,"pricemsy_fuelstatus.quo",2017.5,12.0405975560374,"price.fuel.mod","msy","status.quo",7.54050854388687,3.79112272220055,2.115492451,45.6473829835658
"Medium",0.265001,"pricemsy_fuelstatus.quo",2018,16.5541786770455,"price.fuel.mod","msy","status.quo",13.7781541536191,3.25380794124098,2.502609693,53.8641180400927
"Medium",0.265001,"pricemsy_fuelstatus.quo",2018.5,7.29313982312769,"price.fuel.mod","msy","status.quo",8.66981088922993,3.45385243293675,2.434931942,25.1894287218574
"Medium",0.265001,"pricemsy_fuelstatus.quo",2019,10.8588347380403,"price.fuel.mod","msy","status.quo",7.94919114053227,3.29851886703811,2.166705119,35.8180712574747
"Medium",0.265001,"pricemsy_fuelstatus.quo",2019.5,7.04455879740266,"price.fuel.mod","msy","status.quo",5.45331074318056,3.39313131687167,2.217115677,23.9031130690108
"Medium",0.265001,"pricemsy_fuelstatus.quo",2020,31.3809430452237,"price.fuel.mod","msy","status.quo",11.8094531922773,2.81936323656955,1.223776883,88.4742771505865
"Medium",0.265001,"pricemsy_fuelstatus.quo",2020.5,15.7565224117422,"price.fuel.mod","msy","status.quo",5.0535056945109,2.97562041568792,1.326079845,46.8854297686243
"Medium",0.265001,"pricemsy_fuelstatus.quo",2021,44.3839987179348,"price.fuel.mod","msy","status.quo",12.1371153888044,3.68191490636116,2.064034533,163.418106483479
"Medium",0.265001,"pricemsy_fuelstatus.quo",2021.5,13.5234945256423,"price.fuel.mod","msy","status.quo",8.24615492050734,3.50734091870751,2.34283939,47.4315057137023
"Medium",0.265001,"pricemsy_fuelstatus.quo",2022,6.10830031022244,"price.fuel.mod","msy","status.quo",7.9248694210156,2.4198801778206,3.992053255,14.7813548408827
"Medium",0.265001,"pricemsy_fuelstatus.quo",2022.5,0.0883295852047201,"price.fuel.mod","msy","status.quo",5.88528355085481,1.95246160438392,3.5445,0.172460123643374
"Medium",0.265001,"pricemsy_fuelstatus.quo",2023,110.930707480841,"price.fuel.mod","msy","status.quo",NA,2.89276354325511,2.41554731766667,320.896306428072
"Medium",0.265001,"pricemsy_fuelstatus.quo",2023.5,31.4348322938258,"price.fuel.mod","msy","status.quo",NA,2.89276354325511,2.41554731766667,90.9335368479177
"Medium",0.265001,"pricemsy_fuelstatus.quo",2024,64.538607562338,"price.fuel.mod","msy","status.quo",NA,2.89276354325511,2.41554731766667,186.69493108878
"Medium",0.265001,"pricemsy_fuelstatus.quo",2024.5,61.5996337973691,"price.fuel.mod","msy","status.quo",NA,2.89276354325511,2.41554731766667,178.193174926895
"Medium",0.265001,"pricemsy_fuelstatus.quo",2025,105.981945719228,"price.fuel.mod","msy","status.quo",NA,2.89276354325511,2.41554731766667,306.580708819823
"Medium",0.265001,"pricemsy_fuelstatus.quo",2025.5,39.4195686235951,"price.fuel.mod","msy","status.quo",NA,2.89276354325511,2.41554731766667,114.031491005179
"Medium",0.265001,"pricemsy_fuelstatus.quo",2026,59.9461507347322,"price.fuel.mod","msy","status.quo",NA,2.89276354325511,2.41554731766667,173.410039403909
"Medium",0.265001,"pricemsy_fuelstatus.quo",2026.5,36.7165399469644,"price.fuel.mod","msy","status.quo",NA,2.89276354325511,2.41554731766667,106.212268193048
"Medium",0.265001,"pricemsy_fuelstatus.quo",2027,69.2752187494561,"price.fuel.mod","msy","status.quo",NA,2.89276354325511,2.41554731766667,200.396827249449
"Small",0.265002,"pricemsy_fuelstatus.quo",1987,20.8135037500085,"price.fuel.mod","msy","status.quo",33.1699600876773,3.46223983102226,1.193864043,72.0613417064108
"Small",0.265002,"pricemsy_fuelstatus.quo",1987.5,2.54120121315483,"price.fuel.mod","msy","status.quo",1.55534427195328,4.03600829559881,1.218517776,10.2563091770787
"Small",0.265002,"pricemsy_fuelstatus.quo",1988,11.6315651134648,"price.fuel.mod","msy","status.quo",23.8431624881257,2.83796100605314,0.992170369,33.0099282313811
"Small",0.265002,"pricemsy_fuelstatus.quo",1988.5,1.80390188171304,"price.fuel.mod","msy","status.quo",0.720080044745491,3.55275304925539,0.95042966,6.40881791081355
"Small",0.265002,"pricemsy_fuelstatus.quo",1989,18.2940891156421,"price.fuel.mod","msy","status.quo",28.7755001766216,2.51462103845419,1.040677249,46.0027013695495
"Small",0.265002,"pricemsy_fuelstatus.quo",1989.5,2.2731327683833,"price.fuel.mod","msy","status.quo",1.15542976955331,3.07473626443988,1.319286796,6.98928375683476
"Small",0.265002,"pricemsy_fuelstatus.quo",1990,22.0223573639129,"price.fuel.mod","msy","status.quo",40.4141643858711,2.31713756835269,1.165362175,51.028831591611
"Small",0.265002,"pricemsy_fuelstatus.quo",1990.5,3.10412594096034,"price.fuel.mod","msy","status.quo",0.71930936977849,3.31075264722307,1.749252381,10.2769931763482
"Small",0.265002,"pricemsy_fuelstatus.quo",1991,31.2604263439201,"price.fuel.mod","msy","status.quo",29.6999205320081,2.75220541657956,1.109832663,86.0351147083233
"Small",0.265002,"pricemsy_fuelstatus.quo",1991.5,4.50753668962346,"price.fuel.mod","msy","status.quo",1.45164641335001,3.33127362657706,1.186270087,15.0158380949711
"Small",0.265002,"pricemsy_fuelstatus.quo",1992,9.58727414418958,"price.fuel.mod","msy","status.quo",22.1974889327821,3.34190966430881,1.136504152,32.0398041168451
"Small",0.265002,"pricemsy_fuelstatus.quo",1992.5,2.66299835043843,"price.fuel.mod","msy","status.quo",1.90915308007694,3.40282759475462,1.119827889,9.06172427165792
"Small",0.265002,"pricemsy_fuelstatus.quo",1993,10.7186072922499,"price.fuel.mod","msy","status.quo",31.251177401142,2.55240244206907,0.970890649,27.358199428318
"Small",0.265002,"pricemsy_fuelstatus.quo",1993.5,5.70294100202214,"price.fuel.mod","msy","status.quo",0.649131295937703,2.80837868563889,0.925675909,16.0160179555351
"Small",0.265002,"pricemsy_fuelstatus.quo",1994,24.7190267735338,"price.fuel.mod","msy","status.quo",21.9947786917798,3.00582662053682,0.900017334,74.3011087096501
"Small",0.265002,"pricemsy_fuelstatus.quo",1994.5,3.63340718201755,"price.fuel.mod","msy","status.quo",1.36367695496224,3.87707147498693,0.879442785,14.0869793424129
"Small",0.265002,"pricemsy_fuelstatus.quo",1995,28.7536075084638,"price.fuel.mod","msy","status.quo",34.102267260659,2.974202323365,0.867027844,85.5190462567984
"Small",0.265002,"pricemsy_fuelstatus.quo",1995.5,4.62208016035476,"price.fuel.mod","msy","status.quo",0.735616089227739,3.19859578961608,0.92666276,14.7841661401787
"Small",0.265002,"pricemsy_fuelstatus.quo",1996,17.0389034621952,"price.fuel.mod","msy","status.quo",33.1773985935543,2.50019980592919,0.990501339,42.6006631294266
"Small",0.265002,"pricemsy_fuelstatus.quo",1996.5,3.15382116732046,"price.fuel.mod","msy","status.quo",0.716812406096025,3.16326652401382,1.235234785,9.97637692131101
"Small",0.265002,"pricemsy_fuelstatus.quo",1997,16.6201184022468,"price.fuel.mod","msy","status.quo",29.4775886362047,3.20074806344115,0.933448325,53.1968117901542
"Small",0.265002,"pricemsy_fuelstatus.quo",1997.5,4.70685088460209,"price.fuel.mod","msy","status.quo",1.69100390344393,3.17160491541806,0.938670805,14.9282714017438
"Small",0.265002,"pricemsy_fuelstatus.quo",1998,39.8178823563558,"price.fuel.mod","msy","status.quo",34.4104421044754,2.32616054446169,0.640660448,92.622786901372
"Small",0.265002,"pricemsy_fuelstatus.quo",1998.5,4.02765375990267,"price.fuel.mod","msy","status.quo",2.05210174026596,2.56029739710157,0.622172867,10.3119914379052
"Small",0.265002,"pricemsy_fuelstatus.quo",1999,32.6134710423104,"price.fuel.mod","msy","status.quo",38.4741550182192,2.39087042848093,0.804286601,77.9745834851791
"Small",0.265002,"pricemsy_fuelstatus.quo",1999.5,7.34105698362153,"price.fuel.mod","msy","status.quo",2.23520985136123,3.15007512047249,1.050467788,23.124880962077
"Small",0.265002,"pricemsy_fuelstatus.quo",2000,28.5136807941917,"price.fuel.mod","msy","status.quo",37.0846168064626,3.42056965332977,1.327541825,97.5330312293439
"Small",0.265002,"pricemsy_fuelstatus.quo",2000.5,3.73610614040668,"price.fuel.mod","msy","status.quo",1.12931721350037,3.50211131063933,1.612986692,13.0842595720673
"Small",0.265002,"pricemsy_fuelstatus.quo",2001,12.7037455022581,"price.fuel.mod","msy","status.quo",38.9592104154854,3.17152612550219,1.194280761,40.2902607521424
"Small",0.265002,"pricemsy_fuelstatus.quo",2001.5,4.55397157179257,"price.fuel.mod","msy","status.quo",0.95305989767346,2.72647203944922,0.975859995,12.416276158939
"Small",0.265002,"pricemsy_fuelstatus.quo",2002,22.4343400748566,"price.fuel.mod","msy","status.quo",32.8442587186268,2.43724646261169,1.070930495,54.678015988472
"Small",0.265002,"pricemsy_fuelstatus.quo",2002.5,5.48568230839342,"price.fuel.mod","msy","status.quo",1.87019646901045,2.48644434759047,1.216097682,13.6398437683818
"Small",0.265002,"pricemsy_fuelstatus.quo",2003,48.5623415081451,"price.fuel.mod","msy","status.quo",39.9101605584912,1.87960607049409,1.210301841,91.2780718961168
"Small",0.265002,"pricemsy_fuelstatus.quo",2003.5,2.60262514573763,"price.fuel.mod","msy","status.quo",1.08131262915648,1.64775643949941,1.269159913,4.28849234349227
"Small",0.265002,"pricemsy_fuelstatus.quo",2004,16.0096258265811,"price.fuel.mod","msy","status.quo",37.7506649665029,1.49426390224892,1.620877333,23.9226059611721
"Small",0.265002,"pricemsy_fuelstatus.quo",2004.5,2.63591123083775,"price.fuel.mod","msy","status.quo",0.542971426348707,1.95329414520825,2.02849139,5.14870997448404
"Small",0.265002,"pricemsy_fuelstatus.quo",2005,8.38963354477427,"price.fuel.mod","msy","status.quo",25.5567941818433,2.276876512803,2.382254002,19.1021595691207
"Small",0.265002,"pricemsy_fuelstatus.quo",2005.5,3.98797224216047,"price.fuel.mod","msy","status.quo",1.92148772697992,2.32541849460168,2.636138142,9.27370440787809
"Small",0.265002,"pricemsy_fuelstatus.quo",2006,20.7297319353103,"price.fuel.mod","msy","status.quo",29.3820294770415,1.64328250817206,2.787784045,34.0648058883913
"Small",0.265002,"pricemsy_fuelstatus.quo",2006.5,4.59297066432427,"price.fuel.mod","msy","status.quo",0.304521701423559,1.71856753817881,2.365521844,7.89333028751523
"Small",0.265002,"pricemsy_fuelstatus.quo",2007,12.5553433506235,"price.fuel.mod","msy","status.quo",27.6217543664749,1.89961137600456,2.755746336,23.8502730584876
"Small",0.265002,"pricemsy_fuelstatus.quo",2007.5,1.33270487173307,"price.fuel.mod","msy","status.quo",0.465516613623862,1.90748378576943,3.320424497,2.54211293404676
"Small",0.265002,"pricemsy_fuelstatus.quo",2008,5.28524230597744,"price.fuel.mod","msy","status.quo",17.7659276919536,1.84321551806618,4.889983343,9.7418406351175
"Small",0.265002,"pricemsy_fuelstatus.quo",2008.5,4.70922035907056,"price.fuel.mod","msy","status.quo",0.817461976283013,1.81599198296602,2.844336426,8.55190641809248
"Small",0.265002,"pricemsy_fuelstatus.quo",2009,17.979744110761,"price.fuel.mod","msy","status.quo",18.8947247584991,1.47843200217586,2.278682818,26.581829084282
"Small",0.265002,"pricemsy_fuelstatus.quo",2009.5,2.28293010983765,"price.fuel.mod","msy","status.quo",0.414448546792974,1.74489870397938,2.572136375,3.98348178993123
"Small",0.265002,"pricemsy_fuelstatus.quo",2010,10.2851345619027,"price.fuel.mod","msy","status.quo",10.3898713043782,2.40726345236337,2.70288658,24.7590285335078
"Small",0.265002,"pricemsy_fuelstatus.quo",2010.5,0.753716117605967,"price.fuel.mod","msy","status.quo",1.58086469169156,1.8721768967639,3.033457857,1.41108990210048
"Small",0.265002,"pricemsy_fuelstatus.quo",2011,8.18772595541504,"price.fuel.mod","msy","status.quo",24.250876531461,1.46960221213565,3.91117392,12.0327001764384
"Small",0.265002,"pricemsy_fuelstatus.quo",2011.5,0.715900385777472,"price.fuel.mod","msy","status.quo",1.02000463321805,2.11229011307718,3.857637569,1.5121893068259
"Small",0.265002,"pricemsy_fuelstatus.quo",2012,8.78661668211595,"price.fuel.mod","msy","status.quo",14.9581501376982,2.01235528403434,3.670647018,17.6817945090403
"Small",0.265002,"pricemsy_fuelstatus.quo",2012.5,0.634382261630834,"price.fuel.mod","msy","status.quo",1.06246201400765,1.95729714018241,3.926350999,1.24167458647248
"Small",0.265002,"pricemsy_fuelstatus.quo",2013,8.52158969134006,"price.fuel.mod","msy","status.quo",23.121954254089,2.08313110442743,3.59356354,17.7515885451986
"Small",0.265002,"pricemsy_fuelstatus.quo",2013.5,0.80354423404111,"price.fuel.mod","msy","status.quo",1.11985873291099,3.47567759827312,3.730174711,2.79286069347822
"Small",0.265002,"pricemsy_fuelstatus.quo",2014,5.08384536835863,"price.fuel.mod","msy","status.quo",25.8305466848948,3.59725315728399,3.505636196,18.2878788024717
"Small",0.265002,"pricemsy_fuelstatus.quo",2014.5,2.38240519341649,"price.fuel.mod","msy","status.quo",1.43466762510486,2.30597696796899,2.841017708,5.49377150438813
"Small",0.265002,"pricemsy_fuelstatus.quo",2015,23.7255383646818,"price.fuel.mod","msy","status.quo",17.7198833877751,1.60367976611785,2.014201659,38.0481658156931
"Small",0.265002,"pricemsy_fuelstatus.quo",2015.5,4.51976358059737,"price.fuel.mod","msy","status.quo",0.893230523631532,1.74925517610095,1.59375734,7.90621983811253
"Small",0.265002,"pricemsy_fuelstatus.quo",2016,14.2959342187336,"price.fuel.mod","msy","status.quo",13.7848418529771,1.36349750789189,1.64619339,19.4924706802296
"Small",0.265002,"pricemsy_fuelstatus.quo",2016.5,2.35587317854296,"price.fuel.mod","msy","status.quo",2.07950199163093,2.21804534012833,1.755500592,5.22543352560052
"Small",0.265002,"pricemsy_fuelstatus.quo",2017,16.5151099488061,"price.fuel.mod","msy","status.quo",16.1131159758896,1.54110611853533,1.721349829,25.4515369903887
"Small",0.265002,"pricemsy_fuelstatus.quo",2017.5,4.17443452801571,"price.fuel.mod","msy","status.quo",2.88503781328209,1.90789517166,2.115492451,7.96438348041196
"Small",0.265002,"pricemsy_fuelstatus.quo",2018,8.59259116314626,"price.fuel.mod","msy","status.quo",24.659261960846,1.44488280433977,2.502609693,12.4152872163519
"Small",0.265002,"pricemsy_fuelstatus.quo",2018.5,3.21258314899257,"price.fuel.mod","msy","status.quo",0.766913261974894,1.54754568558391,2.434931942,4.97161919180302
"Small",0.265002,"pricemsy_fuelstatus.quo",2019,20.7978156247289,"price.fuel.mod","msy","status.quo",12.1964944971997,1.60329405331422,2.166705119,33.3450141130535
"Small",0.265002,"pricemsy_fuelstatus.quo",2019.5,3.24676204636475,"price.fuel.mod","msy","status.quo",0.49134503743693,1.84553430067428,2.217115677,5.99201072269357
"Small",0.265002,"pricemsy_fuelstatus.quo",2020,46.1233607871519,"price.fuel.mod","msy","status.quo",8.45437092584065,1.74321307533248,1.223776883,80.4028456024407
"Small",0.265002,"pricemsy_fuelstatus.quo",2020.5,6.18288786912017,"price.fuel.mod","msy","status.quo",0.365339397994311,1.99966936626942,1.326079845,12.3637314669585
"Small",0.265002,"pricemsy_fuelstatus.quo",2021,39.7868224520135,"price.fuel.mod","msy","status.quo",10.9727795586288,2.19867920946227,2.064034533,87.4784593358086
"Small",0.265002,"pricemsy_fuelstatus.quo",2021.5,3.02972604192832,"price.fuel.mod","msy","status.quo",0.63159289139346,1.95371255603988,2.34283939,5.91921380947637
"Small",0.265002,"pricemsy_fuelstatus.quo",2022,7.73812243170845,"price.fuel.mod","msy","status.quo",7.02551689200128,1.20079679537534,3.992053255,9.29191261821754
"Small",0.265002,"pricemsy_fuelstatus.quo",2022.5,2.14698323252443,"price.fuel.mod","msy","status.quo",0.425794667042911,1.33949152023172,3.5445,2.87586583404616
"Small",0.265002,"pricemsy_fuelstatus.quo",2023,61.7662608300428,"price.fuel.mod","msy","status.quo",NA,1.73926042045185,2.41554731766667,107.427612780999
"Small",0.265002,"pricemsy_fuelstatus.quo",2023.5,27.5744844048342,"price.fuel.mod","msy","status.quo",NA,1.73926042045185,2.41554731766667,47.959209339695
"Small",0.265002,"pricemsy_fuelstatus.quo",2024,87.3149724405413,"price.fuel.mod","msy","status.quo",NA,1.73926042045185,2.41554731766667,151.863475678678
"Small",0.265002,"pricemsy_fuelstatus.quo",2024.5,21.0321020589262,"price.fuel.mod","msy","status.quo",NA,1.73926042045185,2.41554731766667,36.5803026699942
"Small",0.265002,"pricemsy_fuelstatus.quo",2025,81.5787480965962,"price.fuel.mod","msy","status.quo",NA,1.73926042045185,2.41554731766667,141.886687714422
"Small",0.265002,"pricemsy_fuelstatus.quo",2025.5,15.1612302985956,"price.fuel.mod","msy","status.quo",NA,1.73926042045185,2.41554731766667,26.3693277837027
"Small",0.265002,"pricemsy_fuelstatus.quo",2026,80.5549474814675,"price.fuel.mod","msy","status.quo",NA,1.73926042045185,2.41554731766667,140.106031826094
"Small",0.265002,"pricemsy_fuelstatus.quo",2026.5,13.6889092869152,"price.fuel.mod","msy","status.quo",NA,1.73926042045185,2.41554731766667,23.8085781218873
"Small",0.265002,"pricemsy_fuelstatus.quo",2027,76.460185338668,"price.fuel.mod","msy","status.quo",NA,1.73926042045185,2.41554731766667,132.984174099958
"Large",999,"edm.nopricefuel",1987,6.71737977735683,"best.mod","edm.nopricefuel","edm.nopricefuel",6.71737977735683,12.5899917441796,1.193864043,84.5717559394414
"Medium",999,"edm.nopricefuel",1987,32.7194132783767,"best.mod","edm.nopricefuel","edm.nopricefuel",32.7194132783767,6.08983897957365,1.193864043,199.255958371438
"Small",999,"edm.nopricefuel",1987,33.1699600876773,"best.mod","edm.nopricefuel","edm.nopricefuel",33.1699600876773,3.46223983102226,1.193864043,114.842357008975
"Large",999,"edm.nopricefuel",1987.5,10.622314411265,"best.mod","edm.nopricefuel","edm.nopricefuel",10.622314411265,12.0793895597091,1.218517776,128.311073799381
"Medium",999,"edm.nopricefuel",1987.5,7.64637899895229,"best.mod","edm.nopricefuel","edm.nopricefuel",7.64637899895229,6.22272095995808,1.218517776,47.5812828645637
"Small",999,"edm.nopricefuel",1987.5,1.55534427195328,"best.mod","edm.nopricefuel","edm.nopricefuel",1.55534427195328,4.03600829559881,1.218517776,6.27738238411554
"Large",999,"edm.nopricefuel",1988,8.57325287037129,"best.mod","edm.nopricefuel","edm.nopricefuel",8.57325287037129,12.6057295038419,0.992170369,108.072106651937
"Medium",999,"edm.nopricefuel",1988,32.816615646671,"best.mod","edm.nopricefuel","edm.nopricefuel",32.816615646671,5.28614926542636,0.992170369,173.473528694429
"Small",999,"edm.nopricefuel",1988,23.8431624881257,"best.mod","edm.nopricefuel","edm.nopricefuel",23.8431624881257,2.83796100605314,0.992170369,67.6659654022896
"Large",999,"edm.nopricefuel",1988.5,10.8087014478752,"best.mod","edm.nopricefuel","edm.nopricefuel",10.8087014478752,12.5584041151657,0.95042966,135.740040742593
"Medium",999,"edm.nopricefuel",1988.5,5.51691034329667,"best.mod","edm.nopricefuel","edm.nopricefuel",5.51691034329667,5.92203308328633,0.95042966,32.6713255705274
"Small",999,"edm.nopricefuel",1988.5,0.720080044745491,"best.mod","edm.nopricefuel","edm.nopricefuel",0.720080044745491,3.55275304925539,0.95042966,2.5582665746775
"Large",999,"edm.nopricefuel",1989,8.31618564404666,"best.mod","edm.nopricefuel","edm.nopricefuel",8.31618564404666,10.1603157047673,1.040677249,84.4950716029678
"Medium",999,"edm.nopricefuel",1989,36.5678534777813,"best.mod","edm.nopricefuel","edm.nopricefuel",36.5678534777813,5.11980548744016,1.040677249,187.220296899453
"Small",999,"edm.nopricefuel",1989,28.7755001766216,"best.mod","edm.nopricefuel","edm.nopricefuel",28.7755001766216,2.51462103845419,1.040677249,72.3594781361749
"Large",999,"edm.nopricefuel",1989.5,13.0119615266943,"best.mod","edm.nopricefuel","edm.nopricefuel",13.0119615266943,8.85794163390862,1.319286796,115.259195746123
"Medium",999,"edm.nopricefuel",1989.5,9.12915061718908,"best.mod","edm.nopricefuel","edm.nopricefuel",9.12915061718908,5.89339168953183,1.319286796,53.8016603798265
"Small",999,"edm.nopricefuel",1989.5,1.15542976955331,"best.mod","edm.nopricefuel","edm.nopricefuel",1.15542976955331,3.07473626443988,1.319286796,3.55264181345897
"Large",999,"edm.nopricefuel",1990,10.4664894841967,"best.mod","edm.nopricefuel","edm.nopricefuel",10.4664894841967,8.57265311491896,1.165362175,89.7255836789657
"Medium",999,"edm.nopricefuel",1990,35.6475771015084,"best.mod","edm.nopricefuel","edm.nopricefuel",35.6475771015084,4.69183072247511,1.165362175,167.252397426658
"Small",999,"edm.nopricefuel",1990,40.4141643858711,"best.mod","edm.nopricefuel","edm.nopricefuel",40.4141643858711,2.31713756835269,1.165362175,93.6451785920831
"Large",999,"edm.nopricefuel",1990.5,12.3173138400001,"best.mod","edm.nopricefuel","edm.nopricefuel",12.3173138400001,10.121152066617,1.749252381,124.665406426887
"Medium",999,"edm.nopricefuel",1990.5,8.40505368169431,"best.mod","edm.nopricefuel","edm.nopricefuel",8.40505368169431,5.87198459467529,1.749252381,49.3543457363279
"Small",999,"edm.nopricefuel",1990.5,0.71930936977849,"best.mod","edm.nopricefuel","edm.nopricefuel",0.71930936977849,3.31075264722307,1.749252381,2.3814554001665
"Large",999,"edm.nopricefuel",1991,10.6108380057583,"best.mod","edm.nopricefuel","edm.nopricefuel",10.6108380057583,9.45743851223052,1.109832663,100.351348002698
"Medium",999,"edm.nopricefuel",1991,27.3423279699856,"best.mod","edm.nopricefuel","edm.nopricefuel",27.3423279699856,5.29812880233018,1.109832663,144.863175340539
"Small",999,"edm.nopricefuel",1991,29.6999205320081,"best.mod","edm.nopricefuel","edm.nopricefuel",29.6999205320081,2.75220541657956,1.109832663,81.7402821601751
"Large",999,"edm.nopricefuel",1991.5,12.4879838019052,"best.mod","edm.nopricefuel","edm.nopricefuel",12.4879838019052,8.90923640938927,1.186270087,111.258399967798
"Medium",999,"edm.nopricefuel",1991.5,6.60304838164396,"best.mod","edm.nopricefuel","edm.nopricefuel",6.60304838164396,5.66122882462061,1.186270087,37.3813678285272
"Small",999,"edm.nopricefuel",1991.5,1.45164641335001,"best.mod","edm.nopricefuel","edm.nopricefuel",1.45164641335001,3.33127362657706,1.186270087,4.83583141190809
"Large",999,"edm.nopricefuel",1992,4.36900738448302,"best.mod","edm.nopricefuel","edm.nopricefuel",4.36900738448302,9.78433680553042,1.136504152,42.7478397556314
"Medium",999,"edm.nopricefuel",1992,22.2825090419081,"best.mod","edm.nopricefuel","edm.nopricefuel",22.2825090419081,5.27007850286719,1.136504152,117.430571891704
"Small",999,"edm.nopricefuel",1992,22.1974889327821,"best.mod","edm.nopricefuel","edm.nopricefuel",22.1974889327821,3.34190966430881,1.136504152,74.1820027878521
"Large",999,"edm.nopricefuel",1992.5,12.1414743179632,"best.mod","edm.nopricefuel","edm.nopricefuel",12.1414743179632,9.61389512435446,1.119827889,116.726860747942
"Medium",999,"edm.nopricefuel",1992.5,8.04572442883319,"best.mod","edm.nopricefuel","edm.nopricefuel",8.04572442883319,5.34944559516089,1.119827889,43.0401651057
"Small",999,"edm.nopricefuel",1992.5,1.90915308007694,"best.mod","edm.nopricefuel","edm.nopricefuel",1.90915308007694,3.40282759475462,1.119827889,6.49651878349659
"Large",999,"edm.nopricefuel",1993,3.71286139165064,"best.mod","edm.nopricefuel","edm.nopricefuel",3.71286139165064,9.68624084782594,0.970890649,35.9636696741223
"Medium",999,"edm.nopricefuel",1993,16.9236119526854,"best.mod","edm.nopricefuel","edm.nopricefuel",16.9236119526854,4.69304570072945,0.970890649,79.4232843153636
"Small",999,"edm.nopricefuel",1993,31.251177401142,"best.mod","edm.nopricefuel","edm.nopricefuel",31.251177401142,2.55240244206907,0.970890649,79.7655815162085
"Large",999,"edm.nopricefuel",1993.5,9.6599860067035,"best.mod","edm.nopricefuel","edm.nopricefuel",9.6599860067035,9.72021935763151,0.925675909,93.8971829768089
"Medium",999,"edm.nopricefuel",1993.5,6.56173810175156,"best.mod","edm.nopricefuel","edm.nopricefuel",6.56173810175156,5.6129027756598,0.925675909,36.830398004474
"Small",999,"edm.nopricefuel",1993.5,0.649131295937703,"best.mod","edm.nopricefuel","edm.nopricefuel",0.649131295937703,2.80837868563889,0.925675909,1.82300649569259
"Large",999,"edm.nopricefuel",1994,5.51132667262915,"best.mod","edm.nopricefuel","edm.nopricefuel",5.51132667262915,10.8613688089981,0.900017334,59.8605516182937
"Medium",999,"edm.nopricefuel",1994,22.2137154211208,"best.mod","edm.nopricefuel","edm.nopricefuel",22.2137154211208,7.16914108424744,0.900017334,159.253259859338
"Small",999,"edm.nopricefuel",1994,21.9947786917798,"best.mod","edm.nopricefuel","edm.nopricefuel",21.9947786917798,3.00582662053682,0.900017334,66.1124913045677
"Large",999,"edm.nopricefuel",1994.5,11.8112138407078,"best.mod","edm.nopricefuel","edm.nopricefuel",11.8112138407078,10.7633585365074,0.879442785,127.128329318897
"Medium",999,"edm.nopricefuel",1994.5,6.25221156996301,"best.mod","edm.nopricefuel","edm.nopricefuel",6.25221156996301,7.27604909512476,0.879442785,45.4913983361579
"Small",999,"edm.nopricefuel",1994.5,1.36367695496224,"best.mod","edm.nopricefuel","edm.nopricefuel",1.36367695496224,3.87707147498693,0.879442785,5.28707302318112
"Large",999,"edm.nopricefuel",1995,6.21391252952628,"best.mod","edm.nopricefuel","edm.nopricefuel",6.21391252952628,10.7890232405838,0.867027844,67.0420466960141
"Medium",999,"edm.nopricefuel",1995,20.030923425577,"best.mod","edm.nopricefuel","edm.nopricefuel",20.030923425577,5.32227477000002,0.867027844,106.610078367751
"Small",999,"edm.nopricefuel",1995,34.102267260659,"best.mod","edm.nopricefuel","edm.nopricefuel",34.102267260659,2.974202323365,0.867027844,101.427042518666
"Large",999,"edm.nopricefuel",1995.5,11.1939421930543,"best.mod","edm.nopricefuel","edm.nopricefuel",11.1939421930543,9.62593281197826,0.92666276,107.752135451509
"Medium",999,"edm.nopricefuel",1995.5,6.04923251875156,"best.mod","edm.nopricefuel","edm.nopricefuel",6.04923251875156,5.09212478044929,0.92666276,30.8034468114345
"Small",999,"edm.nopricefuel",1995.5,0.735616089227739,"best.mod","edm.nopricefuel","edm.nopricefuel",0.735616089227739,3.19859578961608,0.92666276,2.35293852577769
"Large",999,"edm.nopricefuel",1996,4.69273193485784,"best.mod","edm.nopricefuel","edm.nopricefuel",4.69273193485784,10.3436601282369,0.990501339,48.540024207093
"Medium",999,"edm.nopricefuel",1996,20.8366043824406,"best.mod","edm.nopricefuel","edm.nopricefuel",20.8366043824406,4.72257319055959,0.990501339,98.4023892388102
"Small",999,"edm.nopricefuel",1996,33.1773985935543,"best.mod","edm.nopricefuel","edm.nopricefuel",33.1773985935543,2.50019980592919,0.990501339,82.9501255248397
"Large",999,"edm.nopricefuel",1996.5,10.9515132054804,"best.mod","edm.nopricefuel","edm.nopricefuel",10.9515132054804,10.4387237810633,1.235234785,114.319821336677
"Medium",999,"edm.nopricefuel",1996.5,6.16548682253209,"best.mod","edm.nopricefuel","edm.nopricefuel",6.16548682253209,5.66253041071969,1.235234785,34.9122566294795
"Small",999,"edm.nopricefuel",1996.5,0.716812406096025,"best.mod","edm.nopricefuel","edm.nopricefuel",0.716812406096025,3.16326652401382,1.235234785,2.26746868820135
"Large",999,"edm.nopricefuel",1997,3.43510362636754,"best.mod","edm.nopricefuel","edm.nopricefuel",3.43510362636754,11.5771198057125,0.933448325,39.7686062274946
"Medium",999,"edm.nopricefuel",1997,16.3328456637844,"best.mod","edm.nopricefuel","edm.nopricefuel",16.3328456637844,6.69271878623742,0.933448325,109.311143006726
"Small",999,"edm.nopricefuel",1997,29.4775886362047,"best.mod","edm.nopricefuel","edm.nopricefuel",29.4775886362047,3.20074806344115,0.933448325,94.3503347422469
"Large",999,"edm.nopricefuel",1997.5,9.04681397446952,"best.mod","edm.nopricefuel","edm.nopricefuel",9.04681397446952,11.3781664584964,0.938670805,102.936155320566
"Medium",999,"edm.nopricefuel",1997.5,7.94680082880489,"best.mod","edm.nopricefuel","edm.nopricefuel",7.94680082880489,6.70282972128026,0.938670805,53.266052784408
"Small",999,"edm.nopricefuel",1997.5,1.69100390344393,"best.mod","edm.nopricefuel","edm.nopricefuel",1.69100390344393,3.17160491541806,0.938670805,5.36319629215391
"Large",999,"edm.nopricefuel",1998,4.24075938686746,"best.mod","edm.nopricefuel","edm.nopricefuel",4.24075938686746,10.7769406001589,0.640660448,45.7024120118371
"Medium",999,"edm.nopricefuel",1998,24.0115004673135,"best.mod","edm.nopricefuel","edm.nopricefuel",24.0115004673135,4.55282361783213,0.640660448,109.320126427172
"Small",999,"edm.nopricefuel",1998,34.4104421044754,"best.mod","edm.nopricefuel","edm.nopricefuel",34.4104421044754,2.32616054446169,0.640660448,80.0442127409138
"Large",999,"edm.nopricefuel",1998.5,12.0293003674683,"best.mod","edm.nopricefuel","edm.nopricefuel",12.0293003674683,9.51226679526253,0.622172867,114.425914455708
"Medium",999,"edm.nopricefuel",1998.5,7.21680260156809,"best.mod","edm.nopricefuel","edm.nopricefuel",7.21680260156809,4.56254309845653,0.622172867,32.9269729027076
"Small",999,"edm.nopricefuel",1998.5,2.05210174026596,"best.mod","edm.nopricefuel","edm.nopricefuel",2.05210174026596,2.56029739710157,0.622172867,5.25399074419053
"Large",999,"edm.nopricefuel",1999,6.26837397930924,"best.mod","edm.nopricefuel","edm.nopricefuel",6.26837397930924,10.3714508913732,0.804286601,65.0121328951676
"Medium",999,"edm.nopricefuel",1999,20.1063773758566,"best.mod","edm.nopricefuel","edm.nopricefuel",20.1063773758566,4.84198465538306,0.804286601,97.3547707292389
"Small",999,"edm.nopricefuel",1999,38.4741550182192,"best.mod","edm.nopricefuel","edm.nopricefuel",38.4741550182192,2.39087042848093,0.804286601,91.9867194938516
"Large",999,"edm.nopricefuel",1999.5,9.94572173827841,"best.mod","edm.nopricefuel","edm.nopricefuel",9.94572173827841,10.6330528005955,1.050467788,105.753384383144
"Medium",999,"edm.nopricefuel",1999.5,6.42932894524407,"best.mod","edm.nopricefuel","edm.nopricefuel",6.42932894524407,6.01017980396059,1.050467788,38.6414229797252
"Small",999,"edm.nopricefuel",1999.5,2.23520985136123,"best.mod","edm.nopricefuel","edm.nopricefuel",2.23520985136123,3.15007512047249,1.050467788,7.04107894180802
"Large",999,"edm.nopricefuel",2000,9.60103636139893,"best.mod","edm.nopricefuel","edm.nopricefuel",9.60103636139893,10.7508888167683,1.327541825,103.21967444715
"Medium",999,"edm.nopricefuel",2000,28.1806030510016,"best.mod","edm.nopricefuel","edm.nopricefuel",28.1806030510016,6.33227130160756,1.327541825,178.447223961852
"Small",999,"edm.nopricefuel",2000,37.0846168064626,"best.mod","edm.nopricefuel","edm.nopricefuel",37.0846168064626,3.42056965332977,1.327541825,126.850514853549
"Large",999,"edm.nopricefuel",2000.5,12.330422287742,"best.mod","edm.nopricefuel","edm.nopricefuel",12.330422287742,9.34581671991077,1.612986692,115.23786678034
"Medium",999,"edm.nopricefuel",2000.5,8.71077659307286,"best.mod","edm.nopricefuel","edm.nopricefuel",8.71077659307286,5.90087585057623,1.612986692,51.4012112378283
"Small",999,"edm.nopricefuel",2000.5,1.12931721350037,"best.mod","edm.nopricefuel","edm.nopricefuel",1.12931721350037,3.50211131063933,1.612986692,3.95499458669935
"Large",999,"edm.nopricefuel",2001,7.91172740953807,"best.mod","edm.nopricefuel","edm.nopricefuel",7.91172740953807,9.69680841162668,1.194280761,76.7185048953061
"Medium",999,"edm.nopricefuel",2001,28.3160763222633,"best.mod","edm.nopricefuel","edm.nopricefuel",28.3160763222633,4.47355045862035,1.194280761,126.67339621779
"Small",999,"edm.nopricefuel",2001,38.9592104154854,"best.mod","edm.nopricefuel","edm.nopricefuel",38.9592104154854,3.17152612550219,1.194280761,123.560153661649
"Large",999,"edm.nopricefuel",2001.5,9.53611922083641,"best.mod","edm.nopricefuel","edm.nopricefuel",9.53611922083641,8.24439553464669,0.975859995,78.6195387221221
"Medium",999,"edm.nopricefuel",2001.5,5.47603106489692,"best.mod","edm.nopricefuel","edm.nopricefuel",5.47603106489692,4.42953362104376,0.975859995,24.256263711841
"Small",999,"edm.nopricefuel",2001.5,0.95305989767346,"best.mod","edm.nopricefuel","edm.nopricefuel",0.95305989767346,2.72647203944922,0.975859995,2.59849116292702
"Large",999,"edm.nopricefuel",2002,5.90490467986567,"best.mod","edm.nopricefuel","edm.nopricefuel",5.90490467986567,7.03546425864735,1.070930495,41.5437458259144
"Medium",999,"edm.nopricefuel",2002,20.8191160581067,"best.mod","edm.nopricefuel","edm.nopricefuel",20.8191160581067,3.66198228125976,1.070930495,76.2392341162773
"Small",999,"edm.nopricefuel",2002,32.8442587186268,"best.mod","edm.nopricefuel","edm.nopricefuel",32.8442587186268,2.43724646261169,1.070930495,80.0495533790763
"Large",999,"edm.nopricefuel",2002.5,8.21494371689397,"best.mod","edm.nopricefuel","edm.nopricefuel",8.21494371689397,7.15032103828286,1.216097682,58.7394848872165
"Medium",999,"edm.nopricefuel",2002.5,6.9024297187297,"best.mod","edm.nopricefuel","edm.nopricefuel",6.9024297187297,4.02193440093658,1.216097682,27.761119535806
"Small",999,"edm.nopricefuel",2002.5,1.87019646901045,"best.mod","edm.nopricefuel","edm.nopricefuel",1.87019646901045,2.48644434759047,1.216097682,4.65013943925469
"Large",999,"edm.nopricefuel",2003,5.88659270493106,"best.mod","edm.nopricefuel","edm.nopricefuel",5.88659270493106,6.83775934994511,1.210301841,40.2511043074611
"Medium",999,"edm.nopricefuel",2003,22.7726223065002,"best.mod","edm.nopricefuel","edm.nopricefuel",22.7726223065002,3.41458224662662,1.210301841,77.7589918369091
"Small",999,"edm.nopricefuel",2003,39.9101605584912,"best.mod","edm.nopricefuel","edm.nopricefuel",39.9101605584912,1.87960607049409,1.210301841,75.015380060134
"Large",999,"edm.nopricefuel",2003.5,9.7458138599594,"best.mod","edm.nopricefuel","edm.nopricefuel",9.7458138599594,6.03783529573531,1.269159913,58.8436189093293
"Medium",999,"edm.nopricefuel",2003.5,6.95872350472763,"best.mod","edm.nopricefuel","edm.nopricefuel",6.95872350472763,3.1173102683852,1.269159913,21.6925002361409
"Small",999,"edm.nopricefuel",2003.5,1.08131262915648,"best.mod","edm.nopricefuel","edm.nopricefuel",1.08131262915648,1.64775643949941,1.269159913,1.78173984780463
"Large",999,"edm.nopricefuel",2004,6.97115490146669,"best.mod","edm.nopricefuel","edm.nopricefuel",6.97115490146669,6.51352108495447,1.620877333,45.406764437187
"Medium",999,"edm.nopricefuel",2004,16.488138917693,"best.mod","edm.nopricefuel","edm.nopricefuel",16.488138917693,2.96352396392705,1.620877333,48.8629948031416
"Small",999,"edm.nopricefuel",2004,37.7506649665029,"best.mod","edm.nopricefuel","edm.nopricefuel",37.7506649665029,1.49426390224892,1.620877333,56.4094559453383
"Large",999,"edm.nopricefuel",2004.5,10.0288422319289,"best.mod","edm.nopricefuel","edm.nopricefuel",10.0288422319289,6.56657427628878,2.02849139,65.8551374211426
"Medium",999,"edm.nopricefuel",2004.5,5.41492897646919,"best.mod","edm.nopricefuel","edm.nopricefuel",5.41492897646919,3.2568059561738,2.02849139,17.635372942823
"Small",999,"edm.nopricefuel",2004.5,0.542971426348707,"best.mod","edm.nopricefuel","edm.nopricefuel",0.542971426348707,1.95329414520825,2.02849139,1.0605829081023
"Large",999,"edm.nopricefuel",2005,5.57953019668072,"best.mod","edm.nopricefuel","edm.nopricefuel",5.57953019668072,6.02719887276295,2.382254002,33.6289381119809
"Medium",999,"edm.nopricefuel",2005,12.5141930894517,"best.mod","edm.nopricefuel","edm.nopricefuel",12.5141930894517,3.40067473540805,2.382254002,42.5567002733166
"Small",999,"edm.nopricefuel",2005,25.5567941818433,"best.mod","edm.nopricefuel","edm.nopricefuel",25.5567941818433,2.276876512803,2.382254002,58.1896644151794
"Large",999,"edm.nopricefuel",2005.5,10.0812503959341,"best.mod","edm.nopricefuel","edm.nopricefuel",10.0812503959341,5.6234149093112,2.636138142,56.6910537809955
"Medium",999,"edm.nopricefuel",2005.5,5.3781189264929,"best.mod","edm.nopricefuel","edm.nopricefuel",5.3781189264929,3.32928335785263,2.636138142,17.9052818385251
"Small",999,"edm.nopricefuel",2005.5,1.92148772697992,"best.mod","edm.nopricefuel","edm.nopricefuel",1.92148772697992,2.32541849460168,2.636138142,4.46826309746926
"Large",999,"edm.nopricefuel",2006,9.32814760671619,"best.mod","edm.nopricefuel","edm.nopricefuel",9.32814760671619,4.72089382927121,2.787784045,44.0371944750775
"Medium",999,"edm.nopricefuel",2006,21.8386311572776,"best.mod","edm.nopricefuel","edm.nopricefuel",21.8386311572776,2.58047613508342,2.787784045,56.3540665242441
"Small",999,"edm.nopricefuel",2006,29.3820294770415,"best.mod","edm.nopricefuel","edm.nopricefuel",29.3820294770415,1.64328250817206,2.787784045,48.2829750942183
"Large",999,"edm.nopricefuel",2006.5,19.3733736458873,"best.mod","edm.nopricefuel","edm.nopricefuel",19.3733736458873,4.22533641185959,2.365521844,81.8590210865286
"Medium",999,"edm.nopricefuel",2006.5,8.63501978553956,"best.mod","edm.nopricefuel","edm.nopricefuel",8.63501978553956,2.57368762405512,2.365521844,22.2238435555142
"Small",999,"edm.nopricefuel",2006.5,0.304521701423559,"best.mod","edm.nopricefuel","edm.nopricefuel",0.304521701423559,1.71856753817881,2.365521844,0.523341110737508
"Large",999,"edm.nopricefuel",2007,8.93251755415469,"best.mod","edm.nopricefuel","edm.nopricefuel",8.93251755415469,5.4674366499906,2.755746336,48.8379738522698
"Medium",999,"edm.nopricefuel",2007,17.8553156773805,"best.mod","edm.nopricefuel","edm.nopricefuel",17.8553156773805,2.78674750448948,2.755746336,49.7582564058119
"Small",999,"edm.nopricefuel",2007,27.6217543664749,"best.mod","edm.nopricefuel","edm.nopricefuel",27.6217543664749,1.89961137600456,2.755746336,52.4705988197594
"Large",999,"edm.nopricefuel",2007.5,11.9723465627928,"best.mod","edm.nopricefuel","edm.nopricefuel",11.9723465627928,5.86706497636183,3.320424497,70.2425352034277
"Medium",999,"edm.nopricefuel",2007.5,5.52115890238281,"best.mod","edm.nopricefuel","edm.nopricefuel",5.52115890238281,3.19323641553863,3.320424497,17.6303656630641
"Small",999,"edm.nopricefuel",2007.5,0.465516613623862,"best.mod","edm.nopricefuel","edm.nopricefuel",0.465516613623862,1.90748378576943,3.320424497,0.887965392493809
"Large",999,"edm.nopricefuel",2008,6.8632023388661,"best.mod","edm.nopricefuel","edm.nopricefuel",6.8632023388661,6.87395329195337,4.889983343,47.1773323105907
"Medium",999,"edm.nopricefuel",2008,11.3577946496599,"best.mod","edm.nopricefuel","edm.nopricefuel",11.3577946496599,3.91862878927398,4.889983343,44.5069810968191
"Small",999,"edm.nopricefuel",2008,17.7659276919536,"best.mod","edm.nopricefuel","edm.nopricefuel",17.7659276919536,1.84321551806618,4.889983343,32.7464336146506
"Large",999,"edm.nopricefuel",2008.5,12.9867202704612,"best.mod","edm.nopricefuel","edm.nopricefuel",12.9867202704612,4.910949850942,2.844336426,63.7771319764467
"Medium",999,"edm.nopricefuel",2008.5,5.08086533882322,"best.mod","edm.nopricefuel","edm.nopricefuel",5.08086533882322,3.33130130874346,2.844336426,16.9258933527711
"Small",999,"edm.nopricefuel",2008.5,0.817461976283013,"best.mod","edm.nopricefuel","edm.nopricefuel",0.817461976283013,1.81599198296602,2.844336426,1.48450439530951
"Large",999,"edm.nopricefuel",2009,11.3957385120874,"best.mod","edm.nopricefuel","edm.nopricefuel",11.3957385120874,3.4946185695594,2.278682818,39.8237594181839
"Medium",999,"edm.nopricefuel",2009,17.9668851781964,"best.mod","edm.nopricefuel","edm.nopricefuel",17.9668851781964,2.25868223125,2.278682818,40.5814843029012
"Small",999,"edm.nopricefuel",2009,18.8947247584991,"best.mod","edm.nopricefuel","edm.nopricefuel",18.8947247584991,1.47843200217586,2.278682818,27.9345657552697
"Large",999,"edm.nopricefuel",2009.5,20.1822701677183,"best.mod","edm.nopricefuel","edm.nopricefuel",20.1822701677183,3.95084796176061,2.572136375,79.7370809558319
"Medium",999,"edm.nopricefuel",2009.5,7.57574099599588,"best.mod","edm.nopricefuel","edm.nopricefuel",7.57574099599588,2.39828041246072,2.572136375,18.1687512405726
"Small",999,"edm.nopricefuel",2009.5,0.414448546792974,"best.mod","edm.nopricefuel","edm.nopricefuel",0.414448546792974,1.74489870397938,2.572136375,0.723170732165198
"Large",999,"edm.nopricefuel",2010,4.93689076135254,"best.mod","edm.nopricefuel","edm.nopricefuel",4.93689076135254,6.8935907213382,2.70288658,34.0329043447201
"Medium",999,"edm.nopricefuel",2010,8.04780714544663,"best.mod","edm.nopricefuel","edm.nopricefuel",8.04780714544663,3.03808440430528,2.70288658,24.449917377438
"Small",999,"edm.nopricefuel",2010,10.3898713043782,"best.mod","edm.nopricefuel","edm.nopricefuel",10.3898713043782,2.40726345236337,2.70288658,25.0111574657887
"Large",999,"edm.nopricefuel",2010.5,11.8949437102665,"best.mod","edm.nopricefuel","edm.nopricefuel",11.8949437102665,6.08552889172307,3.033457857,72.3870236142462
"Medium",999,"edm.nopricefuel",2010.5,8.57478318074798,"best.mod","edm.nopricefuel","edm.nopricefuel",8.57478318074798,3.07854866749727,3.033457857,26.3978873351697
"Small",999,"edm.nopricefuel",2010.5,1.58086469169156,"best.mod","edm.nopricefuel","edm.nopricefuel",1.58086469169156,1.8721768967639,3.033457857,2.95965835269474
"Large",999,"edm.nopricefuel",2011,7.43116987306931,"best.mod","edm.nopricefuel","edm.nopricefuel",7.43116987306931,6.42924813142202,3.91117392,47.7768350207105
"Medium",999,"edm.nopricefuel",2011,17.8287157295084,"best.mod","edm.nopricefuel","edm.nopricefuel",17.8287157295084,3.21106661498974,3.91117392,57.249193867167
"Small",999,"edm.nopricefuel",2011,24.250876531461,"best.mod","edm.nopricefuel","edm.nopricefuel",24.250876531461,1.46960221213565,3.91117392,35.6391417968635
"Large",999,"edm.nopricefuel",2011.5,15.2124204306267,"best.mod","edm.nopricefuel","edm.nopricefuel",15.2124204306267,6.12657011782144,3.857637569,93.1999604300137
"Medium",999,"edm.nopricefuel",2011.5,8.37455860329747,"best.mod","edm.nopricefuel","edm.nopricefuel",8.37455860329747,3.77640735527577,3.857637569,31.6257447066805
"Small",999,"edm.nopricefuel",2011.5,1.02000463321805,"best.mod","edm.nopricefuel","edm.nopricefuel",1.02000463321805,2.11229011307718,3.857637569,2.1545457020394
"Large",999,"edm.nopricefuel",2012,8.20944256638802,"best.mod","edm.nopricefuel","edm.nopricefuel",8.20944256638802,5.37802611663949,3.670647018,44.1505965250867
"Medium",999,"edm.nopricefuel",2012,18.6467153647801,"best.mod","edm.nopricefuel","edm.nopricefuel",18.6467153647801,3.43378376176959,3.670647018,64.0287884299213
"Small",999,"edm.nopricefuel",2012,14.9581501376982,"best.mod","edm.nopricefuel","edm.nopricefuel",14.9581501376982,2.01235528403434,3.670647018,30.1011124689759
"Large",999,"edm.nopricefuel",2012.5,12.7487994935888,"best.mod","edm.nopricefuel","edm.nopricefuel",12.7487994935888,5.26996060725231,3.926350999,67.1856711209712
"Medium",999,"edm.nopricefuel",2012.5,8.81451598006909,"best.mod","edm.nopricefuel","edm.nopricefuel",8.81451598006909,3.3867862695019,3.926350999,29.8528816936031
"Small",999,"edm.nopricefuel",2012.5,1.06246201400765,"best.mod","edm.nopricefuel","edm.nopricefuel",1.06246201400765,1.95729714018241,3.926350999,2.07955386156961
"Large",999,"edm.nopricefuel",2013,8.12879485408897,"best.mod","edm.nopricefuel","edm.nopricefuel",8.12879485408897,7.29940876517483,3.59356354,59.335396408245
"Medium",999,"edm.nopricefuel",2013,14.5150058419753,"best.mod","edm.nopricefuel","edm.nopricefuel",14.5150058419753,4.06054672077294,3.59356354,58.9388593736329
"Small",999,"edm.nopricefuel",2013,23.121954254089,"best.mod","edm.nopricefuel","edm.nopricefuel",23.121954254089,2.08313110442743,3.59356354,48.1660621018408
"Large",999,"edm.nopricefuel",2013.5,12.1287990775526,"best.mod","edm.nopricefuel","edm.nopricefuel",12.1287990775526,8.36406624719241,3.730174711,101.446078983537
"Medium",999,"edm.nopricefuel",2013.5,7.81621022101394,"best.mod","edm.nopricefuel","edm.nopricefuel",7.81621022101394,5.35909558500419,3.730174711,41.8878176869004
"Small",999,"edm.nopricefuel",2013.5,1.11985873291099,"best.mod","edm.nopricefuel","edm.nopricefuel",1.11985873291099,3.47567759827312,3.730174711,3.89226791120924
"Large",999,"edm.nopricefuel",2014,4.83811460324899,"best.mod","edm.nopricefuel","edm.nopricefuel",4.83811460324899,9.26869378396509,3.505636196,44.8430027492446
"Medium",999,"edm.nopricefuel",2014,14.588974377991,"best.mod","edm.nopricefuel","edm.nopricefuel",14.588974377991,5.29777481788601,3.505636196,77.289101078505
"Small",999,"edm.nopricefuel",2014,25.8305466848948,"best.mod","edm.nopricefuel","edm.nopricefuel",25.8305466848948,3.59725315728399,3.505636196,92.9190156166094
"Large",999,"edm.nopricefuel",2014.5,13.2014758885329,"best.mod","edm.nopricefuel","edm.nopricefuel",13.2014758885329,7.64784836022419,2.841017708,100.962885726656
"Medium",999,"edm.nopricefuel",2014.5,9.23671593064456,"best.mod","edm.nopricefuel","edm.nopricefuel",9.23671593064456,4.41155164281167,2.841017708,40.7482493380197
"Small",999,"edm.nopricefuel",2014.5,1.43466762510486,"best.mod","edm.nopricefuel","edm.nopricefuel",1.43466762510486,2.30597696796899,2.841017708,3.30831050018259
"Large",999,"edm.nopricefuel",2015,11.9161098619624,"best.mod","edm.nopricefuel","edm.nopricefuel",11.9161098619624,4.35779288507159,2.014201659,51.927938774191
"Medium",999,"edm.nopricefuel",2015,13.2147941220035,"best.mod","edm.nopricefuel","edm.nopricefuel",13.2147941220035,2.81150774930967,2.014201659,37.1534960795449
"Small",999,"edm.nopricefuel",2015,17.7198833877751,"best.mod","edm.nopricefuel","edm.nopricefuel",17.7198833877751,1.60367976611785,2.014201659,28.4170184469429
"Large",999,"edm.nopricefuel",2015.5,12.4991106317133,"best.mod","edm.nopricefuel","edm.nopricefuel",12.4991106317133,4.55318414231323,1.59375734,56.9107523213359
"Medium",999,"edm.nopricefuel",2015.5,7.50525393689402,"best.mod","edm.nopricefuel","edm.nopricefuel",7.50525393689402,2.86759769693102,1.59375734,21.5220489043197
"Small",999,"edm.nopricefuel",2015.5,0.893230523631532,"best.mod","edm.nopricefuel","edm.nopricefuel",0.893230523631532,1.74925517610095,1.59375734,1.56248811691382
"Large",999,"edm.nopricefuel",2016,9.63632679089192,"best.mod","edm.nopricefuel","edm.nopricefuel",9.63632679089192,4.88277904371158,1.64619339,47.0520545129235
"Medium",999,"edm.nopricefuel",2016,10.1808130369481,"best.mod","edm.nopricefuel","edm.nopricefuel",10.1808130369481,3.00596842461488,1.64619339,30.6032025259735
"Small",999,"edm.nopricefuel",2016,13.7848418529771,"best.mod","edm.nopricefuel","edm.nopricefuel",13.7848418529771,1.36349750789189,1.64619339,18.7955975132181
"Large",999,"edm.nopricefuel",2016.5,9.76216658287913,"best.mod","edm.nopricefuel","edm.nopricefuel",9.76216658287913,6.21792739900937,1.755500592,60.7004430693778
"Medium",999,"edm.nopricefuel",2016.5,5.39307169815739,"best.mod","edm.nopricefuel","edm.nopricefuel",5.39307169815739,4.18887393214666,1.755500592,22.5908974506094
"Small",999,"edm.nopricefuel",2016.5,2.07950199163093,"best.mod","edm.nopricefuel","edm.nopricefuel",2.07950199163093,2.21804534012833,1.755500592,4.61242970232457
"Large",999,"edm.nopricefuel",2017,9.02808762228676,"best.mod","edm.nopricefuel","edm.nopricefuel",9.02808762228676,4.92061824876707,1.721349829,44.4237727056923
"Medium",999,"edm.nopricefuel",2017,12.1331828553547,"best.mod","edm.nopricefuel","edm.nopricefuel",12.1331828553547,3.47942031582626,1.721349829,42.2164429225561
"Small",999,"edm.nopricefuel",2017,16.1131159758896,"best.mod","edm.nopricefuel","edm.nopricefuel",16.1131159758896,1.54110611853533,1.721349829,24.8320216191128
"Large",999,"edm.nopricefuel",2017.5,9.08662344104663,"best.mod","edm.nopricefuel","edm.nopricefuel",9.08662344104663,5.10145524158574,2.115492451,46.3550027816432
"Medium",999,"edm.nopricefuel",2017.5,7.54050854388687,"best.mod","edm.nopricefuel","edm.nopricefuel",7.54050854388687,3.79112272220055,2.115492451,28.5869932776769
"Small",999,"edm.nopricefuel",2017.5,2.88503781328209,"best.mod","edm.nopricefuel","edm.nopricefuel",2.88503781328209,1.90789517166,2.115492451,5.50434971401743
"Large",999,"edm.nopricefuel",2018,10.2255227834163,"best.mod","edm.nopricefuel","edm.nopricefuel",10.2255227834163,4.71837605093946,2.502609693,48.2478618096075
"Medium",999,"edm.nopricefuel",2018,13.7781541536191,"best.mod","edm.nopricefuel","edm.nopricefuel",13.7781541536191,3.25380794124098,2.502609693,44.8314674006883
"Small",999,"edm.nopricefuel",2018,24.659261960846,"best.mod","edm.nopricefuel","edm.nopricefuel",24.659261960846,1.44488280433977,2.502609693,35.6297435749362
"Large",999,"edm.nopricefuel",2018.5,12.0208463089032,"best.mod","edm.nopricefuel","edm.nopricefuel",12.0208463089032,5.01855298773329,2.434931942,60.3272541586291
"Medium",999,"edm.nopricefuel",2018.5,8.66981088922993,"best.mod","edm.nopricefuel","edm.nopricefuel",8.66981088922993,3.45385243293675,2.434931942,29.9442474328683
"Small",999,"edm.nopricefuel",2018.5,0.766913261974894,"best.mod","edm.nopricefuel","edm.nopricefuel",0.766913261974894,1.54754568558391,2.434931942,1.18683330978633
"Large",999,"edm.nopricefuel",2019,6.49742860601407,"best.mod","edm.nopricefuel","edm.nopricefuel",6.49742860601407,4.88494408016038,2.166705119,31.7395754052132
"Medium",999,"edm.nopricefuel",2019,7.94919114053227,"best.mod","edm.nopricefuel","edm.nopricefuel",7.94919114053227,3.29851886703811,2.166705119,26.2205569547379
"Small",999,"edm.nopricefuel",2019,12.1964944971997,"best.mod","edm.nopricefuel","edm.nopricefuel",12.1964944971997,1.60329405331422,2.166705119,19.5545670986398
"Large",999,"edm.nopricefuel",2019.5,8.12546140575837,"best.mod","edm.nopricefuel","edm.nopricefuel",8.12546140575837,5.17750496313892,2.217115677,42.0696167561077
"Medium",999,"edm.nopricefuel",2019.5,5.45331074318056,"best.mod","edm.nopricefuel","edm.nopricefuel",5.45331074318056,3.39313131687167,2.217115677,18.5037994633187
"Small",999,"edm.nopricefuel",2019.5,0.49134503743693,"best.mod","edm.nopricefuel","edm.nopricefuel",0.49134503743693,1.84553430067428,2.217115677,0.906794120055944
"Large",999,"edm.nopricefuel",2020,6.99253856614546,"best.mod","edm.nopricefuel","edm.nopricefuel",6.99253856614546,4.68046753159861,1.223776883,32.728349722295
"Medium",999,"edm.nopricefuel",2020,11.8094531922773,"best.mod","edm.nopricefuel","edm.nopricefuel",11.8094531922773,2.81936323656955,1.223776883,33.2951381742956
"Small",999,"edm.nopricefuel",2020,8.45437092584065,"best.mod","edm.nopricefuel","edm.nopricefuel",8.45437092584065,1.74321307533248,1.223776883,14.7377699416362
"Large",999,"edm.nopricefuel",2020.5,8.32614451400999,"best.mod","edm.nopricefuel","edm.nopricefuel",8.32614451400999,5.40555837390546,1.326079845,45.0074602000537
"Medium",999,"edm.nopricefuel",2020.5,5.0535056945109,"best.mod","edm.nopricefuel","edm.nopricefuel",5.0535056945109,2.97562041568792,1.326079845,15.0373147153818
"Small",999,"edm.nopricefuel",2020.5,0.365339397994311,"best.mod","edm.nopricefuel","edm.nopricefuel",0.365339397994311,1.99966936626942,1.326079845,0.730558002460538
"Large",999,"edm.nopricefuel",2021,4.15856313937567,"best.mod","edm.nopricefuel","edm.nopricefuel",4.15856313937567,6.22144464823613,2.064034533,25.8722703878208
"Medium",999,"edm.nopricefuel",2021,12.1371153888044,"best.mod","edm.nopricefuel","edm.nopricefuel",12.1371153888044,3.68191490636116,2.064034533,44.6878260702644
"Small",999,"edm.nopricefuel",2021,10.9727795586288,"best.mod","edm.nopricefuel","edm.nopricefuel",10.9727795586288,2.19867920946227,2.064034533,24.1256222855698
"Large",999,"edm.nopricefuel",2021.5,5.87361341229464,"best.mod","edm.nopricefuel","edm.nopricefuel",5.87361341229464,6.47320276956418,2.34283939,38.021090607815
"Medium",999,"edm.nopricefuel",2021.5,8.24615492050734,"best.mod","edm.nopricefuel","edm.nopricefuel",8.24615492050734,3.50734091870751,2.34283939,28.9220765746966
"Small",999,"edm.nopricefuel",2021.5,0.63159289139346,"best.mod","edm.nopricefuel","edm.nopricefuel",0.63159289139346,1.95371255603988,2.34283939,1.23395096222094
"Large",999,"edm.nopricefuel",2022,4.33617367568456,"best.mod","edm.nopricefuel","edm.nopricefuel",4.33617367568456,4.29638469636797,3.992053255,18.6298702210048
"Medium",999,"edm.nopricefuel",2022,7.9248694210156,"best.mod","edm.nopricefuel","edm.nopricefuel",7.9248694210156,2.4198801778206,3.992053255,19.1772344237323
"Small",999,"edm.nopricefuel",2022,7.02551689200128,"best.mod","edm.nopricefuel","edm.nopricefuel",7.02551689200128,1.20079679537534,3.992053255,8.43621816977045
"Large",999,"edm.nopricefuel",2022.5,5.27214346715716,"best.mod","edm.nopricefuel","edm.nopricefuel",5.27214346715716,3.49424942020108,3.5445,18.4221842533308
"Medium",999,"edm.nopricefuel",2022.5,5.88528355085481,"best.mod","edm.nopricefuel","edm.nopricefuel",5.88528355085481,1.95246160438392,3.5445,11.4907901639563
"Small",999,"edm.nopricefuel",2022.5,0.425794667042911,"best.mod","edm.nopricefuel","edm.nopricefuel",0.425794667042911,1.33949152023172,3.5445,0.570348345863868
"Large",999,"edm.nopricefuel",2023,3.27541309054356,"best.mod","edm.nopricefuel","edm.nopricefuel",NA,5.09521790664557,2.41554731766667,16.6889434305988
"Medium",999,"edm.nopricefuel",2023,13.8612270061093,"best.mod","edm.nopricefuel","edm.nopricefuel",NA,2.89276354325511,2.41554731766667,40.0972521480561
"Small",999,"edm.nopricefuel",2023,4.95637248587295,"best.mod","edm.nopricefuel","edm.nopricefuel",NA,1.73926042045185,2.41554731766667,8.62042249369539
"Large",999,"edm.nopricefuel",2023.5,2.18664075126771,"best.mod","edm.nopricefuel","edm.nopricefuel",NA,5.09521790664557,2.41554731766667,11.1414111112602
"Medium",999,"edm.nopricefuel",2023.5,4.91627196086722,"best.mod","edm.nopricefuel","edm.nopricefuel",NA,2.89276354325511,2.41554731766667,14.221612297124
"Small",999,"edm.nopricefuel",2023.5,1.57723192199787,"best.mod","edm.nopricefuel","edm.nopricefuel",NA,1.73926042045185,2.41554731766667,2.7432170558041
"Large",999,"edm.nopricefuel",2024,3.00534192479356,"best.mod","edm.nopricefuel","edm.nopricefuel",NA,5.09521790664557,2.41554731766667,15.3128719908008
"Medium",999,"edm.nopricefuel",2024,11.7918385706773,"best.mod","edm.nopricefuel","edm.nopricefuel",NA,2.89276354325511,2.41554731766667,34.1110007252047
"Small",999,"edm.nopricefuel",2024,8.8218221772008,"best.mod","edm.nopricefuel","edm.nopricefuel",NA,1.73926042045185,2.41554731766667,15.3434461490697
"Large",999,"edm.nopricefuel",2024.5,2.30249377682464,"best.mod","edm.nopricefuel","edm.nopricefuel",NA,5.09521790664557,2.41554731766667,11.7317075216169
"Medium",999,"edm.nopricefuel",2024.5,4.901179389283,"best.mod","edm.nopricefuel","edm.nopricefuel",NA,2.89276354325511,2.41554731766667,14.1779530562712
"Small",999,"edm.nopricefuel",2024.5,1.5458061402381,"best.mod","edm.nopricefuel","edm.nopricefuel",NA,1.73926042045185,2.41554731766667,2.68855943740758
"Large",999,"edm.nopricefuel",2025,2.55523834224111,"best.mod","edm.nopricefuel","edm.nopricefuel",NA,5.09521790664557,2.41554731766667,13.0194961571343
"Medium",999,"edm.nopricefuel",2025,9.15367008772674,"best.mod","edm.nopricefuel","edm.nopricefuel",NA,2.89276354325511,2.41554731766667,26.4794031167607
"Small",999,"edm.nopricefuel",2025,7.37050250256856,"best.mod","edm.nopricefuel","edm.nopricefuel",NA,1.73926042045185,2.41554731766667,12.8192232815588
"Large",999,"edm.nopricefuel",2025.5,2.10394902661625,"best.mod","edm.nopricefuel","edm.nopricefuel",NA,5.09521790664557,2.41554731766667,10.7200787550847
"Medium",999,"edm.nopricefuel",2025.5,4.34022174729678,"best.mod","edm.nopricefuel","edm.nopricefuel",NA,2.89276354325511,2.41554731766667,12.5552352402231
"Small",999,"edm.nopricefuel",2025.5,1.2155504890221,"best.mod","edm.nopricefuel","edm.nopricefuel",NA,1.73926042045185,2.41554731766667,2.11415885461704
"Large",999,"edm.nopricefuel",2026,2.172616843579,"best.mod","edm.nopricefuel","edm.nopricefuel",NA,5.09521790664557,2.41554731766667,11.0699562456835
"Medium",999,"edm.nopricefuel",2026,6.67650504132737,"best.mod","edm.nopricefuel","edm.nopricefuel",NA,2.89276354325511,2.41554731766667,19.3135503799108
"Small",999,"edm.nopricefuel",2026,7.5088183335922,"best.mod","edm.nopricefuel","edm.nopricefuel",NA,1.73926042045185,2.41554731766667,13.0597905319802
"Large",999,"edm.nopricefuel",2026.5,1.94765545815334,"best.mod","edm.nopricefuel","edm.nopricefuel",NA,5.09521790664557,2.41554731766667,9.92372896635891
"Medium",999,"edm.nopricefuel",2026.5,3.77918138873819,"best.mod","edm.nopricefuel","edm.nopricefuel",NA,2.89276354325511,2.41554731766667,10.9322781446901
"Small",999,"edm.nopricefuel",2026.5,1.25810617752373,"best.mod","edm.nopricefuel","edm.nopricefuel",NA,1.73926042045185,2.41554731766667,2.18817427929299
"Large",999,"edm.nopricefuel",2027,2.05121150179046,"best.mod","edm.nopricefuel","edm.nopricefuel",NA,5.09521790664557,2.41554731766667,10.4513695742401
"Medium",999,"edm.nopricefuel",2027,6.55893490622771,"best.mod","edm.nopricefuel","edm.nopricefuel",NA,2.89276354325511,2.41554731766667,18.9734477793189
"Small",999,"edm.nopricefuel",2027,7.75323236848688,"best.mod","edm.nopricefuel","edm.nopricefuel",NA,1.73926042045185,2.41554731766667,13.4848901890754
