"timestep","pop","tailmp","data","scenario","obs","Price_GOM","revenue"
1987,"Large",6.71737977735683,"best.mod","edm.noprice",6.71737977735683,12.5899917441796,84.5717559394414
1987,"Medium",32.7194132783767,"best.mod","edm.noprice",32.7194132783767,6.08983897957365,199.255958371438
1987,"Small",33.1699600876773,"best.mod","edm.noprice",33.1699600876773,3.46223983102226,114.842357008975
1987.5,"Large",10.622314411265,"best.mod","edm.noprice",10.622314411265,12.0793895597091,128.311073799381
1987.5,"Medium",7.64637899895229,"best.mod","edm.noprice",7.64637899895229,6.22272095995808,47.5812828645637
1987.5,"Small",1.55534427195328,"best.mod","edm.noprice",1.55534427195328,4.03600829559881,6.27738238411554
1988,"Large",8.57325287037129,"best.mod","edm.noprice",8.57325287037129,12.6057295038419,108.072106651937
1988,"Medium",32.816615646671,"best.mod","edm.noprice",32.816615646671,5.28614926542636,173.473528694429
1988,"Small",23.8431624881257,"best.mod","edm.noprice",23.8431624881257,2.83796100605314,67.6659654022896
1988.5,"Large",10.8087014478752,"best.mod","edm.noprice",10.8087014478752,12.5584041151657,135.740040742593
1988.5,"Medium",5.51691034329667,"best.mod","edm.noprice",5.51691034329667,5.92203308328633,32.6713255705274
1988.5,"Small",0.720080044745491,"best.mod","edm.noprice",0.720080044745491,3.55275304925539,2.5582665746775
1989,"Large",8.31618564404666,"best.mod","edm.noprice",8.31618564404666,10.1603157047673,84.4950716029678
1989,"Medium",36.5678534777813,"best.mod","edm.noprice",36.5678534777813,5.11980548744016,187.220296899453
1989,"Small",28.7755001766216,"best.mod","edm.noprice",28.7755001766216,2.51462103845419,72.3594781361749
1989.5,"Large",13.0119615266943,"best.mod","edm.noprice",13.0119615266943,8.85794163390862,115.259195746123
1989.5,"Medium",9.12915061718908,"best.mod","edm.noprice",9.12915061718908,5.89339168953183,53.8016603798265
1989.5,"Small",1.15542976955331,"best.mod","edm.noprice",1.15542976955331,3.07473626443988,3.55264181345897
1990,"Large",10.4664894841967,"best.mod","edm.noprice",10.4664894841967,8.57265311491896,89.7255836789657
1990,"Medium",35.6475771015084,"best.mod","edm.noprice",35.6475771015084,4.69183072247511,167.252397426658
1990,"Small",40.4141643858711,"best.mod","edm.noprice",40.4141643858711,2.31713756835269,93.6451785920831
1990.5,"Large",12.3173138400001,"best.mod","edm.noprice",12.3173138400001,10.121152066617,124.665406426887
1990.5,"Medium",8.40505368169431,"best.mod","edm.noprice",8.40505368169431,5.87198459467529,49.3543457363279
1990.5,"Small",0.71930936977849,"best.mod","edm.noprice",0.71930936977849,3.31075264722307,2.3814554001665
1991,"Large",10.6108380057583,"best.mod","edm.noprice",10.6108380057583,9.45743851223052,100.351348002698
1991,"Medium",27.3423279699856,"best.mod","edm.noprice",27.3423279699856,5.29812880233018,144.863175340539
1991,"Small",29.6999205320081,"best.mod","edm.noprice",29.6999205320081,2.75220541657956,81.7402821601751
1991.5,"Large",12.4879838019052,"best.mod","edm.noprice",12.4879838019052,8.90923640938927,111.258399967798
1991.5,"Medium",6.60304838164396,"best.mod","edm.noprice",6.60304838164396,5.66122882462061,37.3813678285272
1991.5,"Small",1.45164641335001,"best.mod","edm.noprice",1.45164641335001,3.33127362657706,4.83583141190809
1992,"Large",4.36900738448302,"best.mod","edm.noprice",4.36900738448302,9.78433680553042,42.7478397556314
1992,"Medium",22.2825090419081,"best.mod","edm.noprice",22.2825090419081,5.27007850286719,117.430571891704
1992,"Small",22.1974889327821,"best.mod","edm.noprice",22.1974889327821,3.34190966430881,74.1820027878521
1992.5,"Large",12.1414743179632,"best.mod","edm.noprice",12.1414743179632,9.61389512435446,116.726860747942
1992.5,"Medium",8.04572442883319,"best.mod","edm.noprice",8.04572442883319,5.34944559516089,43.0401651057
1992.5,"Small",1.90915308007694,"best.mod","edm.noprice",1.90915308007694,3.40282759475462,6.49651878349659
1993,"Large",3.71286139165064,"best.mod","edm.noprice",3.71286139165064,9.68624084782594,35.9636696741223
1993,"Medium",16.9236119526854,"best.mod","edm.noprice",16.9236119526854,4.69304570072945,79.4232843153636
1993,"Small",31.251177401142,"best.mod","edm.noprice",31.251177401142,2.55240244206907,79.7655815162085
1993.5,"Large",9.6599860067035,"best.mod","edm.noprice",9.6599860067035,9.72021935763151,93.8971829768089
1993.5,"Medium",6.56173810175156,"best.mod","edm.noprice",6.56173810175156,5.6129027756598,36.830398004474
1993.5,"Small",0.649131295937703,"best.mod","edm.noprice",0.649131295937703,2.80837868563889,1.82300649569259
1994,"Large",5.51132667262915,"best.mod","edm.noprice",5.51132667262915,10.8613688089981,59.8605516182937
1994,"Medium",22.2137154211208,"best.mod","edm.noprice",22.2137154211208,7.16914108424744,159.253259859338
1994,"Small",21.9947786917798,"best.mod","edm.noprice",21.9947786917798,3.00582662053682,66.1124913045677
1994.5,"Large",11.8112138407078,"best.mod","edm.noprice",11.8112138407078,10.7633585365074,127.128329318897
1994.5,"Medium",6.25221156996301,"best.mod","edm.noprice",6.25221156996301,7.27604909512476,45.4913983361579
1994.5,"Small",1.36367695496224,"best.mod","edm.noprice",1.36367695496224,3.87707147498693,5.28707302318112
1995,"Large",6.21391252952628,"best.mod","edm.noprice",6.21391252952628,10.7890232405838,67.0420466960141
1995,"Medium",20.030923425577,"best.mod","edm.noprice",20.030923425577,5.32227477000002,106.610078367751
1995,"Small",34.102267260659,"best.mod","edm.noprice",34.102267260659,2.974202323365,101.427042518666
1995.5,"Large",11.1939421930543,"best.mod","edm.noprice",11.1939421930543,9.62593281197826,107.752135451509
1995.5,"Medium",6.04923251875156,"best.mod","edm.noprice",6.04923251875156,5.09212478044929,30.8034468114345
1995.5,"Small",0.735616089227739,"best.mod","edm.noprice",0.735616089227739,3.19859578961608,2.35293852577769
1996,"Large",4.69273193485784,"best.mod","edm.noprice",4.69273193485784,10.3436601282369,48.540024207093
1996,"Medium",20.8366043824406,"best.mod","edm.noprice",20.8366043824406,4.72257319055959,98.4023892388102
1996,"Small",33.1773985935543,"best.mod","edm.noprice",33.1773985935543,2.50019980592919,82.9501255248397
1996.5,"Large",10.9515132054804,"best.mod","edm.noprice",10.9515132054804,10.4387237810633,114.319821336677
1996.5,"Medium",6.16548682253209,"best.mod","edm.noprice",6.16548682253209,5.66253041071969,34.9122566294795
1996.5,"Small",0.716812406096025,"best.mod","edm.noprice",0.716812406096025,3.16326652401382,2.26746868820135
1997,"Large",3.43510362636754,"best.mod","edm.noprice",3.43510362636754,11.5771198057125,39.7686062274946
1997,"Medium",16.3328456637844,"best.mod","edm.noprice",16.3328456637844,6.69271878623742,109.311143006726
1997,"Small",29.4775886362047,"best.mod","edm.noprice",29.4775886362047,3.20074806344115,94.3503347422469
1997.5,"Large",9.04681397446952,"best.mod","edm.noprice",9.04681397446952,11.3781664584964,102.936155320566
1997.5,"Medium",7.94680082880489,"best.mod","edm.noprice",7.94680082880489,6.70282972128026,53.266052784408
1997.5,"Small",1.69100390344393,"best.mod","edm.noprice",1.69100390344393,3.17160491541806,5.36319629215391
1998,"Large",4.24075938686746,"best.mod","edm.noprice",4.24075938686746,10.7769406001589,45.7024120118371
1998,"Medium",24.0115004673135,"best.mod","edm.noprice",24.0115004673135,4.55282361783213,109.320126427172
1998,"Small",34.4104421044754,"best.mod","edm.noprice",34.4104421044754,2.32616054446169,80.0442127409138
1998.5,"Large",12.0293003674683,"best.mod","edm.noprice",12.0293003674683,9.51226679526253,114.425914455708
1998.5,"Medium",7.21680260156809,"best.mod","edm.noprice",7.21680260156809,4.56254309845653,32.9269729027076
1998.5,"Small",2.05210174026596,"best.mod","edm.noprice",2.05210174026596,2.56029739710157,5.25399074419053
1999,"Large",6.26837397930924,"best.mod","edm.noprice",6.26837397930924,10.3714508913732,65.0121328951676
1999,"Medium",20.1063773758566,"best.mod","edm.noprice",20.1063773758566,4.84198465538306,97.3547707292389
1999,"Small",38.4741550182192,"best.mod","edm.noprice",38.4741550182192,2.39087042848093,91.9867194938516
1999.5,"Large",9.94572173827841,"best.mod","edm.noprice",9.94572173827841,10.6330528005955,105.753384383144
1999.5,"Medium",6.42932894524407,"best.mod","edm.noprice",6.42932894524407,6.01017980396059,38.6414229797252
1999.5,"Small",2.23520985136123,"best.mod","edm.noprice",2.23520985136123,3.15007512047249,7.04107894180802
2000,"Large",9.60103636139893,"best.mod","edm.noprice",9.60103636139893,10.7508888167683,103.21967444715
2000,"Medium",28.1806030510016,"best.mod","edm.noprice",28.1806030510016,6.33227130160756,178.447223961852
2000,"Small",37.0846168064626,"best.mod","edm.noprice",37.0846168064626,3.42056965332977,126.850514853549
2000.5,"Large",12.330422287742,"best.mod","edm.noprice",12.330422287742,9.34581671991077,115.23786678034
2000.5,"Medium",8.71077659307286,"best.mod","edm.noprice",8.71077659307286,5.90087585057623,51.4012112378283
2000.5,"Small",1.12931721350037,"best.mod","edm.noprice",1.12931721350037,3.50211131063933,3.95499458669935
2001,"Large",7.91172740953807,"best.mod","edm.noprice",7.91172740953807,9.69680841162668,76.7185048953061
2001,"Medium",28.3160763222633,"best.mod","edm.noprice",28.3160763222633,4.47355045862035,126.67339621779
2001,"Small",38.9592104154854,"best.mod","edm.noprice",38.9592104154854,3.17152612550219,123.560153661649
2001.5,"Large",9.53611922083641,"best.mod","edm.noprice",9.53611922083641,8.24439553464669,78.6195387221221
2001.5,"Medium",5.47603106489692,"best.mod","edm.noprice",5.47603106489692,4.42953362104376,24.256263711841
2001.5,"Small",0.95305989767346,"best.mod","edm.noprice",0.95305989767346,2.72647203944922,2.59849116292702
2002,"Large",5.90490467986567,"best.mod","edm.noprice",5.90490467986567,7.03546425864735,41.5437458259144
2002,"Medium",20.8191160581067,"best.mod","edm.noprice",20.8191160581067,3.66198228125976,76.2392341162773
2002,"Small",32.8442587186268,"best.mod","edm.noprice",32.8442587186268,2.43724646261169,80.0495533790763
2002.5,"Large",8.21494371689397,"best.mod","edm.noprice",8.21494371689397,7.15032103828286,58.7394848872165
2002.5,"Medium",6.9024297187297,"best.mod","edm.noprice",6.9024297187297,4.02193440093658,27.761119535806
2002.5,"Small",1.87019646901045,"best.mod","edm.noprice",1.87019646901045,2.48644434759047,4.65013943925469
2003,"Large",5.88659270493106,"best.mod","edm.noprice",5.88659270493106,6.83775934994511,40.2511043074611
2003,"Medium",22.7726223065002,"best.mod","edm.noprice",22.7726223065002,3.41458224662662,77.7589918369091
2003,"Small",39.9101605584912,"best.mod","edm.noprice",39.9101605584912,1.87960607049409,75.015380060134
2003.5,"Large",9.7458138599594,"best.mod","edm.noprice",9.7458138599594,6.03783529573531,58.8436189093293
2003.5,"Medium",6.95872350472763,"best.mod","edm.noprice",6.95872350472763,3.1173102683852,21.6925002361409
2003.5,"Small",1.08131262915648,"best.mod","edm.noprice",1.08131262915648,1.64775643949941,1.78173984780463
2004,"Large",6.97115490146669,"best.mod","edm.noprice",6.97115490146669,6.51352108495447,45.406764437187
2004,"Medium",16.488138917693,"best.mod","edm.noprice",16.488138917693,2.96352396392705,48.8629948031416
2004,"Small",37.7506649665029,"best.mod","edm.noprice",37.7506649665029,1.49426390224892,56.4094559453383
2004.5,"Large",10.0288422319289,"best.mod","edm.noprice",10.0288422319289,6.56657427628878,65.8551374211426
2004.5,"Medium",5.41492897646919,"best.mod","edm.noprice",5.41492897646919,3.2568059561738,17.635372942823
2004.5,"Small",0.542971426348707,"best.mod","edm.noprice",0.542971426348707,1.95329414520825,1.0605829081023
2005,"Large",5.57953019668072,"best.mod","edm.noprice",5.57953019668072,6.02719887276295,33.6289381119809
2005,"Medium",12.5141930894517,"best.mod","edm.noprice",12.5141930894517,3.40067473540805,42.5567002733166
2005,"Small",25.5567941818433,"best.mod","edm.noprice",25.5567941818433,2.276876512803,58.1896644151794
2005.5,"Large",10.0812503959341,"best.mod","edm.noprice",10.0812503959341,5.6234149093112,56.6910537809955
2005.5,"Medium",5.3781189264929,"best.mod","edm.noprice",5.3781189264929,3.32928335785263,17.9052818385251
2005.5,"Small",1.92148772697992,"best.mod","edm.noprice",1.92148772697992,2.32541849460168,4.46826309746926
2006,"Large",9.32814760671619,"best.mod","edm.noprice",9.32814760671619,4.72089382927121,44.0371944750775
2006,"Medium",21.8386311572776,"best.mod","edm.noprice",21.8386311572776,2.58047613508342,56.3540665242441
2006,"Small",29.3820294770415,"best.mod","edm.noprice",29.3820294770415,1.64328250817206,48.2829750942183
2006.5,"Large",19.3733736458873,"best.mod","edm.noprice",19.3733736458873,4.22533641185959,81.8590210865286
2006.5,"Medium",8.63501978553956,"best.mod","edm.noprice",8.63501978553956,2.57368762405512,22.2238435555142
2006.5,"Small",0.304521701423559,"best.mod","edm.noprice",0.304521701423559,1.71856753817881,0.523341110737508
2007,"Large",8.93251755415469,"best.mod","edm.noprice",8.93251755415469,5.4674366499906,48.8379738522698
2007,"Medium",17.8553156773805,"best.mod","edm.noprice",17.8553156773805,2.78674750448948,49.7582564058119
2007,"Small",27.6217543664749,"best.mod","edm.noprice",27.6217543664749,1.89961137600456,52.4705988197594
2007.5,"Large",11.9723465627928,"best.mod","edm.noprice",11.9723465627928,5.86706497636183,70.2425352034277
2007.5,"Medium",5.52115890238281,"best.mod","edm.noprice",5.52115890238281,3.19323641553863,17.6303656630641
2007.5,"Small",0.465516613623862,"best.mod","edm.noprice",0.465516613623862,1.90748378576943,0.887965392493809
2008,"Large",6.8632023388661,"best.mod","edm.noprice",6.8632023388661,6.87395329195337,47.1773323105907
2008,"Medium",11.3577946496599,"best.mod","edm.noprice",11.3577946496599,3.91862878927398,44.5069810968191
2008,"Small",17.7659276919536,"best.mod","edm.noprice",17.7659276919536,1.84321551806618,32.7464336146506
2008.5,"Large",12.9867202704612,"best.mod","edm.noprice",12.9867202704612,4.910949850942,63.7771319764467
2008.5,"Medium",5.08086533882322,"best.mod","edm.noprice",5.08086533882322,3.33130130874346,16.9258933527711
2008.5,"Small",0.817461976283013,"best.mod","edm.noprice",0.817461976283013,1.81599198296602,1.48450439530951
2009,"Large",11.3957385120874,"best.mod","edm.noprice",11.3957385120874,3.4946185695594,39.8237594181839
2009,"Medium",17.9668851781964,"best.mod","edm.noprice",17.9668851781964,2.25868223125,40.5814843029012
2009,"Small",18.8947247584991,"best.mod","edm.noprice",18.8947247584991,1.47843200217586,27.9345657552697
2009.5,"Large",20.1822701677183,"best.mod","edm.noprice",20.1822701677183,3.95084796176061,79.7370809558319
2009.5,"Medium",7.57574099599588,"best.mod","edm.noprice",7.57574099599588,2.39828041246072,18.1687512405726
2009.5,"Small",0.414448546792974,"best.mod","edm.noprice",0.414448546792974,1.74489870397938,0.723170732165198
2010,"Large",4.93689076135254,"best.mod","edm.noprice",4.93689076135254,6.8935907213382,34.0329043447201
2010,"Medium",8.04780714544663,"best.mod","edm.noprice",8.04780714544663,3.03808440430528,24.449917377438
2010,"Small",10.3898713043782,"best.mod","edm.noprice",10.3898713043782,2.40726345236337,25.0111574657887
2010.5,"Large",11.8949437102665,"best.mod","edm.noprice",11.8949437102665,6.08552889172307,72.3870236142462
2010.5,"Medium",8.57478318074798,"best.mod","edm.noprice",8.57478318074798,3.07854866749727,26.3978873351697
2010.5,"Small",1.58086469169156,"best.mod","edm.noprice",1.58086469169156,1.8721768967639,2.95965835269474
2011,"Large",7.43116987306931,"best.mod","edm.noprice",7.43116987306931,6.42924813142202,47.7768350207105
2011,"Medium",17.8287157295084,"best.mod","edm.noprice",17.8287157295084,3.21106661498974,57.249193867167
2011,"Small",24.250876531461,"best.mod","edm.noprice",24.250876531461,1.46960221213565,35.6391417968635
2011.5,"Large",15.2124204306267,"best.mod","edm.noprice",15.2124204306267,6.12657011782144,93.1999604300137
2011.5,"Medium",8.37455860329747,"best.mod","edm.noprice",8.37455860329747,3.77640735527577,31.6257447066805
2011.5,"Small",1.02000463321805,"best.mod","edm.noprice",1.02000463321805,2.11229011307718,2.1545457020394
2012,"Large",8.20944256638802,"best.mod","edm.noprice",8.20944256638802,5.37802611663949,44.1505965250867
2012,"Medium",18.6467153647801,"best.mod","edm.noprice",18.6467153647801,3.43378376176959,64.0287884299213
2012,"Small",14.9581501376982,"best.mod","edm.noprice",14.9581501376982,2.01235528403434,30.1011124689759
2012.5,"Large",12.7487994935888,"best.mod","edm.noprice",12.7487994935888,5.26996060725231,67.1856711209712
2012.5,"Medium",8.81451598006909,"best.mod","edm.noprice",8.81451598006909,3.3867862695019,29.8528816936031
2012.5,"Small",1.06246201400765,"best.mod","edm.noprice",1.06246201400765,1.95729714018241,2.07955386156961
2013,"Large",8.12879485408897,"best.mod","edm.noprice",8.12879485408897,7.29940876517483,59.335396408245
2013,"Medium",14.5150058419753,"best.mod","edm.noprice",14.5150058419753,4.06054672077294,58.9388593736329
2013,"Small",23.121954254089,"best.mod","edm.noprice",23.121954254089,2.08313110442743,48.1660621018408
2013.5,"Large",12.1287990775526,"best.mod","edm.noprice",12.1287990775526,8.36406624719241,101.446078983537
2013.5,"Medium",7.81621022101394,"best.mod","edm.noprice",7.81621022101394,5.35909558500419,41.8878176869004
2013.5,"Small",1.11985873291099,"best.mod","edm.noprice",1.11985873291099,3.47567759827312,3.89226791120924
2014,"Large",4.83811460324899,"best.mod","edm.noprice",4.83811460324899,9.26869378396509,44.8430027492446
2014,"Medium",14.588974377991,"best.mod","edm.noprice",14.588974377991,5.29777481788601,77.289101078505
2014,"Small",25.8305466848948,"best.mod","edm.noprice",25.8305466848948,3.59725315728399,92.9190156166094
2014.5,"Large",13.2014758885329,"best.mod","edm.noprice",13.2014758885329,7.64784836022419,100.962885726656
2014.5,"Medium",9.23671593064456,"best.mod","edm.noprice",9.23671593064456,4.41155164281167,40.7482493380197
2014.5,"Small",1.43466762510486,"best.mod","edm.noprice",1.43466762510486,2.30597696796899,3.30831050018259
2015,"Large",11.9161098619624,"best.mod","edm.noprice",11.9161098619624,4.35779288507159,51.927938774191
2015,"Medium",13.2147941220035,"best.mod","edm.noprice",13.2147941220035,2.81150774930967,37.1534960795449
2015,"Small",17.7198833877751,"best.mod","edm.noprice",17.7198833877751,1.60367976611785,28.4170184469429
2015.5,"Large",12.4991106317133,"best.mod","edm.noprice",12.4991106317133,4.55318414231323,56.9107523213359
2015.5,"Medium",7.50525393689402,"best.mod","edm.noprice",7.50525393689402,2.86759769693102,21.5220489043197
2015.5,"Small",0.893230523631532,"best.mod","edm.noprice",0.893230523631532,1.74925517610095,1.56248811691382
2016,"Large",9.63632679089192,"best.mod","edm.noprice",9.63632679089192,4.88277904371158,47.0520545129235
2016,"Medium",10.1808130369481,"best.mod","edm.noprice",10.1808130369481,3.00596842461488,30.6032025259735
2016,"Small",13.7848418529771,"best.mod","edm.noprice",13.7848418529771,1.36349750789189,18.7955975132181
2016.5,"Large",9.76216658287913,"best.mod","edm.noprice",9.76216658287913,6.21792739900937,60.7004430693778
2016.5,"Medium",5.39307169815739,"best.mod","edm.noprice",5.39307169815739,4.18887393214666,22.5908974506094
2016.5,"Small",2.07950199163093,"best.mod","edm.noprice",2.07950199163093,2.21804534012833,4.61242970232457
2017,"Large",9.02808762228676,"best.mod","edm.noprice",9.02808762228676,4.92061824876707,44.4237727056923
2017,"Medium",12.1331828553547,"best.mod","edm.noprice",12.1331828553547,3.47942031582626,42.2164429225561
2017,"Small",16.1131159758896,"best.mod","edm.noprice",16.1131159758896,1.54110611853533,24.8320216191128
2017.5,"Large",9.08662344104663,"best.mod","edm.noprice",9.08662344104663,5.10145524158574,46.3550027816432
2017.5,"Medium",7.54050854388687,"best.mod","edm.noprice",7.54050854388687,3.79112272220055,28.5869932776769
2017.5,"Small",2.88503781328209,"best.mod","edm.noprice",2.88503781328209,1.90789517166,5.50434971401743
2018,"Large",10.2255227834163,"best.mod","edm.noprice",10.2255227834163,4.71837605093946,48.2478618096075
2018,"Medium",13.7781541536191,"best.mod","edm.noprice",13.7781541536191,3.25380794124098,44.8314674006883
2018,"Small",24.659261960846,"best.mod","edm.noprice",24.659261960846,1.44488280433977,35.6297435749362
2018.5,"Large",12.0208463089032,"best.mod","edm.noprice",12.0208463089032,5.01855298773329,60.3272541586291
2018.5,"Medium",8.66981088922993,"best.mod","edm.noprice",8.66981088922993,3.45385243293675,29.9442474328683
2018.5,"Small",0.766913261974894,"best.mod","edm.noprice",0.766913261974894,1.54754568558391,1.18683330978633
2019,"Large",6.49742860601407,"best.mod","edm.noprice",6.49742860601407,4.88494408016038,31.7395754052132
2019,"Medium",7.94919114053227,"best.mod","edm.noprice",7.94919114053227,3.29851886703811,26.2205569547379
2019,"Small",12.1964944971997,"best.mod","edm.noprice",12.1964944971997,1.60329405331422,19.5545670986398
2019.5,"Large",8.12546140575837,"best.mod","edm.noprice",8.12546140575837,5.17750496313892,42.0696167561077
2019.5,"Medium",5.45331074318056,"best.mod","edm.noprice",5.45331074318056,3.39313131687167,18.5037994633187
2019.5,"Small",0.49134503743693,"best.mod","edm.noprice",0.49134503743693,1.84553430067428,0.906794120055944
2020,"Large",6.99253856614546,"best.mod","edm.noprice",6.99253856614546,4.68046753159861,32.728349722295
2020,"Medium",11.8094531922773,"best.mod","edm.noprice",11.8094531922773,2.81936323656955,33.2951381742956
2020,"Small",8.45437092584065,"best.mod","edm.noprice",8.45437092584065,1.74321307533248,14.7377699416362
2020.5,"Large",8.32614451400999,"best.mod","edm.noprice",8.32614451400999,5.40555837390546,45.0074602000537
2020.5,"Medium",5.0535056945109,"best.mod","edm.noprice",5.0535056945109,2.97562041568792,15.0373147153818
2020.5,"Small",0.365339397994311,"best.mod","edm.noprice",0.365339397994311,1.99966936626942,0.730558002460538
2021,"Large",4.15856313937567,"best.mod","edm.noprice",4.15856313937567,6.22144464823613,25.8722703878208
2021,"Medium",12.1371153888044,"best.mod","edm.noprice",12.1371153888044,3.68191490636116,44.6878260702644
2021,"Small",10.9727795586288,"best.mod","edm.noprice",10.9727795586288,2.19867920946227,24.1256222855698
2021.5,"Large",5.87361341229464,"best.mod","edm.noprice",5.87361341229464,6.47320276956418,38.021090607815
2021.5,"Medium",8.24615492050734,"best.mod","edm.noprice",8.24615492050734,3.50734091870751,28.9220765746966
2021.5,"Small",0.63159289139346,"best.mod","edm.noprice",0.63159289139346,1.95371255603988,1.23395096222094
2022,"Large",4.33617367568456,"best.mod","edm.noprice",4.33617367568456,4.29638469636797,18.6298702210048
2022,"Medium",7.9248694210156,"best.mod","edm.noprice",7.9248694210156,2.4198801778206,19.1772344237323
2022,"Small",7.02551689200128,"best.mod","edm.noprice",7.02551689200128,1.20079679537534,8.43621816977045
2022.5,"Large",5.27214346715716,"best.mod","edm.noprice",5.27214346715716,3.49424942020108,18.4221842533308
2022.5,"Medium",5.88528355085481,"best.mod","edm.noprice",5.88528355085481,1.95246160438392,11.4907901639563
2022.5,"Small",0.425794667042911,"best.mod","edm.noprice",0.425794667042911,1.33949152023172,0.570348345863868
2023,"Large",3.27541309054356,"best.mod","edm.noprice",NA,5.09521790664557,16.6889434305988
2023,"Medium",13.8612270061093,"best.mod","edm.noprice",NA,2.89276354325511,40.0972521480561
2023,"Small",4.95637248587295,"best.mod","edm.noprice",NA,1.73926042045185,8.62042249369539
2023.5,"Large",2.18664075126771,"best.mod","edm.noprice",NA,5.09521790664557,11.1414111112602
2023.5,"Medium",4.91627196086722,"best.mod","edm.noprice",NA,2.89276354325511,14.221612297124
2023.5,"Small",1.57723192199787,"best.mod","edm.noprice",NA,1.73926042045185,2.7432170558041
2024,"Large",3.00534192479356,"best.mod","edm.noprice",NA,5.09521790664557,15.3128719908008
2024,"Medium",11.7918385706773,"best.mod","edm.noprice",NA,2.89276354325511,34.1110007252047
2024,"Small",8.8218221772008,"best.mod","edm.noprice",NA,1.73926042045185,15.3434461490697
2024.5,"Large",2.30249377682464,"best.mod","edm.noprice",NA,5.09521790664557,11.7317075216169
2024.5,"Medium",4.901179389283,"best.mod","edm.noprice",NA,2.89276354325511,14.1779530562712
2024.5,"Small",1.5458061402381,"best.mod","edm.noprice",NA,1.73926042045185,2.68855943740758
2025,"Large",2.55523834224111,"best.mod","edm.noprice",NA,5.09521790664557,13.0194961571343
2025,"Medium",9.15367008772674,"best.mod","edm.noprice",NA,2.89276354325511,26.4794031167607
2025,"Small",7.37050250256856,"best.mod","edm.noprice",NA,1.73926042045185,12.8192232815588
2025.5,"Large",2.10394902661625,"best.mod","edm.noprice",NA,5.09521790664557,10.7200787550847
2025.5,"Medium",4.34022174729678,"best.mod","edm.noprice",NA,2.89276354325511,12.5552352402231
2025.5,"Small",1.2155504890221,"best.mod","edm.noprice",NA,1.73926042045185,2.11415885461704
2026,"Large",2.172616843579,"best.mod","edm.noprice",NA,5.09521790664557,11.0699562456835
2026,"Medium",6.67650504132737,"best.mod","edm.noprice",NA,2.89276354325511,19.3135503799108
2026,"Small",7.5088183335922,"best.mod","edm.noprice",NA,1.73926042045185,13.0597905319802
2026.5,"Large",1.94765545815334,"best.mod","edm.noprice",NA,5.09521790664557,9.92372896635891
2026.5,"Medium",3.77918138873819,"best.mod","edm.noprice",NA,2.89276354325511,10.9322781446901
2026.5,"Small",1.25810617752373,"best.mod","edm.noprice",NA,1.73926042045185,2.18817427929299
2027,"Large",2.05121150179046,"best.mod","edm.noprice",NA,5.09521790664557,10.4513695742401
2027,"Medium",6.55893490622771,"best.mod","edm.noprice",NA,2.89276354325511,18.9734477793189
2027,"Small",7.75323236848688,"best.mod","edm.noprice",NA,1.73926042045185,13.4848901890754
1987,"Large",6.17738633458524,"price.mod","status.quo",6.71737977735683,12.5899917441796,77.7732429530361
1987.5,"Large",7.04743481790218,"price.mod","status.quo",10.622314411265,12.0793895597091,85.1287105620978
1988,"Large",2.98281795338056,"price.mod","status.quo",8.57325287037129,12.6057295038419,37.6005962795186
1988.5,"Large",9.07559019536066,"price.mod","status.quo",10.8087014478752,12.5584041151657,113.974929256975
1989,"Large",12.9615972467329,"price.mod","status.quo",8.31618564404666,10.1603157047673,131.693920064849
1989.5,"Large",9.09093520339135,"price.mod","status.quo",13.0119615266943,8.85794163390862,80.5269734292857
1990,"Large",6.63928381437447,"price.mod","status.quo",10.4664894841967,8.57265311491896,56.9162770721284
1990.5,"Large",8.51416754770079,"price.mod","status.quo",12.3173138400001,10.121152066617,86.1731844709355
1991,"Large",16.826395897965,"price.mod","status.quo",10.6108380057583,9.45743851223052,159.134604587451
1991.5,"Large",10.0643221488883,"price.mod","status.quo",12.4879838019052,8.90923640938927,89.6654253246986
1992,"Large",5.91006873992957,"price.mod","status.quo",4.36900738448302,9.78433680553042,57.8261030953077
1992.5,"Large",9.10697138091118,"price.mod","status.quo",12.1414743179632,9.61389512435446,87.5534677565776
1993,"Large",4.0948863794331,"price.mod","status.quo",3.71286139165064,9.68624084782594,39.6640557156709
1993.5,"Large",5.99009902799164,"price.mod","status.quo",9.6599860067035,9.72021935763151,58.225076526014
1994,"Large",8.03793354804618,"price.mod","status.quo",5.51132667262915,10.8613688089981,87.3029607275484
1994.5,"Large",10.5713052212305,"price.mod","status.quo",11.8112138407078,10.7633585365074,113.782748294957
1995,"Large",10.0676836105714,"price.mod","status.quo",6.21391252952628,10.7890232405838,108.620472453299
1995.5,"Large",10.5862317919078,"price.mod","status.quo",11.1939421930543,9.62593281197826,101.902355960932
1996,"Large",4.57693982404659,"price.mod","status.quo",4.69273193485784,10.3436601282369,47.3423099673303
1996.5,"Large",7.36703804908822,"price.mod","status.quo",10.9515132054804,10.4387237810633,76.9024752790155
1997,"Large",4.80693010519737,"price.mod","status.quo",3.43510362636754,11.5771198057125,55.6504057255564
1997.5,"Large",9.15006687858524,"price.mod","status.quo",9.04681397446952,11.3781664584964,104.110984050917
1998,"Large",5.3706468939672,"price.mod","status.quo",4.24075938686746,10.7769406001589,57.8791425607125
1998.5,"Large",8.61619958516397,"price.mod","status.quo",12.0293003674683,9.51226679526253,81.95958921531
1999,"Large",8.52226585331756,"price.mod","status.quo",6.26837397930924,10.3714508913732,88.3882617809101
1999.5,"Large",9.26458575276015,"price.mod","status.quo",9.94572173827841,10.6330528005955,98.5108294847431
2000,"Large",12.9808530678534,"price.mod","status.quo",9.60103636139893,10.7508888167683,139.555708079298
2000.5,"Large",10.555610299051,"price.mod","status.quo",12.330422287742,9.34581671991077,98.6507992217333
2001,"Large",9.17298728396431,"price.mod","status.quo",7.91172740953807,9.69680841162668,88.9487002548897
2001.5,"Large",6.61764958536966,"price.mod","status.quo",9.53611922083641,8.24439553464669,54.5585206914782
2002,"Large",5.21469756492624,"price.mod","status.quo",5.90490467986567,7.03546425864735,36.6878183376939
2002.5,"Large",5.60702137507139,"price.mod","status.quo",8.21494371689397,7.15032103828286,40.0920029002747
2003,"Large",5.8986583819094,"price.mod","status.quo",5.88659270493106,6.83775934994511,40.3336065030331
2003.5,"Large",6.8884927585136,"price.mod","status.quo",9.7458138599594,6.03783529573531,41.5915847117705
2004,"Large",12.1929021511955,"price.mod","status.quo",6.97115490146669,6.51352108495447,79.4187252485987
2004.5,"Large",8.5278996347269,"price.mod","status.quo",10.0288422319289,6.56657427628878,55.9990863721701
2005,"Large",4.4547515352503,"price.mod","status.quo",5.57953019668072,6.02719887276295,26.8496734316996
2005.5,"Large",6.99406619422236,"price.mod","status.quo",10.0812503959341,5.6234149093112,39.3305361132995
2006,"Large",9.31379085173567,"price.mod","status.quo",9.32814760671619,4.72089382927121,43.9694177590816
2006.5,"Large",7.25626438094905,"price.mod","status.quo",19.3733736458873,4.22533641185959,30.6601581029038
2007,"Large",7.13843556422074,"price.mod","status.quo",8.93251755415469,5.4674366499906,39.0289442274168
2007.5,"Large",9.60894418949863,"price.mod","status.quo",11.9723465627928,5.86706497636183,56.376299914023
2008,"Large",8.76025310067869,"price.mod","status.quo",6.8632023388661,6.87395329195337,60.217570639755
2008.5,"Large",11.2314914728989,"price.mod","status.quo",12.9867202704612,4.910949850942,55.1572913746894
2009,"Large",3.87550169214485,"price.mod","status.quo",11.3957385120874,3.4946185695594,13.5434001797283
2009.5,"Large",10.0960441763388,"price.mod","status.quo",20.1822701677183,3.95084796176061,39.8879355559334
2010,"Large",33.5956363560467,"price.mod","status.quo",4.93689076135254,6.8935907213382,231.594567061496
2010.5,"Large",32.0031914571502,"price.mod","status.quo",11.8949437102665,6.08552889172307,194.756346239832
2011,"Large",28.9063429901826,"price.mod","status.quo",7.43116987306931,6.42924813142202,185.846051655876
2011.5,"Large",26.5775723779443,"price.mod","status.quo",15.2124204306267,6.12657011782144,162.82936073495
2012,"Large",15.4962241735588,"price.mod","status.quo",8.20944256638802,5.37802611663949,83.3390983146996
2012.5,"Large",15.2300119841056,"price.mod","status.quo",12.7487994935888,5.26996060725231,80.2615632042171
2013,"Large",17.1999316019291,"price.mod","status.quo",8.12879485408897,7.29940876517483,125.549331495529
2013.5,"Large",23.7769882292343,"price.mod","status.quo",12.1287990775526,8.36406624719241,198.87230470803
2014,"Large",10.5732297514685,"price.mod","status.quo",4.83811460324899,9.26869378396509,98.0000288738713
2014.5,"Large",26.725814075476,"price.mod","status.quo",13.2014758885329,7.64784836022419,204.394973352786
2015,"Large",5.65143763310233,"price.mod","status.quo",11.9161098619624,4.35779288507159,24.6277947079592
2015.5,"Large",12.3465911638854,"price.mod","status.quo",12.4991106317133,4.55318414231323,56.2163030990277
2016,"Large",9.88014181588613,"price.mod","status.quo",9.63632679089192,4.88277904371158,48.2425494075072
2016.5,"Large",14.6378247196965,"price.mod","status.quo",9.76216658287913,6.21792739900937,91.0169313864975
2017,"Large",7.19159427960567,"price.mod","status.quo",9.02808762228676,4.92061824876707,35.3870900499565
2017.5,"Large",10.0169971646074,"price.mod","status.quo",9.08662344104663,5.10145524158574,51.1012626903358
2018,"Large",6.64459767180437,"price.mod","status.quo",10.2255227834163,4.71837605093946,31.3517105227698
2018.5,"Large",11.1700931623401,"price.mod","status.quo",12.0208463089032,5.01855298773329,56.0577044131209
2019,"Large",5.07284941909505,"price.mod","status.quo",6.49742860601407,4.88494408016038,24.7805857393534
2019.5,"Large",8.48284707036427,"price.mod","status.quo",8.12546140575837,5.17750496313892,43.9199828083595
2020,"Large",6.96501560963244,"price.mod","status.quo",6.99253856614546,4.68046753159861,32.5995294179621
2020.5,"Large",14.6350789159188,"price.mod","status.quo",8.32614451400999,5.40555837390546,79.1107733867121
2021,"Large",15.7146769529968,"price.mod","status.quo",4.15856313937567,6.22144464823613,97.7679928279816
2021.5,"Large",14.8430915503103,"price.mod","status.quo",5.87361341229464,6.47320276956418,96.0823413323636
2022,"Large",10.5324259122408,"price.mod","status.quo",4.33617367568456,4.29638469636797,45.2513535049808
2022.5,"Large",3.3469929032352,"price.mod","status.quo",5.27214346715716,3.49424942020108,11.6952280115467
2023,"Large",5.71023489101086,"price.mod","status.quo",NA,5.09521790664557,29.0948910678309
2023.5,"Large",3.85276797646348,"price.mod","status.quo",NA,5.09521790664557,19.6306923838274
2024,"Large",5.22189627530281,"price.mod","status.quo",NA,5.09521790664557,26.6066994085687
2024.5,"Large",3.76720295526022,"price.mod","status.quo",NA,5.09521790664557,19.19471995561
2025,"Large",5.51477416121028,"price.mod","status.quo",NA,5.09521790664557,28.098976057305
2025.5,"Large",4.04124393173742,"price.mod","status.quo",NA,5.09521790664557,20.5910184461112
2026,"Large",5.57286072008035,"price.mod","status.quo",NA,5.09521790664557,28.3949397321951
2026.5,"Large",4.11278059586229,"price.mod","status.quo",NA,5.09521790664557,20.955513338142
2027,"Large",5.45249100212151,"price.mod","status.quo",NA,5.09521790664557,27.7816297898334
1987,"Medium",17.5389458725596,"price.mod","status.quo",32.7194132783767,6.08983897957365,106.809356235346
1987.5,"Medium",6.88176664678148,"price.mod","status.quo",7.64637899895229,6.22272095995808,42.8233135544676
1988,"Medium",9.55775860267971,"price.mod","status.quo",32.816615646671,5.28614926542636,50.5237386166778
1988.5,"Medium",4.31481271627069,"price.mod","status.quo",5.51691034329667,5.92203308328633,25.5524636539396
1989,"Medium",42.9403834637278,"price.mod","status.quo",36.5678534777813,5.11980548744016,219.846410890379
1989.5,"Medium",10.4437629358634,"price.mod","status.quo",9.12915061718908,5.89339168953183,61.5491856936576
1990,"Medium",27.2939533356899,"price.mod","status.quo",35.6475771015084,4.69183072247511,128.058608798192
1990.5,"Medium",9.72610259078615,"price.mod","status.quo",8.40505368169431,5.87198459467529,57.1115245793277
1991,"Medium",39.0779993259734,"price.mod","status.quo",27.3423279699856,5.29812880233018,207.040273766379
1991.5,"Medium",11.9057825637454,"price.mod","status.quo",6.60304838164396,5.66122882462061,67.4013594295409
1992,"Medium",13.0634562847326,"price.mod","status.quo",22.2825090419081,5.27007850286719,68.8454401393145
1992.5,"Medium",9.04301155074626,"price.mod","status.quo",8.04572442883319,5.34944559516089,48.3750983071286
1993,"Medium",7.89909775122401,"price.mod","status.quo",16.9236119526854,4.69304570072945,37.0708267410236
1993.5,"Medium",8.73427538492937,"price.mod","status.quo",6.56173810175156,5.6129027756598,49.0246385514471
1994,"Medium",30.652691445026,"price.mod","status.quo",22.2137154211208,7.16914108424744,219.753469581296
1994.5,"Medium",12.6205905228909,"price.mod","status.quo",6.25221156996301,7.27604909512476,91.8280362540204
1995,"Medium",32.7713141569829,"price.mod","status.quo",20.030923425577,5.32227477000002,174.417938517454
1995.5,"Medium",12.7123133786974,"price.mod","status.quo",6.04923251875156,5.09212478044929,64.732685972502
1996,"Medium",7.74360323968474,"price.mod","status.quo",20.8366043824406,4.72257319055959,36.5697330580655
1996.5,"Medium",8.55593095791286,"price.mod","status.quo",6.16548682253209,5.66253041071969,48.4482192411996
1997,"Medium",9.87623175879896,"price.mod","status.quo",16.3328456637844,6.69271878623742,66.0988418293484
1997.5,"Medium",12.378846044947,"price.mod","status.quo",7.94680082880489,6.70282972128026,82.9732971852235
1998,"Medium",16.1479934787462,"price.mod","status.quo",24.0115004673135,4.55282361783213,73.5189660906346
1998.5,"Medium",6.55612006603567,"price.mod","status.quo",7.21680260156809,4.56254309845653,29.9125803599434
1999,"Medium",23.5600826484152,"price.mod","status.quo",20.1063773758566,4.84198465538306,114.077558663183
1999.5,"Medium",9.8296474426566,"price.mod","status.quo",6.42932894524407,6.01017980396059,59.0779485399076
2000,"Medium",41.1319993741138,"price.mod","status.quo",28.1806030510016,6.33227130160756,260.458979214441
2000.5,"Medium",12.5580415002197,"price.mod","status.quo",8.71077659307286,5.90087585057623,74.1034438191802
2001,"Medium",23.509768060177,"price.mod","status.quo",28.3160763222633,4.47355045862035,105.172133687663
2001.5,"Medium",8.18539174008358,"price.mod","status.quo",5.47603106489692,4.42953362104376,36.2574679141141
2002,"Medium",16.3693150723697,"price.mod","status.quo",20.8191160581067,3.66198228125976,59.9441417513762
2002.5,"Medium",6.38056708006912,"price.mod","status.quo",6.9024297187297,4.02193440093658,25.6622222368135
2003,"Medium",15.0502345004259,"price.mod","status.quo",22.7726223065002,3.41458224662662,51.3902635327219
2003.5,"Medium",3.9402801621373,"price.mod","status.quo",6.95872350472763,3.1173102683852,12.2830758097451
2004,"Medium",14.8391012851172,"price.mod","status.quo",16.488138917693,2.96352396392705,43.9760322615855
2004.5,"Medium",4.43218133755454,"price.mod","status.quo",5.41492897646919,3.2568059561738,14.43475457899
2005,"Medium",11.4705774647777,"price.mod","status.quo",12.5141930894517,3.40067473540805,39.0077029850106
2005.5,"Medium",5.26301056533866,"price.mod","status.quo",5.3781189264929,3.32928335785263,17.5220534873846
2006,"Medium",26.0962468041467,"price.mod","status.quo",21.8386311572776,2.58047613508342,67.3407420933476
2006.5,"Medium",3.97749675169899,"price.mod","status.quo",8.63501978553956,2.57368762405512,10.2368341645671
2007,"Medium",12.5210437311072,"price.mod","status.quo",17.8553156773805,2.78674750448948,34.8929873712665
2007.5,"Medium",5.10920242698322,"price.mod","status.quo",5.52115890238281,3.19323641553863,16.3148912442012
2008,"Medium",20.3355473502177,"price.mod","status.quo",11.3577946496599,3.91862878927398,79.687461292207
2008.5,"Medium",9.31541065234994,"price.mod","status.quo",5.08086533882322,3.33130130874346,31.0324396976561
2009,"Medium",13.1972362754784,"price.mod","status.quo",17.9668851781964,2.25868223125,29.8083630770309
2009.5,"Medium",5.37449470352011,"price.mod","status.quo",7.57574099599588,2.39828041246072,12.8895453743262
2010,"Medium",29.1063047576413,"price.mod","status.quo",8.04780714544663,3.03808440430528,88.4274105511468
2010.5,"Medium",8.86735035827157,"price.mod","status.quo",8.57478318074798,3.07854866749727,27.2985696296884
2011,"Medium",37.1478606685525,"price.mod","status.quo",17.8287157295084,3.21106661498974,119.284255211079
2011.5,"Medium",7.56924894776633,"price.mod","status.quo",8.37455860329747,3.77640735527577,28.5845674002582
2012,"Medium",27.4505289116309,"price.mod","status.quo",18.6467153647801,3.43378376176959,94.2591804287448
2012.5,"Medium",11.5239925704341,"price.mod","status.quo",8.81451598006909,3.3867862695019,39.0292998073881
2013,"Medium",15.614769129959,"price.mod","status.quo",14.5150058419753,4.06054672077294,63.4044995862817
2013.5,"Medium",12.9767041686129,"price.mod","status.quo",7.81621022101394,5.35909558500419,69.5433980179191
2014,"Medium",14.1725119550756,"price.mod","status.quo",14.588974377991,5.29777481788601,75.082776941788
2014.5,"Medium",15.0863226491653,"price.mod","status.quo",9.23671593064456,4.41155164281167,66.5540914669119
2015,"Medium",17.4421012737936,"price.mod","status.quo",13.2147941220035,2.81150774930967,49.0386028955147
2015.5,"Medium",8.32102291572142,"price.mod","status.quo",7.50525393689402,2.86759769693102,23.861346149233
2016,"Medium",13.3929273923585,"price.mod","status.quo",10.1808130369481,3.00596842461488,40.2587168545892
2016.5,"Medium",9.13458169085406,"price.mod","status.quo",5.39307169815739,4.18887393214666,38.2636111258828
2017,"Medium",19.3180121273335,"price.mod","status.quo",12.1331828553547,3.47942031582626,67.2154838572221
2017.5,"Medium",12.5352144127079,"price.mod","status.quo",7.54050854388687,3.79112272220055,47.5225361876728
2018,"Medium",18.6866355726641,"price.mod","status.quo",13.7781541536191,3.25380794124098,60.8027232214106
2018.5,"Medium",8.15596989809181,"price.mod","status.quo",8.66981088922993,3.45385243293675,28.1695164754833
2019,"Medium",10.8669502214986,"price.mod","status.quo",7.94919114053227,3.29851886703811,35.8448403327769
2019.5,"Medium",7.25549196658893,"price.mod","status.quo",5.45331074318056,3.39313131687167,24.6188370111437
2020,"Medium",19.1427423296821,"price.mod","status.quo",11.8094531922773,2.81936323656955,53.9703439714292
2020.5,"Medium",10.5171384122969,"price.mod","status.quo",5.0535056945109,2.97562041568792,31.2950117742464
2021,"Medium",44.8365000891056,"price.mod","status.quo",12.1371153888044,3.68191490636116,165.084178027141
2021.5,"Medium",14.7230681196569,"price.mod","status.quo",8.24615492050734,3.50734091870751,51.6388192649905
2022,"Medium",23.5260542016456,"price.mod","status.quo",7.9248694210156,2.4198801778206,56.9302322248954
2022.5,"Medium",4.85988368931901,"price.mod","status.quo",5.88528355085481,1.95246160438392,9.48873630516706
2023,"Medium",18.3199728224159,"price.mod","status.quo",NA,2.89276354325511,52.9953494941092
2023.5,"Medium",5.31805727122354,"price.mod","status.quo",NA,2.89276354325511,15.3838821951382
2024,"Medium",14.2907151444937,"price.mod","status.quo",NA,2.89276354325511,41.3396597770351
2024.5,"Medium",6.36727043450461,"price.mod","status.quo",NA,2.89276354325511,18.4190077829811
2025,"Medium",24.2095293849081,"price.mod","status.quo",NA,2.89276354325511,70.0324440040256
2025.5,"Medium",9.44735714754606,"price.mod","status.quo",NA,2.89276354325511,27.3289703365318
2026,"Medium",25.8588409795837,"price.mod","status.quo",NA,2.89276354325511,74.8035124565711
2026.5,"Medium",10.3868641277489,"price.mod","status.quo",NA,2.89276354325511,30.0467418774964
2027,"Medium",23.7939743307095,"price.mod","status.quo",NA,2.89276354325511,68.8303414930243
1987,"Small",21.3545877170269,"price.mod","status.quo",33.1699600876773,3.46223983102226,73.9347041689495
1987.5,"Small",2.97490703258063,"price.mod","status.quo",1.55534427195328,4.03600829559881,12.0067494621307
1988,"Small",9.24377440733442,"price.mod","status.quo",23.8431624881257,2.83796100605314,26.2334713167671
1988.5,"Small",1.64019497112063,"price.mod","status.quo",0.720080044745491,3.55275304925539,5.82720768502217
1989,"Small",13.7847504848135,"price.mod","status.quo",28.7755001766216,2.51462103845419,34.6634235789535
1989.5,"Small",2.28505560281303,"price.mod","status.quo",1.15542976955331,3.07473626443988,7.02594332823077
1990,"Small",16.8335017311732,"price.mod","status.quo",40.4141643858711,2.31713756835269,39.0055392682314
1990.5,"Small",4.10460617073339,"price.mod","status.quo",0.71930936977849,3.31075264722307,13.5893357455637
1991,"Small",25.9880218770765,"price.mod","status.quo",29.6999205320081,2.75220541657956,71.524374576278
1991.5,"Small",4.47513739594355,"price.mod","status.quo",1.45164641335001,3.33127362657706,14.9079071824155
1992,"Small",9.28173452278272,"price.mod","status.quo",22.1974889327821,3.34190966430881,31.0187183032362
1992.5,"Small",2.58842375072375,"price.mod","status.quo",1.90915308007694,3.40282759475462,8.80795976588102
1993,"Small",7.84098212320627,"price.mod","status.quo",31.251177401142,2.55240244206907,20.0133419194916
1993.5,"Small",4.32889831004505,"price.mod","status.quo",0.649131295937703,2.80837868563889,12.1571857462287
1994,"Small",19.3524484294768,"price.mod","status.quo",21.9947786917798,3.00582662053682,58.1701046618871
1994.5,"Small",3.37455229869555,"price.mod","status.quo",1.36367695496224,3.87707147498693,13.0833804581241
1995,"Small",21.9031299321885,"price.mod","status.quo",34.102267260659,2.974202323365,65.1443399332805
1995.5,"Small",3.84037608874781,"price.mod","status.quo",0.735616089227739,3.19859578961608,12.283810788011
1996,"Small",12.4364956679549,"price.mod","status.quo",33.1773985935543,2.50019980592919,31.09372405546
1996.5,"Small",3.09562981958677,"price.mod","status.quo",0.716812406096025,3.16326652401382,9.79230217903775
1997,"Small",13.8723001461459,"price.mod","status.quo",29.4775886362047,3.20074806344115,44.4017378282508
1997.5,"Small",3.91556780946016,"price.mod","status.quo",1.69100390344393,3.17160491541806,12.4186341111366
1998,"Small",22.3471857719978,"price.mod","status.quo",34.4104421044754,2.32616054446169,51.9831418225768
1998.5,"Small",2.36650897002501,"price.mod","status.quo",2.05210174026596,2.56029739710157,6.05896675617256
1999,"Small",20.7252717944387,"price.mod","status.quo",38.4741550182192,2.39087042848093,49.5514394555535
1999.5,"Small",6.48701575514119,"price.mod","status.quo",2.23520985136123,3.15007512047249,20.4345869363833
2000,"Small",31.1619389789505,"price.mod","status.quo",37.0846168064626,3.42056965332977,106.591582810312
2000.5,"Small",4.82215089002357,"price.mod","status.quo",1.12931721350037,3.50211131063933,16.8877091735611
2001,"Small",12.2197091857061,"price.mod","status.quo",38.9592104154854,3.17152612550219,38.7551269285059
2001.5,"Small",3.48959264351451,"price.mod","status.quo",0.95305989767346,2.72647203944922,9.51427677160999
2002,"Small",16.8429019448005,"price.mod","status.quo",32.8442587186268,2.43724646261169,41.0503031850807
2002.5,"Small",4.50801261845031,"price.mod","status.quo",1.87019646901045,2.48644434759047,11.2089224940123
2003,"Small",33.4111371641458,"price.mod","status.quo",39.9101605584912,1.87960607049409,62.7997762358394
2003.5,"Small",1.7096914917688,"price.mod","status.quo",1.08131262915648,1.64775643949941,2.81715516511939
2004,"Small",11.7023235466507,"price.mod","status.quo",37.7506649665029,1.49426390224892,17.4863596481976
2004.5,"Small",2.70766977465643,"price.mod","status.quo",0.542971426348707,1.95329414520825,5.28887551799374
2005,"Small",11.230405830417,"price.mod","status.quo",25.5567941818433,2.276876512803,25.5702472645224
2005.5,"Small",6.0918318031233,"price.mod","status.quo",1.92148772697992,2.32541849460168,14.1660583409856
2006,"Small",26.2396255195279,"price.mod","status.quo",29.3820294770415,1.64328250817206,43.1191176372255
2006.5,"Small",5.01259117511219,"price.mod","status.quo",0.304521701423559,1.71856753817881,8.61447647570937
2007,"Small",17.3708378103874,"price.mod","status.quo",27.6217543664749,1.89961137600456,32.997841115342
2007.5,"Small",2.39087913808084,"price.mod","status.quo",0.465516613623862,1.90748378576943,4.5605631896236
2008,"Small",23.0814167332078,"price.mod","status.quo",17.7659276919536,1.84321551806618,42.544025501601
2008.5,"Small",6.55519676686464,"price.mod","status.quo",0.817461976283013,1.81599198296602,11.9041847753909
2009,"Small",17.2144060460814,"price.mod","status.quo",18.8947247584991,1.47843200217586,25.4503287969763
2009.5,"Small",2.74743363772048,"price.mod","status.quo",0.414448546792974,1.74489870397938,4.79399339372783
2010,"Small",16.6571837311868,"price.mod","status.quo",10.3898713043782,2.40726345236337,40.0982296153877
2010.5,"Small",1.16724847291369,"price.mod","status.quo",1.58086469169156,1.8721768967639,2.18529562377196
2011,"Small",15.7170577684796,"price.mod","status.quo",24.250876531461,1.46960221213565,23.0978228648214
2011.5,"Small",1.85137975538644,"price.mod","status.quo",1.02000463321805,2.11229011307718,3.91065115285403
2012,"Small",19.6278997152231,"price.mod","status.quo",14.9581501376982,2.01235528403434,39.4983077064253
2012.5,"Small",1.5831285567557,"price.mod","status.quo",1.06246201400765,1.95729714018241,3.09865299667903
2013,"Small",18.8710092762502,"price.mod","status.quo",23.121954254089,2.08313110442743,39.3107863952953
2013.5,"Small",3.30213414240006,"price.mod","status.quo",1.11985873291099,3.47567759827312,11.4771536652327
2014,"Small",18.6749828689544,"price.mod","status.quo",25.8305466848948,3.59725315728399,67.1786410875708
2014.5,"Small",3.97703785028835,"price.mod","status.quo",1.43466762510486,2.30597696796899,9.17095768350585
2015,"Small",21.3789570892683,"price.mod","status.quo",17.7198833877751,1.60367976611785,34.2850009047615
2015.5,"Small",3.57362703594911,"price.mod","status.quo",0.893230523631532,1.74925517610095,6.25118559008828
2016,"Small",10.0518251667236,"price.mod","status.quo",13.7848418529771,1.36349750789189,13.7056385645926
2016.5,"Small",2.33087165565664,"price.mod","status.quo",2.07950199163093,2.21804534012833,5.16997901426642
2017,"Small",12.8316829796122,"price.mod","status.quo",16.1131159758896,1.54110611853533,19.774985150986
2017.5,"Small",4.38521446440299,"price.mod","status.quo",2.88503781328209,1.90789517166,8.36652950332805
2018,"Small",8.8869258062466,"price.mod","status.quo",24.659261960846,1.44488280433977,12.8405662808891
2018.5,"Small",3.37356854000192,"price.mod","status.quo",0.766913261974894,1.54754568558391,5.22075143910158
2019,"Small",19.9767535339909,"price.mod","status.quo",12.1964944971997,1.60329405331422,32.0286101455715
2019.5,"Small",3.48624026839471,"price.mod","status.quo",0.49134503743693,1.84553430067428,6.43397599571435
2020,"Small",30.5875414140559,"price.mod","status.quo",8.45437092584065,1.74321307533248,53.3206021352561
2020.5,"Small",4.67467281014436,"price.mod","status.quo",0.365339397994311,1.99966936626942,9.34780001577829
2021,"Small",45.0046730890827,"price.mod","status.quo",10.9727795586288,2.19867920946227,98.9508390496121
2021.5,"Small",3.57030572383372,"price.mod","status.quo",0.63159289139346,1.95371255603988,6.975351121555
2022,"Small",13.150903976462,"price.mod","status.quo",7.02551689200128,1.20079679537534,15.7915633512243
2022.5,"Small",3.24973266483089,"price.mod","status.quo",0.425794667042911,1.33949152023172,4.352989347561
2023,"Small",10.5593080042195,"price.mod","status.quo",NA,1.73926042045185,18.3653864790994
2023.5,"Small",5.20366453693125,"price.mod","status.quo",NA,1.73926042045185,9.05052777039344
2024,"Small",18.0120145743263,"price.mod","status.quo",NA,1.73926042045185,31.3275840417276
2024.5,"Small",3.10678578786596,"price.mod","status.quo",NA,1.73926042045185,5.40350955565759
2025,"Small",18.3219697358179,"price.mod","status.quo",NA,1.73926042045185,31.8666767862247
2025.5,"Small",2.55315495823712,"price.mod","status.quo",NA,1.73926042045185,4.44060136614222
2026,"Small",21.2055663692181,"price.mod","status.quo",NA,1.73926042045185,36.8820022792459
2026.5,"Small",3.27066589907722,"price.mod","status.quo",NA,1.73926042045185,5.68853974678659
2027,"Small",21.426922668586,"price.mod","status.quo",NA,1.73926042045185,37.2669985295542
1987,"Large",6.17738633458524,"price.mod","farmed",6.71737977735683,12.5899917441796,77.7732429530361
1987.5,"Large",7.04743481790218,"price.mod","farmed",10.622314411265,12.0793895597091,85.1287105620978
1988,"Large",2.98281795338056,"price.mod","farmed",8.57325287037129,12.6057295038419,37.6005962795186
1988.5,"Large",9.07559019536066,"price.mod","farmed",10.8087014478752,12.5584041151657,113.974929256975
1989,"Large",12.9615972467329,"price.mod","farmed",8.31618564404666,10.1603157047673,131.693920064849
1989.5,"Large",9.09093520339135,"price.mod","farmed",13.0119615266943,8.85794163390862,80.5269734292857
1990,"Large",6.63928381437447,"price.mod","farmed",10.4664894841967,8.57265311491896,56.9162770721284
1990.5,"Large",8.51416754770079,"price.mod","farmed",12.3173138400001,10.121152066617,86.1731844709355
1991,"Large",16.826395897965,"price.mod","farmed",10.6108380057583,9.45743851223052,159.134604587451
1991.5,"Large",10.0643221488883,"price.mod","farmed",12.4879838019052,8.90923640938927,89.6654253246986
1992,"Large",5.91006873992957,"price.mod","farmed",4.36900738448302,9.78433680553042,57.8261030953077
1992.5,"Large",9.10697138091118,"price.mod","farmed",12.1414743179632,9.61389512435446,87.5534677565776
1993,"Large",4.0948863794331,"price.mod","farmed",3.71286139165064,9.68624084782594,39.6640557156709
1993.5,"Large",5.99009902799164,"price.mod","farmed",9.6599860067035,9.72021935763151,58.225076526014
1994,"Large",8.03793354804618,"price.mod","farmed",5.51132667262915,10.8613688089981,87.3029607275484
1994.5,"Large",10.5713052212305,"price.mod","farmed",11.8112138407078,10.7633585365074,113.782748294957
1995,"Large",10.0676836105714,"price.mod","farmed",6.21391252952628,10.7890232405838,108.620472453299
1995.5,"Large",10.5862317919078,"price.mod","farmed",11.1939421930543,9.62593281197826,101.902355960932
1996,"Large",4.57693982404659,"price.mod","farmed",4.69273193485784,10.3436601282369,47.3423099673303
1996.5,"Large",7.36703804908822,"price.mod","farmed",10.9515132054804,10.4387237810633,76.9024752790155
1997,"Large",4.80693010519737,"price.mod","farmed",3.43510362636754,11.5771198057125,55.6504057255564
1997.5,"Large",9.15006687858524,"price.mod","farmed",9.04681397446952,11.3781664584964,104.110984050917
1998,"Large",5.3706468939672,"price.mod","farmed",4.24075938686746,10.7769406001589,57.8791425607125
1998.5,"Large",8.61619958516397,"price.mod","farmed",12.0293003674683,9.51226679526253,81.95958921531
1999,"Large",8.52226585331756,"price.mod","farmed",6.26837397930924,10.3714508913732,88.3882617809101
1999.5,"Large",9.26458575276015,"price.mod","farmed",9.94572173827841,10.6330528005955,98.5108294847431
2000,"Large",12.9808530678534,"price.mod","farmed",9.60103636139893,10.7508888167683,139.555708079298
2000.5,"Large",10.555610299051,"price.mod","farmed",12.330422287742,9.34581671991077,98.6507992217333
2001,"Large",9.17298728396431,"price.mod","farmed",7.91172740953807,9.69680841162668,88.9487002548897
2001.5,"Large",6.61764958536966,"price.mod","farmed",9.53611922083641,8.24439553464669,54.5585206914782
2002,"Large",5.21469756492624,"price.mod","farmed",5.90490467986567,7.03546425864735,36.6878183376939
2002.5,"Large",5.60702137507139,"price.mod","farmed",8.21494371689397,7.15032103828286,40.0920029002747
2003,"Large",5.8986583819094,"price.mod","farmed",5.88659270493106,6.83775934994511,40.3336065030331
2003.5,"Large",6.8884927585136,"price.mod","farmed",9.7458138599594,6.03783529573531,41.5915847117705
2004,"Large",12.1929021511955,"price.mod","farmed",6.97115490146669,6.51352108495447,79.4187252485987
2004.5,"Large",8.5278996347269,"price.mod","farmed",10.0288422319289,6.56657427628878,55.9990863721701
2005,"Large",4.4547515352503,"price.mod","farmed",5.57953019668072,6.02719887276295,26.8496734316996
2005.5,"Large",6.99406619422236,"price.mod","farmed",10.0812503959341,5.6234149093112,39.3305361132995
2006,"Large",9.31379085173567,"price.mod","farmed",9.32814760671619,4.72089382927121,43.9694177590816
2006.5,"Large",7.25626438094905,"price.mod","farmed",19.3733736458873,4.22533641185959,30.6601581029038
2007,"Large",7.13843556422074,"price.mod","farmed",8.93251755415469,5.4674366499906,39.0289442274168
2007.5,"Large",9.60894418949863,"price.mod","farmed",11.9723465627928,5.86706497636183,56.376299914023
2008,"Large",8.76025310067869,"price.mod","farmed",6.8632023388661,6.87395329195337,60.217570639755
2008.5,"Large",11.2314914728989,"price.mod","farmed",12.9867202704612,4.910949850942,55.1572913746894
2009,"Large",3.87550169214485,"price.mod","farmed",11.3957385120874,3.4946185695594,13.5434001797283
2009.5,"Large",10.0960441763388,"price.mod","farmed",20.1822701677183,3.95084796176061,39.8879355559334
2010,"Large",33.5956363560467,"price.mod","farmed",4.93689076135254,6.8935907213382,231.594567061496
2010.5,"Large",32.0031914571502,"price.mod","farmed",11.8949437102665,6.08552889172307,194.756346239832
2011,"Large",28.9063429901826,"price.mod","farmed",7.43116987306931,6.42924813142202,185.846051655876
2011.5,"Large",26.5775723779443,"price.mod","farmed",15.2124204306267,6.12657011782144,162.82936073495
2012,"Large",15.4962241735588,"price.mod","farmed",8.20944256638802,5.37802611663949,83.3390983146996
2012.5,"Large",15.2300119841056,"price.mod","farmed",12.7487994935888,5.26996060725231,80.2615632042171
2013,"Large",17.1999316019291,"price.mod","farmed",8.12879485408897,7.29940876517483,125.549331495529
2013.5,"Large",23.7769882292343,"price.mod","farmed",12.1287990775526,8.36406624719241,198.87230470803
2014,"Large",10.5732297514685,"price.mod","farmed",4.83811460324899,9.26869378396509,98.0000288738713
2014.5,"Large",26.725814075476,"price.mod","farmed",13.2014758885329,7.64784836022419,204.394973352786
2015,"Large",5.65143763310233,"price.mod","farmed",11.9161098619624,4.35779288507159,24.6277947079592
2015.5,"Large",12.3465911638854,"price.mod","farmed",12.4991106317133,4.55318414231323,56.2163030990277
2016,"Large",9.88014181588613,"price.mod","farmed",9.63632679089192,4.88277904371158,48.2425494075072
2016.5,"Large",14.6378247196965,"price.mod","farmed",9.76216658287913,6.21792739900937,91.0169313864975
2017,"Large",7.19159427960567,"price.mod","farmed",9.02808762228676,4.92061824876707,35.3870900499565
2017.5,"Large",10.0169971646074,"price.mod","farmed",9.08662344104663,5.10145524158574,51.1012626903358
2018,"Large",6.64459767180437,"price.mod","farmed",10.2255227834163,4.71837605093946,31.3517105227698
2018.5,"Large",11.1700931623401,"price.mod","farmed",12.0208463089032,5.01855298773329,56.0577044131209
2019,"Large",5.07284941909505,"price.mod","farmed",6.49742860601407,4.88494408016038,24.7805857393534
2019.5,"Large",8.48284707036427,"price.mod","farmed",8.12546140575837,5.17750496313892,43.9199828083595
2020,"Large",6.96501560963244,"price.mod","farmed",6.99253856614546,4.68046753159861,32.5995294179621
2020.5,"Large",14.6350789159188,"price.mod","farmed",8.32614451400999,5.40555837390546,79.1107733867121
2021,"Large",15.7146769529968,"price.mod","farmed",4.15856313937567,6.22144464823613,97.7679928279816
2021.5,"Large",14.8430915503103,"price.mod","farmed",5.87361341229464,6.47320276956418,96.0823413323636
2022,"Large",10.5324259122408,"price.mod","farmed",4.33617367568456,4.29638469636797,45.2513535049808
2022.5,"Large",3.3469929032352,"price.mod","farmed",5.27214346715716,3.49424942020108,11.6952280115467
2023,"Large",5.10178021735768,"price.mod","farmed",NA,3.82141342998418,19.4960114394383
2023.5,"Large",3.44896918226226,"price.mod","farmed",NA,3.82141342998418,13.1799371526986
2024,"Large",4.65814275209389,"price.mod","farmed",NA,3.82141342998418,17.8006892716351
2024.5,"Large",3.36571094629601,"price.mod","farmed",NA,3.82141342998418,12.8617730116203
2025,"Large",4.916463214818,"price.mod","farmed",NA,3.82141342998418,18.7878385571287
2025.5,"Large",3.60643158365112,"price.mod","farmed",NA,3.82141342998418,13.7816660880835
2026,"Large",4.97123752079991,"price.mod","farmed",NA,3.82141342998418,18.997153825626
2026.5,"Large",3.6735315367069,"price.mod","farmed",NA,3.82141342998418,14.0380827498422
2027,"Large",4.86181309825919,"price.mod","farmed",NA,3.82141342998418,18.5789978677607
1987,"Medium",17.5389458725596,"price.mod","farmed",32.7194132783767,6.08983897957365,106.809356235346
1987.5,"Medium",6.88176664678148,"price.mod","farmed",7.64637899895229,6.22272095995808,42.8233135544676
1988,"Medium",9.55775860267971,"price.mod","farmed",32.816615646671,5.28614926542636,50.5237386166778
1988.5,"Medium",4.31481271627069,"price.mod","farmed",5.51691034329667,5.92203308328633,25.5524636539396
1989,"Medium",42.9403834637278,"price.mod","farmed",36.5678534777813,5.11980548744016,219.846410890379
1989.5,"Medium",10.4437629358634,"price.mod","farmed",9.12915061718908,5.89339168953183,61.5491856936576
1990,"Medium",27.2939533356899,"price.mod","farmed",35.6475771015084,4.69183072247511,128.058608798192
1990.5,"Medium",9.72610259078615,"price.mod","farmed",8.40505368169431,5.87198459467529,57.1115245793277
1991,"Medium",39.0779993259734,"price.mod","farmed",27.3423279699856,5.29812880233018,207.040273766379
1991.5,"Medium",11.9057825637454,"price.mod","farmed",6.60304838164396,5.66122882462061,67.4013594295409
1992,"Medium",13.0634562847326,"price.mod","farmed",22.2825090419081,5.27007850286719,68.8454401393145
1992.5,"Medium",9.04301155074626,"price.mod","farmed",8.04572442883319,5.34944559516089,48.3750983071286
1993,"Medium",7.89909775122401,"price.mod","farmed",16.9236119526854,4.69304570072945,37.0708267410236
1993.5,"Medium",8.73427538492937,"price.mod","farmed",6.56173810175156,5.6129027756598,49.0246385514471
1994,"Medium",30.652691445026,"price.mod","farmed",22.2137154211208,7.16914108424744,219.753469581296
1994.5,"Medium",12.6205905228909,"price.mod","farmed",6.25221156996301,7.27604909512476,91.8280362540204
1995,"Medium",32.7713141569829,"price.mod","farmed",20.030923425577,5.32227477000002,174.417938517454
1995.5,"Medium",12.7123133786974,"price.mod","farmed",6.04923251875156,5.09212478044929,64.732685972502
1996,"Medium",7.74360323968474,"price.mod","farmed",20.8366043824406,4.72257319055959,36.5697330580655
1996.5,"Medium",8.55593095791286,"price.mod","farmed",6.16548682253209,5.66253041071969,48.4482192411996
1997,"Medium",9.87623175879896,"price.mod","farmed",16.3328456637844,6.69271878623742,66.0988418293484
1997.5,"Medium",12.378846044947,"price.mod","farmed",7.94680082880489,6.70282972128026,82.9732971852235
1998,"Medium",16.1479934787462,"price.mod","farmed",24.0115004673135,4.55282361783213,73.5189660906346
1998.5,"Medium",6.55612006603567,"price.mod","farmed",7.21680260156809,4.56254309845653,29.9125803599434
1999,"Medium",23.5600826484152,"price.mod","farmed",20.1063773758566,4.84198465538306,114.077558663183
1999.5,"Medium",9.8296474426566,"price.mod","farmed",6.42932894524407,6.01017980396059,59.0779485399076
2000,"Medium",41.1319993741138,"price.mod","farmed",28.1806030510016,6.33227130160756,260.458979214441
2000.5,"Medium",12.5580415002197,"price.mod","farmed",8.71077659307286,5.90087585057623,74.1034438191802
2001,"Medium",23.509768060177,"price.mod","farmed",28.3160763222633,4.47355045862035,105.172133687663
2001.5,"Medium",8.18539174008358,"price.mod","farmed",5.47603106489692,4.42953362104376,36.2574679141141
2002,"Medium",16.3693150723697,"price.mod","farmed",20.8191160581067,3.66198228125976,59.9441417513762
2002.5,"Medium",6.38056708006912,"price.mod","farmed",6.9024297187297,4.02193440093658,25.6622222368135
2003,"Medium",15.0502345004259,"price.mod","farmed",22.7726223065002,3.41458224662662,51.3902635327219
2003.5,"Medium",3.9402801621373,"price.mod","farmed",6.95872350472763,3.1173102683852,12.2830758097451
2004,"Medium",14.8391012851172,"price.mod","farmed",16.488138917693,2.96352396392705,43.9760322615855
2004.5,"Medium",4.43218133755454,"price.mod","farmed",5.41492897646919,3.2568059561738,14.43475457899
2005,"Medium",11.4705774647777,"price.mod","farmed",12.5141930894517,3.40067473540805,39.0077029850106
2005.5,"Medium",5.26301056533866,"price.mod","farmed",5.3781189264929,3.32928335785263,17.5220534873846
2006,"Medium",26.0962468041467,"price.mod","farmed",21.8386311572776,2.58047613508342,67.3407420933476
2006.5,"Medium",3.97749675169899,"price.mod","farmed",8.63501978553956,2.57368762405512,10.2368341645671
2007,"Medium",12.5210437311072,"price.mod","farmed",17.8553156773805,2.78674750448948,34.8929873712665
2007.5,"Medium",5.10920242698322,"price.mod","farmed",5.52115890238281,3.19323641553863,16.3148912442012
2008,"Medium",20.3355473502177,"price.mod","farmed",11.3577946496599,3.91862878927398,79.687461292207
2008.5,"Medium",9.31541065234994,"price.mod","farmed",5.08086533882322,3.33130130874346,31.0324396976561
2009,"Medium",13.1972362754784,"price.mod","farmed",17.9668851781964,2.25868223125,29.8083630770309
2009.5,"Medium",5.37449470352011,"price.mod","farmed",7.57574099599588,2.39828041246072,12.8895453743262
2010,"Medium",29.1063047576413,"price.mod","farmed",8.04780714544663,3.03808440430528,88.4274105511468
2010.5,"Medium",8.86735035827157,"price.mod","farmed",8.57478318074798,3.07854866749727,27.2985696296884
2011,"Medium",37.1478606685525,"price.mod","farmed",17.8287157295084,3.21106661498974,119.284255211079
2011.5,"Medium",7.56924894776633,"price.mod","farmed",8.37455860329747,3.77640735527577,28.5845674002582
2012,"Medium",27.4505289116309,"price.mod","farmed",18.6467153647801,3.43378376176959,94.2591804287448
2012.5,"Medium",11.5239925704341,"price.mod","farmed",8.81451598006909,3.3867862695019,39.0292998073881
2013,"Medium",15.614769129959,"price.mod","farmed",14.5150058419753,4.06054672077294,63.4044995862817
2013.5,"Medium",12.9767041686129,"price.mod","farmed",7.81621022101394,5.35909558500419,69.5433980179191
2014,"Medium",14.1725119550756,"price.mod","farmed",14.588974377991,5.29777481788601,75.082776941788
2014.5,"Medium",15.0863226491653,"price.mod","farmed",9.23671593064456,4.41155164281167,66.5540914669119
2015,"Medium",17.4421012737936,"price.mod","farmed",13.2147941220035,2.81150774930967,49.0386028955147
2015.5,"Medium",8.32102291572142,"price.mod","farmed",7.50525393689402,2.86759769693102,23.861346149233
2016,"Medium",13.3929273923585,"price.mod","farmed",10.1808130369481,3.00596842461488,40.2587168545892
2016.5,"Medium",9.13458169085406,"price.mod","farmed",5.39307169815739,4.18887393214666,38.2636111258828
2017,"Medium",19.3180121273335,"price.mod","farmed",12.1331828553547,3.47942031582626,67.2154838572221
2017.5,"Medium",12.5352144127079,"price.mod","farmed",7.54050854388687,3.79112272220055,47.5225361876728
2018,"Medium",18.6866355726641,"price.mod","farmed",13.7781541536191,3.25380794124098,60.8027232214106
2018.5,"Medium",8.15596989809181,"price.mod","farmed",8.66981088922993,3.45385243293675,28.1695164754833
2019,"Medium",10.8669502214986,"price.mod","farmed",7.94919114053227,3.29851886703811,35.8448403327769
2019.5,"Medium",7.25549196658893,"price.mod","farmed",5.45331074318056,3.39313131687167,24.6188370111437
2020,"Medium",19.1427423296821,"price.mod","farmed",11.8094531922773,2.81936323656955,53.9703439714292
2020.5,"Medium",10.5171384122969,"price.mod","farmed",5.0535056945109,2.97562041568792,31.2950117742464
2021,"Medium",44.8365000891056,"price.mod","farmed",12.1371153888044,3.68191490636116,165.084178027141
2021.5,"Medium",14.7230681196569,"price.mod","farmed",8.24615492050734,3.50734091870751,51.6388192649905
2022,"Medium",23.5260542016456,"price.mod","farmed",7.9248694210156,2.4198801778206,56.9302322248954
2022.5,"Medium",4.85988368931901,"price.mod","farmed",5.88528355085481,1.95246160438392,9.48873630516706
2023,"Medium",16.3678862099115,"price.mod","farmed",NA,2.16957265744133,35.511318381135
2023.5,"Medium",4.77954585726798,"price.mod","farmed",NA,2.16957265744133,10.3695720069156
2024,"Medium",12.8422571723429,"price.mod","farmed",NA,2.16957265744133,27.862210020945
2024.5,"Medium",5.6297749758538,"price.mod","farmed",NA,2.16957265744133,12.2142058551598
2025,"Medium",21.6995661532831,"price.mod","farmed",NA,2.16957265744133,47.0787854045024
2025.5,"Medium",8.5305023775344,"price.mod","farmed",NA,2.16957265744133,18.5075447125369
2026,"Medium",23.7051220564397,"price.mod","farmed",NA,2.16957265744133,51.4299846549611
2026.5,"Medium",9.6114881813176,"price.mod","farmed",NA,2.16957265744133,20.8528219555072
2027,"Medium",21.1567758390092,"price.mod","farmed",NA,2.16957265744133,45.9011623799297
1987,"Small",21.3545877170269,"price.mod","farmed",33.1699600876773,3.46223983102226,73.9347041689495
1987.5,"Small",2.97490703258063,"price.mod","farmed",1.55534427195328,4.03600829559881,12.0067494621307
1988,"Small",9.24377440733442,"price.mod","farmed",23.8431624881257,2.83796100605314,26.2334713167671
1988.5,"Small",1.64019497112063,"price.mod","farmed",0.720080044745491,3.55275304925539,5.82720768502217
1989,"Small",13.7847504848135,"price.mod","farmed",28.7755001766216,2.51462103845419,34.6634235789535
1989.5,"Small",2.28505560281303,"price.mod","farmed",1.15542976955331,3.07473626443988,7.02594332823077
1990,"Small",16.8335017311732,"price.mod","farmed",40.4141643858711,2.31713756835269,39.0055392682314
1990.5,"Small",4.10460617073339,"price.mod","farmed",0.71930936977849,3.31075264722307,13.5893357455637
1991,"Small",25.9880218770765,"price.mod","farmed",29.6999205320081,2.75220541657956,71.524374576278
1991.5,"Small",4.47513739594355,"price.mod","farmed",1.45164641335001,3.33127362657706,14.9079071824155
1992,"Small",9.28173452278272,"price.mod","farmed",22.1974889327821,3.34190966430881,31.0187183032362
1992.5,"Small",2.58842375072375,"price.mod","farmed",1.90915308007694,3.40282759475462,8.80795976588102
1993,"Small",7.84098212320627,"price.mod","farmed",31.251177401142,2.55240244206907,20.0133419194916
1993.5,"Small",4.32889831004505,"price.mod","farmed",0.649131295937703,2.80837868563889,12.1571857462287
1994,"Small",19.3524484294768,"price.mod","farmed",21.9947786917798,3.00582662053682,58.1701046618871
1994.5,"Small",3.37455229869555,"price.mod","farmed",1.36367695496224,3.87707147498693,13.0833804581241
1995,"Small",21.9031299321885,"price.mod","farmed",34.102267260659,2.974202323365,65.1443399332805
1995.5,"Small",3.84037608874781,"price.mod","farmed",0.735616089227739,3.19859578961608,12.283810788011
1996,"Small",12.4364956679549,"price.mod","farmed",33.1773985935543,2.50019980592919,31.09372405546
1996.5,"Small",3.09562981958677,"price.mod","farmed",0.716812406096025,3.16326652401382,9.79230217903775
1997,"Small",13.8723001461459,"price.mod","farmed",29.4775886362047,3.20074806344115,44.4017378282508
1997.5,"Small",3.91556780946016,"price.mod","farmed",1.69100390344393,3.17160491541806,12.4186341111366
1998,"Small",22.3471857719978,"price.mod","farmed",34.4104421044754,2.32616054446169,51.9831418225768
1998.5,"Small",2.36650897002501,"price.mod","farmed",2.05210174026596,2.56029739710157,6.05896675617256
1999,"Small",20.7252717944387,"price.mod","farmed",38.4741550182192,2.39087042848093,49.5514394555535
1999.5,"Small",6.48701575514119,"price.mod","farmed",2.23520985136123,3.15007512047249,20.4345869363833
2000,"Small",31.1619389789505,"price.mod","farmed",37.0846168064626,3.42056965332977,106.591582810312
2000.5,"Small",4.82215089002357,"price.mod","farmed",1.12931721350037,3.50211131063933,16.8877091735611
2001,"Small",12.2197091857061,"price.mod","farmed",38.9592104154854,3.17152612550219,38.7551269285059
2001.5,"Small",3.48959264351451,"price.mod","farmed",0.95305989767346,2.72647203944922,9.51427677160999
2002,"Small",16.8429019448005,"price.mod","farmed",32.8442587186268,2.43724646261169,41.0503031850807
2002.5,"Small",4.50801261845031,"price.mod","farmed",1.87019646901045,2.48644434759047,11.2089224940123
2003,"Small",33.4111371641458,"price.mod","farmed",39.9101605584912,1.87960607049409,62.7997762358394
2003.5,"Small",1.7096914917688,"price.mod","farmed",1.08131262915648,1.64775643949941,2.81715516511939
2004,"Small",11.7023235466507,"price.mod","farmed",37.7506649665029,1.49426390224892,17.4863596481976
2004.5,"Small",2.70766977465643,"price.mod","farmed",0.542971426348707,1.95329414520825,5.28887551799374
2005,"Small",11.230405830417,"price.mod","farmed",25.5567941818433,2.276876512803,25.5702472645224
2005.5,"Small",6.0918318031233,"price.mod","farmed",1.92148772697992,2.32541849460168,14.1660583409856
2006,"Small",26.2396255195279,"price.mod","farmed",29.3820294770415,1.64328250817206,43.1191176372255
2006.5,"Small",5.01259117511219,"price.mod","farmed",0.304521701423559,1.71856753817881,8.61447647570937
2007,"Small",17.3708378103874,"price.mod","farmed",27.6217543664749,1.89961137600456,32.997841115342
2007.5,"Small",2.39087913808084,"price.mod","farmed",0.465516613623862,1.90748378576943,4.5605631896236
2008,"Small",23.0814167332078,"price.mod","farmed",17.7659276919536,1.84321551806618,42.544025501601
2008.5,"Small",6.55519676686464,"price.mod","farmed",0.817461976283013,1.81599198296602,11.9041847753909
2009,"Small",17.2144060460814,"price.mod","farmed",18.8947247584991,1.47843200217586,25.4503287969763
2009.5,"Small",2.74743363772048,"price.mod","farmed",0.414448546792974,1.74489870397938,4.79399339372783
2010,"Small",16.6571837311868,"price.mod","farmed",10.3898713043782,2.40726345236337,40.0982296153877
2010.5,"Small",1.16724847291369,"price.mod","farmed",1.58086469169156,1.8721768967639,2.18529562377196
2011,"Small",15.7170577684796,"price.mod","farmed",24.250876531461,1.46960221213565,23.0978228648214
2011.5,"Small",1.85137975538644,"price.mod","farmed",1.02000463321805,2.11229011307718,3.91065115285403
2012,"Small",19.6278997152231,"price.mod","farmed",14.9581501376982,2.01235528403434,39.4983077064253
2012.5,"Small",1.5831285567557,"price.mod","farmed",1.06246201400765,1.95729714018241,3.09865299667903
2013,"Small",18.8710092762502,"price.mod","farmed",23.121954254089,2.08313110442743,39.3107863952953
2013.5,"Small",3.30213414240006,"price.mod","farmed",1.11985873291099,3.47567759827312,11.4771536652327
2014,"Small",18.6749828689544,"price.mod","farmed",25.8305466848948,3.59725315728399,67.1786410875708
2014.5,"Small",3.97703785028835,"price.mod","farmed",1.43466762510486,2.30597696796899,9.17095768350585
2015,"Small",21.3789570892683,"price.mod","farmed",17.7198833877751,1.60367976611785,34.2850009047615
2015.5,"Small",3.57362703594911,"price.mod","farmed",0.893230523631532,1.74925517610095,6.25118559008828
2016,"Small",10.0518251667236,"price.mod","farmed",13.7848418529771,1.36349750789189,13.7056385645926
2016.5,"Small",2.33087165565664,"price.mod","farmed",2.07950199163093,2.21804534012833,5.16997901426642
2017,"Small",12.8316829796122,"price.mod","farmed",16.1131159758896,1.54110611853533,19.774985150986
2017.5,"Small",4.38521446440299,"price.mod","farmed",2.88503781328209,1.90789517166,8.36652950332805
2018,"Small",8.8869258062466,"price.mod","farmed",24.659261960846,1.44488280433977,12.8405662808891
2018.5,"Small",3.37356854000192,"price.mod","farmed",0.766913261974894,1.54754568558391,5.22075143910158
2019,"Small",19.9767535339909,"price.mod","farmed",12.1964944971997,1.60329405331422,32.0286101455715
2019.5,"Small",3.48624026839471,"price.mod","farmed",0.49134503743693,1.84553430067428,6.43397599571435
2020,"Small",30.5875414140559,"price.mod","farmed",8.45437092584065,1.74321307533248,53.3206021352561
2020.5,"Small",4.67467281014436,"price.mod","farmed",0.365339397994311,1.99966936626942,9.34780001577829
2021,"Small",45.0046730890827,"price.mod","farmed",10.9727795586288,2.19867920946227,98.9508390496121
2021.5,"Small",3.57030572383372,"price.mod","farmed",0.63159289139346,1.95371255603988,6.975351121555
2022,"Small",13.150903976462,"price.mod","farmed",7.02551689200128,1.20079679537534,15.7915633512243
2022.5,"Small",3.24973266483089,"price.mod","farmed",0.425794667042911,1.33949152023172,4.352989347561
2023,"Small",9.43415983985501,"price.mod","farmed",NA,1.30444531533889,12.3063456072572
2023.5,"Small",4.65251455247053,"price.mod","farmed",NA,1.30444531533889,6.0689508125162
2024,"Small",16.1550863747658,"price.mod","farmed",NA,1.30444531533889,21.0734267404584
2024.5,"Small",2.77737795507482,"price.mod","farmed",NA,1.30444531533889,3.62293766242285
2025,"Small",16.4631264016053,"price.mod","farmed",NA,1.30444531533889,21.4752481104061
2025.5,"Small",2.28340865133519,"price.mod","farmed",NA,1.30444531533889,2.97858171823848
2026,"Small",19.1203266469287,"price.mod","farmed",NA,1.30444531533889,24.9414205223354
2026.5,"Small",3.01987869898412,"price.mod","farmed",NA,1.30444531533889,3.93926662178153
2027,"Small",19.6828457237068,"price.mod","farmed",NA,1.30444531533889,25.6751958968274
1987,"Large",6.17738633458524,"price.mod","tariffs",6.71737977735683,12.5899917441796,77.7732429530361
1987.5,"Large",7.04743481790218,"price.mod","tariffs",10.622314411265,12.0793895597091,85.1287105620978
1988,"Large",2.98281795338056,"price.mod","tariffs",8.57325287037129,12.6057295038419,37.6005962795186
1988.5,"Large",9.07559019536066,"price.mod","tariffs",10.8087014478752,12.5584041151657,113.974929256975
1989,"Large",12.9615972467329,"price.mod","tariffs",8.31618564404666,10.1603157047673,131.693920064849
1989.5,"Large",9.09093520339135,"price.mod","tariffs",13.0119615266943,8.85794163390862,80.5269734292857
1990,"Large",6.63928381437447,"price.mod","tariffs",10.4664894841967,8.57265311491896,56.9162770721284
1990.5,"Large",8.51416754770079,"price.mod","tariffs",12.3173138400001,10.121152066617,86.1731844709355
1991,"Large",16.826395897965,"price.mod","tariffs",10.6108380057583,9.45743851223052,159.134604587451
1991.5,"Large",10.0643221488883,"price.mod","tariffs",12.4879838019052,8.90923640938927,89.6654253246986
1992,"Large",5.91006873992957,"price.mod","tariffs",4.36900738448302,9.78433680553042,57.8261030953077
1992.5,"Large",9.10697138091118,"price.mod","tariffs",12.1414743179632,9.61389512435446,87.5534677565776
1993,"Large",4.0948863794331,"price.mod","tariffs",3.71286139165064,9.68624084782594,39.6640557156709
1993.5,"Large",5.99009902799164,"price.mod","tariffs",9.6599860067035,9.72021935763151,58.225076526014
1994,"Large",8.03793354804618,"price.mod","tariffs",5.51132667262915,10.8613688089981,87.3029607275484
1994.5,"Large",10.5713052212305,"price.mod","tariffs",11.8112138407078,10.7633585365074,113.782748294957
1995,"Large",10.0676836105714,"price.mod","tariffs",6.21391252952628,10.7890232405838,108.620472453299
1995.5,"Large",10.5862317919078,"price.mod","tariffs",11.1939421930543,9.62593281197826,101.902355960932
1996,"Large",4.57693982404659,"price.mod","tariffs",4.69273193485784,10.3436601282369,47.3423099673303
1996.5,"Large",7.36703804908822,"price.mod","tariffs",10.9515132054804,10.4387237810633,76.9024752790155
1997,"Large",4.80693010519737,"price.mod","tariffs",3.43510362636754,11.5771198057125,55.6504057255564
1997.5,"Large",9.15006687858524,"price.mod","tariffs",9.04681397446952,11.3781664584964,104.110984050917
1998,"Large",5.3706468939672,"price.mod","tariffs",4.24075938686746,10.7769406001589,57.8791425607125
1998.5,"Large",8.61619958516397,"price.mod","tariffs",12.0293003674683,9.51226679526253,81.95958921531
1999,"Large",8.52226585331756,"price.mod","tariffs",6.26837397930924,10.3714508913732,88.3882617809101
1999.5,"Large",9.26458575276015,"price.mod","tariffs",9.94572173827841,10.6330528005955,98.5108294847431
2000,"Large",12.9808530678534,"price.mod","tariffs",9.60103636139893,10.7508888167683,139.555708079298
2000.5,"Large",10.555610299051,"price.mod","tariffs",12.330422287742,9.34581671991077,98.6507992217333
2001,"Large",9.17298728396431,"price.mod","tariffs",7.91172740953807,9.69680841162668,88.9487002548897
2001.5,"Large",6.61764958536966,"price.mod","tariffs",9.53611922083641,8.24439553464669,54.5585206914782
2002,"Large",5.21469756492624,"price.mod","tariffs",5.90490467986567,7.03546425864735,36.6878183376939
2002.5,"Large",5.60702137507139,"price.mod","tariffs",8.21494371689397,7.15032103828286,40.0920029002747
2003,"Large",5.8986583819094,"price.mod","tariffs",5.88659270493106,6.83775934994511,40.3336065030331
2003.5,"Large",6.8884927585136,"price.mod","tariffs",9.7458138599594,6.03783529573531,41.5915847117705
2004,"Large",12.1929021511955,"price.mod","tariffs",6.97115490146669,6.51352108495447,79.4187252485987
2004.5,"Large",8.5278996347269,"price.mod","tariffs",10.0288422319289,6.56657427628878,55.9990863721701
2005,"Large",4.4547515352503,"price.mod","tariffs",5.57953019668072,6.02719887276295,26.8496734316996
2005.5,"Large",6.99406619422236,"price.mod","tariffs",10.0812503959341,5.6234149093112,39.3305361132995
2006,"Large",9.31379085173567,"price.mod","tariffs",9.32814760671619,4.72089382927121,43.9694177590816
2006.5,"Large",7.25626438094905,"price.mod","tariffs",19.3733736458873,4.22533641185959,30.6601581029038
2007,"Large",7.13843556422074,"price.mod","tariffs",8.93251755415469,5.4674366499906,39.0289442274168
2007.5,"Large",9.60894418949863,"price.mod","tariffs",11.9723465627928,5.86706497636183,56.376299914023
2008,"Large",8.76025310067869,"price.mod","tariffs",6.8632023388661,6.87395329195337,60.217570639755
2008.5,"Large",11.2314914728989,"price.mod","tariffs",12.9867202704612,4.910949850942,55.1572913746894
2009,"Large",3.87550169214485,"price.mod","tariffs",11.3957385120874,3.4946185695594,13.5434001797283
2009.5,"Large",10.0960441763388,"price.mod","tariffs",20.1822701677183,3.95084796176061,39.8879355559334
2010,"Large",33.5956363560467,"price.mod","tariffs",4.93689076135254,6.8935907213382,231.594567061496
2010.5,"Large",32.0031914571502,"price.mod","tariffs",11.8949437102665,6.08552889172307,194.756346239832
2011,"Large",28.9063429901826,"price.mod","tariffs",7.43116987306931,6.42924813142202,185.846051655876
2011.5,"Large",26.5775723779443,"price.mod","tariffs",15.2124204306267,6.12657011782144,162.82936073495
2012,"Large",15.4962241735588,"price.mod","tariffs",8.20944256638802,5.37802611663949,83.3390983146996
2012.5,"Large",15.2300119841056,"price.mod","tariffs",12.7487994935888,5.26996060725231,80.2615632042171
2013,"Large",17.1999316019291,"price.mod","tariffs",8.12879485408897,7.29940876517483,125.549331495529
2013.5,"Large",23.7769882292343,"price.mod","tariffs",12.1287990775526,8.36406624719241,198.87230470803
2014,"Large",10.5732297514685,"price.mod","tariffs",4.83811460324899,9.26869378396509,98.0000288738713
2014.5,"Large",26.725814075476,"price.mod","tariffs",13.2014758885329,7.64784836022419,204.394973352786
2015,"Large",5.65143763310233,"price.mod","tariffs",11.9161098619624,4.35779288507159,24.6277947079592
2015.5,"Large",12.3465911638854,"price.mod","tariffs",12.4991106317133,4.55318414231323,56.2163030990277
2016,"Large",9.88014181588613,"price.mod","tariffs",9.63632679089192,4.88277904371158,48.2425494075072
2016.5,"Large",14.6378247196965,"price.mod","tariffs",9.76216658287913,6.21792739900937,91.0169313864975
2017,"Large",7.19159427960567,"price.mod","tariffs",9.02808762228676,4.92061824876707,35.3870900499565
2017.5,"Large",10.0169971646074,"price.mod","tariffs",9.08662344104663,5.10145524158574,51.1012626903358
2018,"Large",6.64459767180437,"price.mod","tariffs",10.2255227834163,4.71837605093946,31.3517105227698
2018.5,"Large",11.1700931623401,"price.mod","tariffs",12.0208463089032,5.01855298773329,56.0577044131209
2019,"Large",5.07284941909505,"price.mod","tariffs",6.49742860601407,4.88494408016038,24.7805857393534
2019.5,"Large",8.48284707036427,"price.mod","tariffs",8.12546140575837,5.17750496313892,43.9199828083595
2020,"Large",6.96501560963244,"price.mod","tariffs",6.99253856614546,4.68046753159861,32.5995294179621
2020.5,"Large",14.6350789159188,"price.mod","tariffs",8.32614451400999,5.40555837390546,79.1107733867121
2021,"Large",15.7146769529968,"price.mod","tariffs",4.15856313937567,6.22144464823613,97.7679928279816
2021.5,"Large",14.8430915503103,"price.mod","tariffs",5.87361341229464,6.47320276956418,96.0823413323636
2022,"Large",10.5324259122408,"price.mod","tariffs",4.33617367568456,4.29638469636797,45.2513535049808
2022.5,"Large",3.3469929032352,"price.mod","tariffs",5.27214346715716,3.49424942020108,11.6952280115467
2023,"Large",6.31868956466404,"price.mod","tariffs",NA,6.36902238330697,40.2438752705134
2023.5,"Large",4.25561057012755,"price.mod","tariffs",NA,6.36902238330697,27.1040789757801
2024,"Large",5.78660527383577,"price.mod","tariffs",NA,6.36902238330697,36.8550185124222
2024.5,"Large",4.1691417067481,"price.mod","tariffs",NA,6.36902238330697,26.5533568494573
2025,"Large",6.11412165446095,"price.mod","tariffs",NA,6.36902238330697,38.9409776715236
2025.5,"Large",4.47697149494959,"price.mod","tariffs",NA,6.36902238330697,28.5139316607612
2026,"Large",6.17497983199317,"price.mod","tariffs",NA,6.36902238330697,39.3285847664336
2026.5,"Large",4.55245619185619,"price.mod","tariffs",NA,6.36902238330697,28.9946953849565
2027,"Large",6.04445198608858,"price.mod","tariffs",NA,6.36902238330697,38.4972499942224
1987,"Medium",17.5389458725596,"price.mod","tariffs",32.7194132783767,6.08983897957365,106.809356235346
1987.5,"Medium",6.88176664678148,"price.mod","tariffs",7.64637899895229,6.22272095995808,42.8233135544676
1988,"Medium",9.55775860267971,"price.mod","tariffs",32.816615646671,5.28614926542636,50.5237386166778
1988.5,"Medium",4.31481271627069,"price.mod","tariffs",5.51691034329667,5.92203308328633,25.5524636539396
1989,"Medium",42.9403834637278,"price.mod","tariffs",36.5678534777813,5.11980548744016,219.846410890379
1989.5,"Medium",10.4437629358634,"price.mod","tariffs",9.12915061718908,5.89339168953183,61.5491856936576
1990,"Medium",27.2939533356899,"price.mod","tariffs",35.6475771015084,4.69183072247511,128.058608798192
1990.5,"Medium",9.72610259078615,"price.mod","tariffs",8.40505368169431,5.87198459467529,57.1115245793277
1991,"Medium",39.0779993259734,"price.mod","tariffs",27.3423279699856,5.29812880233018,207.040273766379
1991.5,"Medium",11.9057825637454,"price.mod","tariffs",6.60304838164396,5.66122882462061,67.4013594295409
1992,"Medium",13.0634562847326,"price.mod","tariffs",22.2825090419081,5.27007850286719,68.8454401393145
1992.5,"Medium",9.04301155074626,"price.mod","tariffs",8.04572442883319,5.34944559516089,48.3750983071286
1993,"Medium",7.89909775122401,"price.mod","tariffs",16.9236119526854,4.69304570072945,37.0708267410236
1993.5,"Medium",8.73427538492937,"price.mod","tariffs",6.56173810175156,5.6129027756598,49.0246385514471
1994,"Medium",30.652691445026,"price.mod","tariffs",22.2137154211208,7.16914108424744,219.753469581296
1994.5,"Medium",12.6205905228909,"price.mod","tariffs",6.25221156996301,7.27604909512476,91.8280362540204
1995,"Medium",32.7713141569829,"price.mod","tariffs",20.030923425577,5.32227477000002,174.417938517454
1995.5,"Medium",12.7123133786974,"price.mod","tariffs",6.04923251875156,5.09212478044929,64.732685972502
1996,"Medium",7.74360323968474,"price.mod","tariffs",20.8366043824406,4.72257319055959,36.5697330580655
1996.5,"Medium",8.55593095791286,"price.mod","tariffs",6.16548682253209,5.66253041071969,48.4482192411996
1997,"Medium",9.87623175879896,"price.mod","tariffs",16.3328456637844,6.69271878623742,66.0988418293484
1997.5,"Medium",12.378846044947,"price.mod","tariffs",7.94680082880489,6.70282972128026,82.9732971852235
1998,"Medium",16.1479934787462,"price.mod","tariffs",24.0115004673135,4.55282361783213,73.5189660906346
1998.5,"Medium",6.55612006603567,"price.mod","tariffs",7.21680260156809,4.56254309845653,29.9125803599434
1999,"Medium",23.5600826484152,"price.mod","tariffs",20.1063773758566,4.84198465538306,114.077558663183
1999.5,"Medium",9.8296474426566,"price.mod","tariffs",6.42932894524407,6.01017980396059,59.0779485399076
2000,"Medium",41.1319993741138,"price.mod","tariffs",28.1806030510016,6.33227130160756,260.458979214441
2000.5,"Medium",12.5580415002197,"price.mod","tariffs",8.71077659307286,5.90087585057623,74.1034438191802
2001,"Medium",23.509768060177,"price.mod","tariffs",28.3160763222633,4.47355045862035,105.172133687663
2001.5,"Medium",8.18539174008358,"price.mod","tariffs",5.47603106489692,4.42953362104376,36.2574679141141
2002,"Medium",16.3693150723697,"price.mod","tariffs",20.8191160581067,3.66198228125976,59.9441417513762
2002.5,"Medium",6.38056708006912,"price.mod","tariffs",6.9024297187297,4.02193440093658,25.6622222368135
2003,"Medium",15.0502345004259,"price.mod","tariffs",22.7726223065002,3.41458224662662,51.3902635327219
2003.5,"Medium",3.9402801621373,"price.mod","tariffs",6.95872350472763,3.1173102683852,12.2830758097451
2004,"Medium",14.8391012851172,"price.mod","tariffs",16.488138917693,2.96352396392705,43.9760322615855
2004.5,"Medium",4.43218133755454,"price.mod","tariffs",5.41492897646919,3.2568059561738,14.43475457899
2005,"Medium",11.4705774647777,"price.mod","tariffs",12.5141930894517,3.40067473540805,39.0077029850106
2005.5,"Medium",5.26301056533866,"price.mod","tariffs",5.3781189264929,3.32928335785263,17.5220534873846
2006,"Medium",26.0962468041467,"price.mod","tariffs",21.8386311572776,2.58047613508342,67.3407420933476
2006.5,"Medium",3.97749675169899,"price.mod","tariffs",8.63501978553956,2.57368762405512,10.2368341645671
2007,"Medium",12.5210437311072,"price.mod","tariffs",17.8553156773805,2.78674750448948,34.8929873712665
2007.5,"Medium",5.10920242698322,"price.mod","tariffs",5.52115890238281,3.19323641553863,16.3148912442012
2008,"Medium",20.3355473502177,"price.mod","tariffs",11.3577946496599,3.91862878927398,79.687461292207
2008.5,"Medium",9.31541065234994,"price.mod","tariffs",5.08086533882322,3.33130130874346,31.0324396976561
2009,"Medium",13.1972362754784,"price.mod","tariffs",17.9668851781964,2.25868223125,29.8083630770309
2009.5,"Medium",5.37449470352011,"price.mod","tariffs",7.57574099599588,2.39828041246072,12.8895453743262
2010,"Medium",29.1063047576413,"price.mod","tariffs",8.04780714544663,3.03808440430528,88.4274105511468
2010.5,"Medium",8.86735035827157,"price.mod","tariffs",8.57478318074798,3.07854866749727,27.2985696296884
2011,"Medium",37.1478606685525,"price.mod","tariffs",17.8287157295084,3.21106661498974,119.284255211079
2011.5,"Medium",7.56924894776633,"price.mod","tariffs",8.37455860329747,3.77640735527577,28.5845674002582
2012,"Medium",27.4505289116309,"price.mod","tariffs",18.6467153647801,3.43378376176959,94.2591804287448
2012.5,"Medium",11.5239925704341,"price.mod","tariffs",8.81451598006909,3.3867862695019,39.0292998073881
2013,"Medium",15.614769129959,"price.mod","tariffs",14.5150058419753,4.06054672077294,63.4044995862817
2013.5,"Medium",12.9767041686129,"price.mod","tariffs",7.81621022101394,5.35909558500419,69.5433980179191
2014,"Medium",14.1725119550756,"price.mod","tariffs",14.588974377991,5.29777481788601,75.082776941788
2014.5,"Medium",15.0863226491653,"price.mod","tariffs",9.23671593064456,4.41155164281167,66.5540914669119
2015,"Medium",17.4421012737936,"price.mod","tariffs",13.2147941220035,2.81150774930967,49.0386028955147
2015.5,"Medium",8.32102291572142,"price.mod","tariffs",7.50525393689402,2.86759769693102,23.861346149233
2016,"Medium",13.3929273923585,"price.mod","tariffs",10.1808130369481,3.00596842461488,40.2587168545892
2016.5,"Medium",9.13458169085406,"price.mod","tariffs",5.39307169815739,4.18887393214666,38.2636111258828
2017,"Medium",19.3180121273335,"price.mod","tariffs",12.1331828553547,3.47942031582626,67.2154838572221
2017.5,"Medium",12.5352144127079,"price.mod","tariffs",7.54050854388687,3.79112272220055,47.5225361876728
2018,"Medium",18.6866355726641,"price.mod","tariffs",13.7781541536191,3.25380794124098,60.8027232214106
2018.5,"Medium",8.15596989809181,"price.mod","tariffs",8.66981088922993,3.45385243293675,28.1695164754833
2019,"Medium",10.8669502214986,"price.mod","tariffs",7.94919114053227,3.29851886703811,35.8448403327769
2019.5,"Medium",7.25549196658893,"price.mod","tariffs",5.45331074318056,3.39313131687167,24.6188370111437
2020,"Medium",19.1427423296821,"price.mod","tariffs",11.8094531922773,2.81936323656955,53.9703439714292
2020.5,"Medium",10.5171384122969,"price.mod","tariffs",5.0535056945109,2.97562041568792,31.2950117742464
2021,"Medium",44.8365000891056,"price.mod","tariffs",12.1371153888044,3.68191490636116,165.084178027141
2021.5,"Medium",14.7230681196569,"price.mod","tariffs",8.24615492050734,3.50734091870751,51.6388192649905
2022,"Medium",23.5260542016456,"price.mod","tariffs",7.9248694210156,2.4198801778206,56.9302322248954
2022.5,"Medium",4.85988368931901,"price.mod","tariffs",5.88528355085481,1.95246160438392,9.48873630516706
2023,"Medium",20.2720594349204,"price.mod","tariffs",NA,3.61595442906889,73.3028431000481
2023.5,"Medium",5.8514687699159,"price.mod","tariffs",NA,3.61595442906889,21.1586444151357
2024,"Medium",15.7211572835846,"price.mod","tariffs",NA,3.61595442906889,56.8469883096662
2024.5,"Medium",7.12289547123814,"price.mod","tariffs",NA,3.61595442906889,25.7560654270182
2025,"Medium",26.7044806356396,"price.mod","tariffs",NA,3.61595442906889,96.5621850304252
2025.5,"Medium",10.3386322388779,"price.mod","tariffs",NA,3.61595442906889,37.3840230346849
2026,"Medium",27.8630626190006,"price.mod","tariffs",NA,3.61595442906889,100.751564684599
2026.5,"Medium",10.9149360077506,"price.mod","tariffs",NA,3.61595442906889,39.4679112002292
2027,"Medium",26.3759529006641,"price.mod","tariffs",NA,3.61595442906889,95.3742437120685
1987,"Small",21.3545877170269,"price.mod","tariffs",33.1699600876773,3.46223983102226,73.9347041689495
1987.5,"Small",2.97490703258063,"price.mod","tariffs",1.55534427195328,4.03600829559881,12.0067494621307
1988,"Small",9.24377440733442,"price.mod","tariffs",23.8431624881257,2.83796100605314,26.2334713167671
1988.5,"Small",1.64019497112063,"price.mod","tariffs",0.720080044745491,3.55275304925539,5.82720768502217
1989,"Small",13.7847504848135,"price.mod","tariffs",28.7755001766216,2.51462103845419,34.6634235789535
1989.5,"Small",2.28505560281303,"price.mod","tariffs",1.15542976955331,3.07473626443988,7.02594332823077
1990,"Small",16.8335017311732,"price.mod","tariffs",40.4141643858711,2.31713756835269,39.0055392682314
1990.5,"Small",4.10460617073339,"price.mod","tariffs",0.71930936977849,3.31075264722307,13.5893357455637
1991,"Small",25.9880218770765,"price.mod","tariffs",29.6999205320081,2.75220541657956,71.524374576278
1991.5,"Small",4.47513739594355,"price.mod","tariffs",1.45164641335001,3.33127362657706,14.9079071824155
1992,"Small",9.28173452278272,"price.mod","tariffs",22.1974889327821,3.34190966430881,31.0187183032362
1992.5,"Small",2.58842375072375,"price.mod","tariffs",1.90915308007694,3.40282759475462,8.80795976588102
1993,"Small",7.84098212320627,"price.mod","tariffs",31.251177401142,2.55240244206907,20.0133419194916
1993.5,"Small",4.32889831004505,"price.mod","tariffs",0.649131295937703,2.80837868563889,12.1571857462287
1994,"Small",19.3524484294768,"price.mod","tariffs",21.9947786917798,3.00582662053682,58.1701046618871
1994.5,"Small",3.37455229869555,"price.mod","tariffs",1.36367695496224,3.87707147498693,13.0833804581241
1995,"Small",21.9031299321885,"price.mod","tariffs",34.102267260659,2.974202323365,65.1443399332805
1995.5,"Small",3.84037608874781,"price.mod","tariffs",0.735616089227739,3.19859578961608,12.283810788011
1996,"Small",12.4364956679549,"price.mod","tariffs",33.1773985935543,2.50019980592919,31.09372405546
1996.5,"Small",3.09562981958677,"price.mod","tariffs",0.716812406096025,3.16326652401382,9.79230217903775
1997,"Small",13.8723001461459,"price.mod","tariffs",29.4775886362047,3.20074806344115,44.4017378282508
1997.5,"Small",3.91556780946016,"price.mod","tariffs",1.69100390344393,3.17160491541806,12.4186341111366
1998,"Small",22.3471857719978,"price.mod","tariffs",34.4104421044754,2.32616054446169,51.9831418225768
1998.5,"Small",2.36650897002501,"price.mod","tariffs",2.05210174026596,2.56029739710157,6.05896675617256
1999,"Small",20.7252717944387,"price.mod","tariffs",38.4741550182192,2.39087042848093,49.5514394555535
1999.5,"Small",6.48701575514119,"price.mod","tariffs",2.23520985136123,3.15007512047249,20.4345869363833
2000,"Small",31.1619389789505,"price.mod","tariffs",37.0846168064626,3.42056965332977,106.591582810312
2000.5,"Small",4.82215089002357,"price.mod","tariffs",1.12931721350037,3.50211131063933,16.8877091735611
2001,"Small",12.2197091857061,"price.mod","tariffs",38.9592104154854,3.17152612550219,38.7551269285059
2001.5,"Small",3.48959264351451,"price.mod","tariffs",0.95305989767346,2.72647203944922,9.51427677160999
2002,"Small",16.8429019448005,"price.mod","tariffs",32.8442587186268,2.43724646261169,41.0503031850807
2002.5,"Small",4.50801261845031,"price.mod","tariffs",1.87019646901045,2.48644434759047,11.2089224940123
2003,"Small",33.4111371641458,"price.mod","tariffs",39.9101605584912,1.87960607049409,62.7997762358394
2003.5,"Small",1.7096914917688,"price.mod","tariffs",1.08131262915648,1.64775643949941,2.81715516511939
2004,"Small",11.7023235466507,"price.mod","tariffs",37.7506649665029,1.49426390224892,17.4863596481976
2004.5,"Small",2.70766977465643,"price.mod","tariffs",0.542971426348707,1.95329414520825,5.28887551799374
2005,"Small",11.230405830417,"price.mod","tariffs",25.5567941818433,2.276876512803,25.5702472645224
2005.5,"Small",6.0918318031233,"price.mod","tariffs",1.92148772697992,2.32541849460168,14.1660583409856
2006,"Small",26.2396255195279,"price.mod","tariffs",29.3820294770415,1.64328250817206,43.1191176372255
2006.5,"Small",5.01259117511219,"price.mod","tariffs",0.304521701423559,1.71856753817881,8.61447647570937
2007,"Small",17.3708378103874,"price.mod","tariffs",27.6217543664749,1.89961137600456,32.997841115342
2007.5,"Small",2.39087913808084,"price.mod","tariffs",0.465516613623862,1.90748378576943,4.5605631896236
2008,"Small",23.0814167332078,"price.mod","tariffs",17.7659276919536,1.84321551806618,42.544025501601
2008.5,"Small",6.55519676686464,"price.mod","tariffs",0.817461976283013,1.81599198296602,11.9041847753909
2009,"Small",17.2144060460814,"price.mod","tariffs",18.8947247584991,1.47843200217586,25.4503287969763
2009.5,"Small",2.74743363772048,"price.mod","tariffs",0.414448546792974,1.74489870397938,4.79399339372783
2010,"Small",16.6571837311868,"price.mod","tariffs",10.3898713043782,2.40726345236337,40.0982296153877
2010.5,"Small",1.16724847291369,"price.mod","tariffs",1.58086469169156,1.8721768967639,2.18529562377196
2011,"Small",15.7170577684796,"price.mod","tariffs",24.250876531461,1.46960221213565,23.0978228648214
2011.5,"Small",1.85137975538644,"price.mod","tariffs",1.02000463321805,2.11229011307718,3.91065115285403
2012,"Small",19.6278997152231,"price.mod","tariffs",14.9581501376982,2.01235528403434,39.4983077064253
2012.5,"Small",1.5831285567557,"price.mod","tariffs",1.06246201400765,1.95729714018241,3.09865299667903
2013,"Small",18.8710092762502,"price.mod","tariffs",23.121954254089,2.08313110442743,39.3107863952953
2013.5,"Small",3.30213414240006,"price.mod","tariffs",1.11985873291099,3.47567759827312,11.4771536652327
2014,"Small",18.6749828689544,"price.mod","tariffs",25.8305466848948,3.59725315728399,67.1786410875708
2014.5,"Small",3.97703785028835,"price.mod","tariffs",1.43466762510486,2.30597696796899,9.17095768350585
2015,"Small",21.3789570892683,"price.mod","tariffs",17.7198833877751,1.60367976611785,34.2850009047615
2015.5,"Small",3.57362703594911,"price.mod","tariffs",0.893230523631532,1.74925517610095,6.25118559008828
2016,"Small",10.0518251667236,"price.mod","tariffs",13.7848418529771,1.36349750789189,13.7056385645926
2016.5,"Small",2.33087165565664,"price.mod","tariffs",2.07950199163093,2.21804534012833,5.16997901426642
2017,"Small",12.8316829796122,"price.mod","tariffs",16.1131159758896,1.54110611853533,19.774985150986
2017.5,"Small",4.38521446440299,"price.mod","tariffs",2.88503781328209,1.90789517166,8.36652950332805
2018,"Small",8.8869258062466,"price.mod","tariffs",24.659261960846,1.44488280433977,12.8405662808891
2018.5,"Small",3.37356854000192,"price.mod","tariffs",0.766913261974894,1.54754568558391,5.22075143910158
2019,"Small",19.9767535339909,"price.mod","tariffs",12.1964944971997,1.60329405331422,32.0286101455715
2019.5,"Small",3.48624026839471,"price.mod","tariffs",0.49134503743693,1.84553430067428,6.43397599571435
2020,"Small",30.5875414140559,"price.mod","tariffs",8.45437092584065,1.74321307533248,53.3206021352561
2020.5,"Small",4.67467281014436,"price.mod","tariffs",0.365339397994311,1.99966936626942,9.34780001577829
2021,"Small",45.0046730890827,"price.mod","tariffs",10.9727795586288,2.19867920946227,98.9508390496121
2021.5,"Small",3.57030572383372,"price.mod","tariffs",0.63159289139346,1.95371255603988,6.975351121555
2022,"Small",13.150903976462,"price.mod","tariffs",7.02551689200128,1.20079679537534,15.7915633512243
2022.5,"Small",3.24973266483089,"price.mod","tariffs",0.425794667042911,1.33949152023172,4.352989347561
2023,"Small",11.6844561685839,"price.mod","tariffs",NA,2.17407552556482,25.4028901856531
2023.5,"Small",5.7538733367236,"price.mod","tariffs",NA,2.17407552556482,12.5093551985708
2024,"Small",19.8543186119592,"price.mod","tariffs",NA,2.17407552556482,43.1647881710265
2024.5,"Small",3.43779190183187,"price.mod","tariffs",NA,2.17407552556482,7.4740192357576
2025,"Small",20.1602889421535,"price.mod","tariffs",NA,2.17407552556482,43.8299907774509
2025.5,"Small",2.82523749880059,"price.mod","tariffs",NA,2.17407552556482,6.14227970005033
2026,"Small",23.2662287588599,"price.mod","tariffs",NA,2.17407552556482,50.5825385168296
2026.5,"Small",3.5111664443849,"price.mod","tariffs",NA,2.17407552556482,7.63354103292164
2027,"Small",23.1127779855762,"price.mod","tariffs",NA,2.17407552556482,50.2489249462545
1987,"Large",6.17738633458524,"price.mod","label.premium",6.71737977735683,12.5899917441796,77.7732429530361
1987.5,"Large",7.04743481790218,"price.mod","label.premium",10.622314411265,12.0793895597091,85.1287105620978
1988,"Large",2.98281795338056,"price.mod","label.premium",8.57325287037129,12.6057295038419,37.6005962795186
1988.5,"Large",9.07559019536066,"price.mod","label.premium",10.8087014478752,12.5584041151657,113.974929256975
1989,"Large",12.9615972467329,"price.mod","label.premium",8.31618564404666,10.1603157047673,131.693920064849
1989.5,"Large",9.09093520339135,"price.mod","label.premium",13.0119615266943,8.85794163390862,80.5269734292857
1990,"Large",6.63928381437447,"price.mod","label.premium",10.4664894841967,8.57265311491896,56.9162770721284
1990.5,"Large",8.51416754770079,"price.mod","label.premium",12.3173138400001,10.121152066617,86.1731844709355
1991,"Large",16.826395897965,"price.mod","label.premium",10.6108380057583,9.45743851223052,159.134604587451
1991.5,"Large",10.0643221488883,"price.mod","label.premium",12.4879838019052,8.90923640938927,89.6654253246986
1992,"Large",5.91006873992957,"price.mod","label.premium",4.36900738448302,9.78433680553042,57.8261030953077
1992.5,"Large",9.10697138091118,"price.mod","label.premium",12.1414743179632,9.61389512435446,87.5534677565776
1993,"Large",4.0948863794331,"price.mod","label.premium",3.71286139165064,9.68624084782594,39.6640557156709
1993.5,"Large",5.99009902799164,"price.mod","label.premium",9.6599860067035,9.72021935763151,58.225076526014
1994,"Large",8.03793354804618,"price.mod","label.premium",5.51132667262915,10.8613688089981,87.3029607275484
1994.5,"Large",10.5713052212305,"price.mod","label.premium",11.8112138407078,10.7633585365074,113.782748294957
1995,"Large",10.0676836105714,"price.mod","label.premium",6.21391252952628,10.7890232405838,108.620472453299
1995.5,"Large",10.5862317919078,"price.mod","label.premium",11.1939421930543,9.62593281197826,101.902355960932
1996,"Large",4.57693982404659,"price.mod","label.premium",4.69273193485784,10.3436601282369,47.3423099673303
1996.5,"Large",7.36703804908822,"price.mod","label.premium",10.9515132054804,10.4387237810633,76.9024752790155
1997,"Large",4.80693010519737,"price.mod","label.premium",3.43510362636754,11.5771198057125,55.6504057255564
1997.5,"Large",9.15006687858524,"price.mod","label.premium",9.04681397446952,11.3781664584964,104.110984050917
1998,"Large",5.3706468939672,"price.mod","label.premium",4.24075938686746,10.7769406001589,57.8791425607125
1998.5,"Large",8.61619958516397,"price.mod","label.premium",12.0293003674683,9.51226679526253,81.95958921531
1999,"Large",8.52226585331756,"price.mod","label.premium",6.26837397930924,10.3714508913732,88.3882617809101
1999.5,"Large",9.26458575276015,"price.mod","label.premium",9.94572173827841,10.6330528005955,98.5108294847431
2000,"Large",12.9808530678534,"price.mod","label.premium",9.60103636139893,10.7508888167683,139.555708079298
2000.5,"Large",10.555610299051,"price.mod","label.premium",12.330422287742,9.34581671991077,98.6507992217333
2001,"Large",9.17298728396431,"price.mod","label.premium",7.91172740953807,9.69680841162668,88.9487002548897
2001.5,"Large",6.61764958536966,"price.mod","label.premium",9.53611922083641,8.24439553464669,54.5585206914782
2002,"Large",5.21469756492624,"price.mod","label.premium",5.90490467986567,7.03546425864735,36.6878183376939
2002.5,"Large",5.60702137507139,"price.mod","label.premium",8.21494371689397,7.15032103828286,40.0920029002747
2003,"Large",5.8986583819094,"price.mod","label.premium",5.88659270493106,6.83775934994511,40.3336065030331
2003.5,"Large",6.8884927585136,"price.mod","label.premium",9.7458138599594,6.03783529573531,41.5915847117705
2004,"Large",12.1929021511955,"price.mod","label.premium",6.97115490146669,6.51352108495447,79.4187252485987
2004.5,"Large",8.5278996347269,"price.mod","label.premium",10.0288422319289,6.56657427628878,55.9990863721701
2005,"Large",4.4547515352503,"price.mod","label.premium",5.57953019668072,6.02719887276295,26.8496734316996
2005.5,"Large",6.99406619422236,"price.mod","label.premium",10.0812503959341,5.6234149093112,39.3305361132995
2006,"Large",9.31379085173567,"price.mod","label.premium",9.32814760671619,4.72089382927121,43.9694177590816
2006.5,"Large",7.25626438094905,"price.mod","label.premium",19.3733736458873,4.22533641185959,30.6601581029038
2007,"Large",7.13843556422074,"price.mod","label.premium",8.93251755415469,5.4674366499906,39.0289442274168
2007.5,"Large",9.60894418949863,"price.mod","label.premium",11.9723465627928,5.86706497636183,56.376299914023
2008,"Large",8.76025310067869,"price.mod","label.premium",6.8632023388661,6.87395329195337,60.217570639755
2008.5,"Large",11.2314914728989,"price.mod","label.premium",12.9867202704612,4.910949850942,55.1572913746894
2009,"Large",3.87550169214485,"price.mod","label.premium",11.3957385120874,3.4946185695594,13.5434001797283
2009.5,"Large",10.0960441763388,"price.mod","label.premium",20.1822701677183,3.95084796176061,39.8879355559334
2010,"Large",33.5956363560467,"price.mod","label.premium",4.93689076135254,6.8935907213382,231.594567061496
2010.5,"Large",32.0031914571502,"price.mod","label.premium",11.8949437102665,6.08552889172307,194.756346239832
2011,"Large",28.9063429901826,"price.mod","label.premium",7.43116987306931,6.42924813142202,185.846051655876
2011.5,"Large",26.5775723779443,"price.mod","label.premium",15.2124204306267,6.12657011782144,162.82936073495
2012,"Large",15.4962241735588,"price.mod","label.premium",8.20944256638802,5.37802611663949,83.3390983146996
2012.5,"Large",15.2300119841056,"price.mod","label.premium",12.7487994935888,5.26996060725231,80.2615632042171
2013,"Large",17.1999316019291,"price.mod","label.premium",8.12879485408897,7.29940876517483,125.549331495529
2013.5,"Large",23.7769882292343,"price.mod","label.premium",12.1287990775526,8.36406624719241,198.87230470803
2014,"Large",10.5732297514685,"price.mod","label.premium",4.83811460324899,9.26869378396509,98.0000288738713
2014.5,"Large",26.725814075476,"price.mod","label.premium",13.2014758885329,7.64784836022419,204.394973352786
2015,"Large",5.65143763310233,"price.mod","label.premium",11.9161098619624,4.35779288507159,24.6277947079592
2015.5,"Large",12.3465911638854,"price.mod","label.premium",12.4991106317133,4.55318414231323,56.2163030990277
2016,"Large",9.88014181588613,"price.mod","label.premium",9.63632679089192,4.88277904371158,48.2425494075072
2016.5,"Large",14.6378247196965,"price.mod","label.premium",9.76216658287913,6.21792739900937,91.0169313864975
2017,"Large",7.19159427960567,"price.mod","label.premium",9.02808762228676,4.92061824876707,35.3870900499565
2017.5,"Large",10.0169971646074,"price.mod","label.premium",9.08662344104663,5.10145524158574,51.1012626903358
2018,"Large",6.64459767180437,"price.mod","label.premium",10.2255227834163,4.71837605093946,31.3517105227698
2018.5,"Large",11.1700931623401,"price.mod","label.premium",12.0208463089032,5.01855298773329,56.0577044131209
2019,"Large",5.07284941909505,"price.mod","label.premium",6.49742860601407,4.88494408016038,24.7805857393534
2019.5,"Large",8.48284707036427,"price.mod","label.premium",8.12546140575837,5.17750496313892,43.9199828083595
2020,"Large",6.96501560963244,"price.mod","label.premium",6.99253856614546,4.68046753159861,32.5995294179621
2020.5,"Large",14.6350789159188,"price.mod","label.premium",8.32614451400999,5.40555837390546,79.1107733867121
2021,"Large",15.7146769529968,"price.mod","label.premium",4.15856313937567,6.22144464823613,97.7679928279816
2021.5,"Large",14.8430915503103,"price.mod","label.premium",5.87361341229464,6.47320276956418,96.0823413323636
2022,"Large",10.5324259122408,"price.mod","label.premium",4.33617367568456,4.29638469636797,45.2513535049808
2022.5,"Large",3.3469929032352,"price.mod","label.premium",5.27214346715716,3.49424942020108,11.6952280115467
2023,"Large",6.92714423831721,"price.mod","label.premium",NA,7.64282685996836,52.9429640474858
2023.5,"Large",4.65767696931475,"price.mod","label.premium",NA,7.64282685996836,35.5978186461348
2024,"Large",6.35205889852249,"price.mod","label.premium",NA,7.64282685996836,48.5476863657287
2024.5,"Large",4.5716761549995,"price.mod","label.premium",NA,7.64282685996836,34.940529312507
2025,"Large",6.71408212575101,"price.mod","label.premium",NA,7.64282685996836,51.3145672107233
2025.5,"Large",4.91364319441324,"price.mod","label.premium",NA,7.64282685996836,37.5541241865622
2026,"Large",6.77714639897699,"price.mod","label.premium",NA,7.64282685996836,51.7965565320391
2026.5,"Large",4.99266536007675,"price.mod","label.premium",NA,7.64282685996836,38.1580769168282
2027,"Large",6.6372961780766,"price.mod","label.premium",NA,7.64282685996836,50.7277055073692
1987,"Medium",17.5389458725596,"price.mod","label.premium",32.7194132783767,6.08983897957365,106.809356235346
1987.5,"Medium",6.88176664678148,"price.mod","label.premium",7.64637899895229,6.22272095995808,42.8233135544676
1988,"Medium",9.55775860267971,"price.mod","label.premium",32.816615646671,5.28614926542636,50.5237386166778
1988.5,"Medium",4.31481271627069,"price.mod","label.premium",5.51691034329667,5.92203308328633,25.5524636539396
1989,"Medium",42.9403834637278,"price.mod","label.premium",36.5678534777813,5.11980548744016,219.846410890379
1989.5,"Medium",10.4437629358634,"price.mod","label.premium",9.12915061718908,5.89339168953183,61.5491856936576
1990,"Medium",27.2939533356899,"price.mod","label.premium",35.6475771015084,4.69183072247511,128.058608798192
1990.5,"Medium",9.72610259078615,"price.mod","label.premium",8.40505368169431,5.87198459467529,57.1115245793277
1991,"Medium",39.0779993259734,"price.mod","label.premium",27.3423279699856,5.29812880233018,207.040273766379
1991.5,"Medium",11.9057825637454,"price.mod","label.premium",6.60304838164396,5.66122882462061,67.4013594295409
1992,"Medium",13.0634562847326,"price.mod","label.premium",22.2825090419081,5.27007850286719,68.8454401393145
1992.5,"Medium",9.04301155074626,"price.mod","label.premium",8.04572442883319,5.34944559516089,48.3750983071286
1993,"Medium",7.89909775122401,"price.mod","label.premium",16.9236119526854,4.69304570072945,37.0708267410236
1993.5,"Medium",8.73427538492937,"price.mod","label.premium",6.56173810175156,5.6129027756598,49.0246385514471
1994,"Medium",30.652691445026,"price.mod","label.premium",22.2137154211208,7.16914108424744,219.753469581296
1994.5,"Medium",12.6205905228909,"price.mod","label.premium",6.25221156996301,7.27604909512476,91.8280362540204
1995,"Medium",32.7713141569829,"price.mod","label.premium",20.030923425577,5.32227477000002,174.417938517454
1995.5,"Medium",12.7123133786974,"price.mod","label.premium",6.04923251875156,5.09212478044929,64.732685972502
1996,"Medium",7.74360323968474,"price.mod","label.premium",20.8366043824406,4.72257319055959,36.5697330580655
1996.5,"Medium",8.55593095791286,"price.mod","label.premium",6.16548682253209,5.66253041071969,48.4482192411996
1997,"Medium",9.87623175879896,"price.mod","label.premium",16.3328456637844,6.69271878623742,66.0988418293484
1997.5,"Medium",12.378846044947,"price.mod","label.premium",7.94680082880489,6.70282972128026,82.9732971852235
1998,"Medium",16.1479934787462,"price.mod","label.premium",24.0115004673135,4.55282361783213,73.5189660906346
1998.5,"Medium",6.55612006603567,"price.mod","label.premium",7.21680260156809,4.56254309845653,29.9125803599434
1999,"Medium",23.5600826484152,"price.mod","label.premium",20.1063773758566,4.84198465538306,114.077558663183
1999.5,"Medium",9.8296474426566,"price.mod","label.premium",6.42932894524407,6.01017980396059,59.0779485399076
2000,"Medium",41.1319993741138,"price.mod","label.premium",28.1806030510016,6.33227130160756,260.458979214441
2000.5,"Medium",12.5580415002197,"price.mod","label.premium",8.71077659307286,5.90087585057623,74.1034438191802
2001,"Medium",23.509768060177,"price.mod","label.premium",28.3160763222633,4.47355045862035,105.172133687663
2001.5,"Medium",8.18539174008358,"price.mod","label.premium",5.47603106489692,4.42953362104376,36.2574679141141
2002,"Medium",16.3693150723697,"price.mod","label.premium",20.8191160581067,3.66198228125976,59.9441417513762
2002.5,"Medium",6.38056708006912,"price.mod","label.premium",6.9024297187297,4.02193440093658,25.6622222368135
2003,"Medium",15.0502345004259,"price.mod","label.premium",22.7726223065002,3.41458224662662,51.3902635327219
2003.5,"Medium",3.9402801621373,"price.mod","label.premium",6.95872350472763,3.1173102683852,12.2830758097451
2004,"Medium",14.8391012851172,"price.mod","label.premium",16.488138917693,2.96352396392705,43.9760322615855
2004.5,"Medium",4.43218133755454,"price.mod","label.premium",5.41492897646919,3.2568059561738,14.43475457899
2005,"Medium",11.4705774647777,"price.mod","label.premium",12.5141930894517,3.40067473540805,39.0077029850106
2005.5,"Medium",5.26301056533866,"price.mod","label.premium",5.3781189264929,3.32928335785263,17.5220534873846
2006,"Medium",26.0962468041467,"price.mod","label.premium",21.8386311572776,2.58047613508342,67.3407420933476
2006.5,"Medium",3.97749675169899,"price.mod","label.premium",8.63501978553956,2.57368762405512,10.2368341645671
2007,"Medium",12.5210437311072,"price.mod","label.premium",17.8553156773805,2.78674750448948,34.8929873712665
2007.5,"Medium",5.10920242698322,"price.mod","label.premium",5.52115890238281,3.19323641553863,16.3148912442012
2008,"Medium",20.3355473502177,"price.mod","label.premium",11.3577946496599,3.91862878927398,79.687461292207
2008.5,"Medium",9.31541065234994,"price.mod","label.premium",5.08086533882322,3.33130130874346,31.0324396976561
2009,"Medium",13.1972362754784,"price.mod","label.premium",17.9668851781964,2.25868223125,29.8083630770309
2009.5,"Medium",5.37449470352011,"price.mod","label.premium",7.57574099599588,2.39828041246072,12.8895453743262
2010,"Medium",29.1063047576413,"price.mod","label.premium",8.04780714544663,3.03808440430528,88.4274105511468
2010.5,"Medium",8.86735035827157,"price.mod","label.premium",8.57478318074798,3.07854866749727,27.2985696296884
2011,"Medium",37.1478606685525,"price.mod","label.premium",17.8287157295084,3.21106661498974,119.284255211079
2011.5,"Medium",7.56924894776633,"price.mod","label.premium",8.37455860329747,3.77640735527577,28.5845674002582
2012,"Medium",27.4505289116309,"price.mod","label.premium",18.6467153647801,3.43378376176959,94.2591804287448
2012.5,"Medium",11.5239925704341,"price.mod","label.premium",8.81451598006909,3.3867862695019,39.0292998073881
2013,"Medium",15.614769129959,"price.mod","label.premium",14.5150058419753,4.06054672077294,63.4044995862817
2013.5,"Medium",12.9767041686129,"price.mod","label.premium",7.81621022101394,5.35909558500419,69.5433980179191
2014,"Medium",14.1725119550756,"price.mod","label.premium",14.588974377991,5.29777481788601,75.082776941788
2014.5,"Medium",15.0863226491653,"price.mod","label.premium",9.23671593064456,4.41155164281167,66.5540914669119
2015,"Medium",17.4421012737936,"price.mod","label.premium",13.2147941220035,2.81150774930967,49.0386028955147
2015.5,"Medium",8.32102291572142,"price.mod","label.premium",7.50525393689402,2.86759769693102,23.861346149233
2016,"Medium",13.3929273923585,"price.mod","label.premium",10.1808130369481,3.00596842461488,40.2587168545892
2016.5,"Medium",9.13458169085406,"price.mod","label.premium",5.39307169815739,4.18887393214666,38.2636111258828
2017,"Medium",19.3180121273335,"price.mod","label.premium",12.1331828553547,3.47942031582626,67.2154838572221
2017.5,"Medium",12.5352144127079,"price.mod","label.premium",7.54050854388687,3.79112272220055,47.5225361876728
2018,"Medium",18.6866355726641,"price.mod","label.premium",13.7781541536191,3.25380794124098,60.8027232214106
2018.5,"Medium",8.15596989809181,"price.mod","label.premium",8.66981088922993,3.45385243293675,28.1695164754833
2019,"Medium",10.8669502214986,"price.mod","label.premium",7.94919114053227,3.29851886703811,35.8448403327769
2019.5,"Medium",7.25549196658893,"price.mod","label.premium",5.45331074318056,3.39313131687167,24.6188370111437
2020,"Medium",19.1427423296821,"price.mod","label.premium",11.8094531922773,2.81936323656955,53.9703439714292
2020.5,"Medium",10.5171384122969,"price.mod","label.premium",5.0535056945109,2.97562041568792,31.2950117742464
2021,"Medium",44.8365000891056,"price.mod","label.premium",12.1371153888044,3.68191490636116,165.084178027141
2021.5,"Medium",14.7230681196569,"price.mod","label.premium",8.24615492050734,3.50734091870751,51.6388192649905
2022,"Medium",23.5260542016456,"price.mod","label.premium",7.9248694210156,2.4198801778206,56.9302322248954
2022.5,"Medium",4.85988368931901,"price.mod","label.premium",5.88528355085481,1.95246160438392,9.48873630516706
2023,"Medium",22.2241460474248,"price.mod","label.premium",NA,4.33914531488266,96.4337991989516
2023.5,"Medium",6.38024232341194,"price.mod","label.premium",NA,4.33914531488266,27.684798585449
2024,"Medium",17.1337187449107,"price.mod","label.premium",NA,4.33914531488266,74.3456954184966
2024.5,"Medium",7.89757053782614,"price.mod","label.premium",NA,4.33914531488266,34.2687061981637
2025,"Medium",29.1841467654567,"price.mod","label.premium",NA,4.33914531488266,126.634253706179
2025.5,"Medium",11.2037385100165,"price.mod","label.premium",NA,4.33914531488266,48.6146494649085
2026,"Medium",29.7210999479769,"price.mod","label.premium",NA,4.33914531488266,128.964171592423
2026.5,"Medium",11.2182039512273,"price.mod","label.premium",NA,4.33914531488266,48.6774171163661
2027,"Medium",28.7155214011174,"price.mod","label.premium",NA,4.33914531488266,124.600820152072
1987,"Small",21.3545877170269,"price.mod","label.premium",33.1699600876773,3.46223983102226,73.9347041689495
1987.5,"Small",2.97490703258063,"price.mod","label.premium",1.55534427195328,4.03600829559881,12.0067494621307
1988,"Small",9.24377440733442,"price.mod","label.premium",23.8431624881257,2.83796100605314,26.2334713167671
1988.5,"Small",1.64019497112063,"price.mod","label.premium",0.720080044745491,3.55275304925539,5.82720768502217
1989,"Small",13.7847504848135,"price.mod","label.premium",28.7755001766216,2.51462103845419,34.6634235789535
1989.5,"Small",2.28505560281303,"price.mod","label.premium",1.15542976955331,3.07473626443988,7.02594332823077
1990,"Small",16.8335017311732,"price.mod","label.premium",40.4141643858711,2.31713756835269,39.0055392682314
1990.5,"Small",4.10460617073339,"price.mod","label.premium",0.71930936977849,3.31075264722307,13.5893357455637
1991,"Small",25.9880218770765,"price.mod","label.premium",29.6999205320081,2.75220541657956,71.524374576278
1991.5,"Small",4.47513739594355,"price.mod","label.premium",1.45164641335001,3.33127362657706,14.9079071824155
1992,"Small",9.28173452278272,"price.mod","label.premium",22.1974889327821,3.34190966430881,31.0187183032362
1992.5,"Small",2.58842375072375,"price.mod","label.premium",1.90915308007694,3.40282759475462,8.80795976588102
1993,"Small",7.84098212320627,"price.mod","label.premium",31.251177401142,2.55240244206907,20.0133419194916
1993.5,"Small",4.32889831004505,"price.mod","label.premium",0.649131295937703,2.80837868563889,12.1571857462287
1994,"Small",19.3524484294768,"price.mod","label.premium",21.9947786917798,3.00582662053682,58.1701046618871
1994.5,"Small",3.37455229869555,"price.mod","label.premium",1.36367695496224,3.87707147498693,13.0833804581241
1995,"Small",21.9031299321885,"price.mod","label.premium",34.102267260659,2.974202323365,65.1443399332805
1995.5,"Small",3.84037608874781,"price.mod","label.premium",0.735616089227739,3.19859578961608,12.283810788011
1996,"Small",12.4364956679549,"price.mod","label.premium",33.1773985935543,2.50019980592919,31.09372405546
1996.5,"Small",3.09562981958677,"price.mod","label.premium",0.716812406096025,3.16326652401382,9.79230217903775
1997,"Small",13.8723001461459,"price.mod","label.premium",29.4775886362047,3.20074806344115,44.4017378282508
1997.5,"Small",3.91556780946016,"price.mod","label.premium",1.69100390344393,3.17160491541806,12.4186341111366
1998,"Small",22.3471857719978,"price.mod","label.premium",34.4104421044754,2.32616054446169,51.9831418225768
1998.5,"Small",2.36650897002501,"price.mod","label.premium",2.05210174026596,2.56029739710157,6.05896675617256
1999,"Small",20.7252717944387,"price.mod","label.premium",38.4741550182192,2.39087042848093,49.5514394555535
1999.5,"Small",6.48701575514119,"price.mod","label.premium",2.23520985136123,3.15007512047249,20.4345869363833
2000,"Small",31.1619389789505,"price.mod","label.premium",37.0846168064626,3.42056965332977,106.591582810312
2000.5,"Small",4.82215089002357,"price.mod","label.premium",1.12931721350037,3.50211131063933,16.8877091735611
2001,"Small",12.2197091857061,"price.mod","label.premium",38.9592104154854,3.17152612550219,38.7551269285059
2001.5,"Small",3.48959264351451,"price.mod","label.premium",0.95305989767346,2.72647203944922,9.51427677160999
2002,"Small",16.8429019448005,"price.mod","label.premium",32.8442587186268,2.43724646261169,41.0503031850807
2002.5,"Small",4.50801261845031,"price.mod","label.premium",1.87019646901045,2.48644434759047,11.2089224940123
2003,"Small",33.4111371641458,"price.mod","label.premium",39.9101605584912,1.87960607049409,62.7997762358394
2003.5,"Small",1.7096914917688,"price.mod","label.premium",1.08131262915648,1.64775643949941,2.81715516511939
2004,"Small",11.7023235466507,"price.mod","label.premium",37.7506649665029,1.49426390224892,17.4863596481976
2004.5,"Small",2.70766977465643,"price.mod","label.premium",0.542971426348707,1.95329414520825,5.28887551799374
2005,"Small",11.230405830417,"price.mod","label.premium",25.5567941818433,2.276876512803,25.5702472645224
2005.5,"Small",6.0918318031233,"price.mod","label.premium",1.92148772697992,2.32541849460168,14.1660583409856
2006,"Small",26.2396255195279,"price.mod","label.premium",29.3820294770415,1.64328250817206,43.1191176372255
2006.5,"Small",5.01259117511219,"price.mod","label.premium",0.304521701423559,1.71856753817881,8.61447647570937
2007,"Small",17.3708378103874,"price.mod","label.premium",27.6217543664749,1.89961137600456,32.997841115342
2007.5,"Small",2.39087913808084,"price.mod","label.premium",0.465516613623862,1.90748378576943,4.5605631896236
2008,"Small",23.0814167332078,"price.mod","label.premium",17.7659276919536,1.84321551806618,42.544025501601
2008.5,"Small",6.55519676686464,"price.mod","label.premium",0.817461976283013,1.81599198296602,11.9041847753909
2009,"Small",17.2144060460814,"price.mod","label.premium",18.8947247584991,1.47843200217586,25.4503287969763
2009.5,"Small",2.74743363772048,"price.mod","label.premium",0.414448546792974,1.74489870397938,4.79399339372783
2010,"Small",16.6571837311868,"price.mod","label.premium",10.3898713043782,2.40726345236337,40.0982296153877
2010.5,"Small",1.16724847291369,"price.mod","label.premium",1.58086469169156,1.8721768967639,2.18529562377196
2011,"Small",15.7170577684796,"price.mod","label.premium",24.250876531461,1.46960221213565,23.0978228648214
2011.5,"Small",1.85137975538644,"price.mod","label.premium",1.02000463321805,2.11229011307718,3.91065115285403
2012,"Small",19.6278997152231,"price.mod","label.premium",14.9581501376982,2.01235528403434,39.4983077064253
2012.5,"Small",1.5831285567557,"price.mod","label.premium",1.06246201400765,1.95729714018241,3.09865299667903
2013,"Small",18.8710092762502,"price.mod","label.premium",23.121954254089,2.08313110442743,39.3107863952953
2013.5,"Small",3.30213414240006,"price.mod","label.premium",1.11985873291099,3.47567759827312,11.4771536652327
2014,"Small",18.6749828689544,"price.mod","label.premium",25.8305466848948,3.59725315728399,67.1786410875708
2014.5,"Small",3.97703785028835,"price.mod","label.premium",1.43466762510486,2.30597696796899,9.17095768350585
2015,"Small",21.3789570892683,"price.mod","label.premium",17.7198833877751,1.60367976611785,34.2850009047615
2015.5,"Small",3.57362703594911,"price.mod","label.premium",0.893230523631532,1.74925517610095,6.25118559008828
2016,"Small",10.0518251667236,"price.mod","label.premium",13.7848418529771,1.36349750789189,13.7056385645926
2016.5,"Small",2.33087165565664,"price.mod","label.premium",2.07950199163093,2.21804534012833,5.16997901426642
2017,"Small",12.8316829796122,"price.mod","label.premium",16.1131159758896,1.54110611853533,19.774985150986
2017.5,"Small",4.38521446440299,"price.mod","label.premium",2.88503781328209,1.90789517166,8.36652950332805
2018,"Small",8.8869258062466,"price.mod","label.premium",24.659261960846,1.44488280433977,12.8405662808891
2018.5,"Small",3.37356854000192,"price.mod","label.premium",0.766913261974894,1.54754568558391,5.22075143910158
2019,"Small",19.9767535339909,"price.mod","label.premium",12.1964944971997,1.60329405331422,32.0286101455715
2019.5,"Small",3.48624026839471,"price.mod","label.premium",0.49134503743693,1.84553430067428,6.43397599571435
2020,"Small",30.5875414140559,"price.mod","label.premium",8.45437092584065,1.74321307533248,53.3206021352561
2020.5,"Small",4.67467281014436,"price.mod","label.premium",0.365339397994311,1.99966936626942,9.34780001577829
2021,"Small",45.0046730890827,"price.mod","label.premium",10.9727795586288,2.19867920946227,98.9508390496121
2021.5,"Small",3.57030572383372,"price.mod","label.premium",0.63159289139346,1.95371255603988,6.975351121555
2022,"Small",13.150903976462,"price.mod","label.premium",7.02551689200128,1.20079679537534,15.7915633512243
2022.5,"Small",3.24973266483089,"price.mod","label.premium",0.425794667042911,1.33949152023172,4.352989347561
2023,"Small",12.8096043329484,"price.mod","label.premium",NA,2.60889063067778,33.4188567269185
2023.5,"Small",6.30309488537945,"price.mod","label.premium",NA,2.60889063067778,16.4440851907395
2024,"Small",21.6820602764941,"price.mod","label.premium",NA,2.60889063067778,56.5661239091362
2024.5,"Small",3.77085344070866,"price.mod","label.premium",NA,2.60889063067778,9.8377442111239
2025,"Small",21.9783373587468,"price.mod","label.premium",NA,2.60889063067778,57.3390784131101
2025.5,"Small",3.10021347268618,"price.mod","label.premium",NA,2.60889063067778,8.088117881992
2026,"Small",25.30481144715,"price.mod","label.premium",NA,2.60889063067778,66.0174854955373
2026.5,"Small",3.74378458363035,"price.mod","label.premium",NA,2.60889063067778,9.76712452350912
2027,"Small",24.7526773947913,"price.mod","label.premium",NA,2.60889063067778,64.5770281394607
1987,"Large",6.17738633458524,"price.mod","msy",6.71737977735683,12.5899917441796,77.7732429530361
1987.5,"Large",7.04743481790218,"price.mod","msy",10.622314411265,12.0793895597091,85.1287105620978
1988,"Large",2.98281795338056,"price.mod","msy",8.57325287037129,12.6057295038419,37.6005962795186
1988.5,"Large",9.07559019536066,"price.mod","msy",10.8087014478752,12.5584041151657,113.974929256975
1989,"Large",12.9615972467329,"price.mod","msy",8.31618564404666,10.1603157047673,131.693920064849
1989.5,"Large",9.09093520339135,"price.mod","msy",13.0119615266943,8.85794163390862,80.5269734292857
1990,"Large",6.63928381437447,"price.mod","msy",10.4664894841967,8.57265311491896,56.9162770721284
1990.5,"Large",8.51416754770079,"price.mod","msy",12.3173138400001,10.121152066617,86.1731844709355
1991,"Large",16.826395897965,"price.mod","msy",10.6108380057583,9.45743851223052,159.134604587451
1991.5,"Large",10.0643221488883,"price.mod","msy",12.4879838019052,8.90923640938927,89.6654253246986
1992,"Large",5.91006873992957,"price.mod","msy",4.36900738448302,9.78433680553042,57.8261030953077
1992.5,"Large",9.10697138091118,"price.mod","msy",12.1414743179632,9.61389512435446,87.5534677565776
1993,"Large",4.0948863794331,"price.mod","msy",3.71286139165064,9.68624084782594,39.6640557156709
1993.5,"Large",5.99009902799164,"price.mod","msy",9.6599860067035,9.72021935763151,58.225076526014
1994,"Large",8.03793354804618,"price.mod","msy",5.51132667262915,10.8613688089981,87.3029607275484
1994.5,"Large",10.5713052212305,"price.mod","msy",11.8112138407078,10.7633585365074,113.782748294957
1995,"Large",10.0676836105714,"price.mod","msy",6.21391252952628,10.7890232405838,108.620472453299
1995.5,"Large",10.5862317919078,"price.mod","msy",11.1939421930543,9.62593281197826,101.902355960932
1996,"Large",4.57693982404659,"price.mod","msy",4.69273193485784,10.3436601282369,47.3423099673303
1996.5,"Large",7.36703804908822,"price.mod","msy",10.9515132054804,10.4387237810633,76.9024752790155
1997,"Large",4.80693010519737,"price.mod","msy",3.43510362636754,11.5771198057125,55.6504057255564
1997.5,"Large",9.15006687858524,"price.mod","msy",9.04681397446952,11.3781664584964,104.110984050917
1998,"Large",5.3706468939672,"price.mod","msy",4.24075938686746,10.7769406001589,57.8791425607125
1998.5,"Large",8.61619958516397,"price.mod","msy",12.0293003674683,9.51226679526253,81.95958921531
1999,"Large",8.52226585331756,"price.mod","msy",6.26837397930924,10.3714508913732,88.3882617809101
1999.5,"Large",9.26458575276015,"price.mod","msy",9.94572173827841,10.6330528005955,98.5108294847431
2000,"Large",12.9808530678534,"price.mod","msy",9.60103636139893,10.7508888167683,139.555708079298
2000.5,"Large",10.555610299051,"price.mod","msy",12.330422287742,9.34581671991077,98.6507992217333
2001,"Large",9.17298728396431,"price.mod","msy",7.91172740953807,9.69680841162668,88.9487002548897
2001.5,"Large",6.61764958536966,"price.mod","msy",9.53611922083641,8.24439553464669,54.5585206914782
2002,"Large",5.21469756492624,"price.mod","msy",5.90490467986567,7.03546425864735,36.6878183376939
2002.5,"Large",5.60702137507139,"price.mod","msy",8.21494371689397,7.15032103828286,40.0920029002747
2003,"Large",5.8986583819094,"price.mod","msy",5.88659270493106,6.83775934994511,40.3336065030331
2003.5,"Large",6.8884927585136,"price.mod","msy",9.7458138599594,6.03783529573531,41.5915847117705
2004,"Large",12.1929021511955,"price.mod","msy",6.97115490146669,6.51352108495447,79.4187252485987
2004.5,"Large",8.5278996347269,"price.mod","msy",10.0288422319289,6.56657427628878,55.9990863721701
2005,"Large",4.4547515352503,"price.mod","msy",5.57953019668072,6.02719887276295,26.8496734316996
2005.5,"Large",6.99406619422236,"price.mod","msy",10.0812503959341,5.6234149093112,39.3305361132995
2006,"Large",9.31379085173567,"price.mod","msy",9.32814760671619,4.72089382927121,43.9694177590816
2006.5,"Large",7.25626438094905,"price.mod","msy",19.3733736458873,4.22533641185959,30.6601581029038
2007,"Large",7.13843556422074,"price.mod","msy",8.93251755415469,5.4674366499906,39.0289442274168
2007.5,"Large",9.60894418949863,"price.mod","msy",11.9723465627928,5.86706497636183,56.376299914023
2008,"Large",8.76025310067869,"price.mod","msy",6.8632023388661,6.87395329195337,60.217570639755
2008.5,"Large",11.2314914728989,"price.mod","msy",12.9867202704612,4.910949850942,55.1572913746894
2009,"Large",3.87550169214485,"price.mod","msy",11.3957385120874,3.4946185695594,13.5434001797283
2009.5,"Large",10.0960441763388,"price.mod","msy",20.1822701677183,3.95084796176061,39.8879355559334
2010,"Large",33.5956363560467,"price.mod","msy",4.93689076135254,6.8935907213382,231.594567061496
2010.5,"Large",32.0031914571502,"price.mod","msy",11.8949437102665,6.08552889172307,194.756346239832
2011,"Large",28.9063429901826,"price.mod","msy",7.43116987306931,6.42924813142202,185.846051655876
2011.5,"Large",26.5775723779443,"price.mod","msy",15.2124204306267,6.12657011782144,162.82936073495
2012,"Large",15.4962241735588,"price.mod","msy",8.20944256638802,5.37802611663949,83.3390983146996
2012.5,"Large",15.2300119841056,"price.mod","msy",12.7487994935888,5.26996060725231,80.2615632042171
2013,"Large",17.1999316019291,"price.mod","msy",8.12879485408897,7.29940876517483,125.549331495529
2013.5,"Large",23.7769882292343,"price.mod","msy",12.1287990775526,8.36406624719241,198.87230470803
2014,"Large",10.5732297514685,"price.mod","msy",4.83811460324899,9.26869378396509,98.0000288738713
2014.5,"Large",26.725814075476,"price.mod","msy",13.2014758885329,7.64784836022419,204.394973352786
2015,"Large",5.65143763310233,"price.mod","msy",11.9161098619624,4.35779288507159,24.6277947079592
2015.5,"Large",12.3465911638854,"price.mod","msy",12.4991106317133,4.55318414231323,56.2163030990277
2016,"Large",9.88014181588613,"price.mod","msy",9.63632679089192,4.88277904371158,48.2425494075072
2016.5,"Large",14.6378247196965,"price.mod","msy",9.76216658287913,6.21792739900937,91.0169313864975
2017,"Large",7.19159427960567,"price.mod","msy",9.02808762228676,4.92061824876707,35.3870900499565
2017.5,"Large",10.0169971646074,"price.mod","msy",9.08662344104663,5.10145524158574,51.1012626903358
2018,"Large",6.64459767180437,"price.mod","msy",10.2255227834163,4.71837605093946,31.3517105227698
2018.5,"Large",11.1700931623401,"price.mod","msy",12.0208463089032,5.01855298773329,56.0577044131209
2019,"Large",5.07284941909505,"price.mod","msy",6.49742860601407,4.88494408016038,24.7805857393534
2019.5,"Large",8.48284707036427,"price.mod","msy",8.12546140575837,5.17750496313892,43.9199828083595
2020,"Large",6.96501560963244,"price.mod","msy",6.99253856614546,4.68046753159861,32.5995294179621
2020.5,"Large",14.6350789159188,"price.mod","msy",8.32614451400999,5.40555837390546,79.1107733867121
2021,"Large",15.7146769529968,"price.mod","msy",4.15856313937567,6.22144464823613,97.7679928279816
2021.5,"Large",14.8430915503103,"price.mod","msy",5.87361341229464,6.47320276956418,96.0823413323636
2022,"Large",10.5324259122408,"price.mod","msy",4.33617367568456,4.29638469636797,45.2513535049808
2022.5,"Large",3.3469929032352,"price.mod","msy",5.27214346715716,3.49424942020108,11.6952280115467
2023,"Large",34.0998586682905,"price.mod","msy",NA,5.09521790664557,173.746210500757
2023.5,"Large",23.82244195593,"price.mod","msy",NA,5.09521790664557,121.380532833879
2024,"Large",30.5063701778904,"price.mod","msy",NA,5.09521790664557,155.436603597145
2024.5,"Large",25.3734621198357,"price.mod","msy",NA,5.09521790664557,129.28331854658
2025,"Large",30.0688419695627,"price.mod","msy",NA,5.09521790664557,153.207302035412
2025.5,"Large",25.3255033984191,"price.mod","msy",NA,5.09521790664557,129.038958410438
2026,"Large",27.5433340677057,"price.mod","msy",NA,5.09521790664557,140.339288950495
2026.5,"Large",25.129863158127,"price.mod","msy",NA,5.09521790664557,128.042128754842
2027,"Large",26.8034315881124,"price.mod","msy",NA,5.09521790664557,136.5693245873
1987,"Medium",17.5389458725596,"price.mod","msy",32.7194132783767,6.08983897957365,106.809356235346
1987.5,"Medium",6.88176664678148,"price.mod","msy",7.64637899895229,6.22272095995808,42.8233135544676
1988,"Medium",9.55775860267971,"price.mod","msy",32.816615646671,5.28614926542636,50.5237386166778
1988.5,"Medium",4.31481271627069,"price.mod","msy",5.51691034329667,5.92203308328633,25.5524636539396
1989,"Medium",42.9403834637278,"price.mod","msy",36.5678534777813,5.11980548744016,219.846410890379
1989.5,"Medium",10.4437629358634,"price.mod","msy",9.12915061718908,5.89339168953183,61.5491856936576
1990,"Medium",27.2939533356899,"price.mod","msy",35.6475771015084,4.69183072247511,128.058608798192
1990.5,"Medium",9.72610259078615,"price.mod","msy",8.40505368169431,5.87198459467529,57.1115245793277
1991,"Medium",39.0779993259734,"price.mod","msy",27.3423279699856,5.29812880233018,207.040273766379
1991.5,"Medium",11.9057825637454,"price.mod","msy",6.60304838164396,5.66122882462061,67.4013594295409
1992,"Medium",13.0634562847326,"price.mod","msy",22.2825090419081,5.27007850286719,68.8454401393145
1992.5,"Medium",9.04301155074626,"price.mod","msy",8.04572442883319,5.34944559516089,48.3750983071286
1993,"Medium",7.89909775122401,"price.mod","msy",16.9236119526854,4.69304570072945,37.0708267410236
1993.5,"Medium",8.73427538492937,"price.mod","msy",6.56173810175156,5.6129027756598,49.0246385514471
1994,"Medium",30.652691445026,"price.mod","msy",22.2137154211208,7.16914108424744,219.753469581296
1994.5,"Medium",12.6205905228909,"price.mod","msy",6.25221156996301,7.27604909512476,91.8280362540204
1995,"Medium",32.7713141569829,"price.mod","msy",20.030923425577,5.32227477000002,174.417938517454
1995.5,"Medium",12.7123133786974,"price.mod","msy",6.04923251875156,5.09212478044929,64.732685972502
1996,"Medium",7.74360323968474,"price.mod","msy",20.8366043824406,4.72257319055959,36.5697330580655
1996.5,"Medium",8.55593095791286,"price.mod","msy",6.16548682253209,5.66253041071969,48.4482192411996
1997,"Medium",9.87623175879896,"price.mod","msy",16.3328456637844,6.69271878623742,66.0988418293484
1997.5,"Medium",12.378846044947,"price.mod","msy",7.94680082880489,6.70282972128026,82.9732971852235
1998,"Medium",16.1479934787462,"price.mod","msy",24.0115004673135,4.55282361783213,73.5189660906346
1998.5,"Medium",6.55612006603567,"price.mod","msy",7.21680260156809,4.56254309845653,29.9125803599434
1999,"Medium",23.5600826484152,"price.mod","msy",20.1063773758566,4.84198465538306,114.077558663183
1999.5,"Medium",9.8296474426566,"price.mod","msy",6.42932894524407,6.01017980396059,59.0779485399076
2000,"Medium",41.1319993741138,"price.mod","msy",28.1806030510016,6.33227130160756,260.458979214441
2000.5,"Medium",12.5580415002197,"price.mod","msy",8.71077659307286,5.90087585057623,74.1034438191802
2001,"Medium",23.509768060177,"price.mod","msy",28.3160763222633,4.47355045862035,105.172133687663
2001.5,"Medium",8.18539174008358,"price.mod","msy",5.47603106489692,4.42953362104376,36.2574679141141
2002,"Medium",16.3693150723697,"price.mod","msy",20.8191160581067,3.66198228125976,59.9441417513762
2002.5,"Medium",6.38056708006912,"price.mod","msy",6.9024297187297,4.02193440093658,25.6622222368135
2003,"Medium",15.0502345004259,"price.mod","msy",22.7726223065002,3.41458224662662,51.3902635327219
2003.5,"Medium",3.9402801621373,"price.mod","msy",6.95872350472763,3.1173102683852,12.2830758097451
2004,"Medium",14.8391012851172,"price.mod","msy",16.488138917693,2.96352396392705,43.9760322615855
2004.5,"Medium",4.43218133755454,"price.mod","msy",5.41492897646919,3.2568059561738,14.43475457899
2005,"Medium",11.4705774647777,"price.mod","msy",12.5141930894517,3.40067473540805,39.0077029850106
2005.5,"Medium",5.26301056533866,"price.mod","msy",5.3781189264929,3.32928335785263,17.5220534873846
2006,"Medium",26.0962468041467,"price.mod","msy",21.8386311572776,2.58047613508342,67.3407420933476
2006.5,"Medium",3.97749675169899,"price.mod","msy",8.63501978553956,2.57368762405512,10.2368341645671
2007,"Medium",12.5210437311072,"price.mod","msy",17.8553156773805,2.78674750448948,34.8929873712665
2007.5,"Medium",5.10920242698322,"price.mod","msy",5.52115890238281,3.19323641553863,16.3148912442012
2008,"Medium",20.3355473502177,"price.mod","msy",11.3577946496599,3.91862878927398,79.687461292207
2008.5,"Medium",9.31541065234994,"price.mod","msy",5.08086533882322,3.33130130874346,31.0324396976561
2009,"Medium",13.1972362754784,"price.mod","msy",17.9668851781964,2.25868223125,29.8083630770309
2009.5,"Medium",5.37449470352011,"price.mod","msy",7.57574099599588,2.39828041246072,12.8895453743262
2010,"Medium",29.1063047576413,"price.mod","msy",8.04780714544663,3.03808440430528,88.4274105511468
2010.5,"Medium",8.86735035827157,"price.mod","msy",8.57478318074798,3.07854866749727,27.2985696296884
2011,"Medium",37.1478606685525,"price.mod","msy",17.8287157295084,3.21106661498974,119.284255211079
2011.5,"Medium",7.56924894776633,"price.mod","msy",8.37455860329747,3.77640735527577,28.5845674002582
2012,"Medium",27.4505289116309,"price.mod","msy",18.6467153647801,3.43378376176959,94.2591804287448
2012.5,"Medium",11.5239925704341,"price.mod","msy",8.81451598006909,3.3867862695019,39.0292998073881
2013,"Medium",15.614769129959,"price.mod","msy",14.5150058419753,4.06054672077294,63.4044995862817
2013.5,"Medium",12.9767041686129,"price.mod","msy",7.81621022101394,5.35909558500419,69.5433980179191
2014,"Medium",14.1725119550756,"price.mod","msy",14.588974377991,5.29777481788601,75.082776941788
2014.5,"Medium",15.0863226491653,"price.mod","msy",9.23671593064456,4.41155164281167,66.5540914669119
2015,"Medium",17.4421012737936,"price.mod","msy",13.2147941220035,2.81150774930967,49.0386028955147
2015.5,"Medium",8.32102291572142,"price.mod","msy",7.50525393689402,2.86759769693102,23.861346149233
2016,"Medium",13.3929273923585,"price.mod","msy",10.1808130369481,3.00596842461488,40.2587168545892
2016.5,"Medium",9.13458169085406,"price.mod","msy",5.39307169815739,4.18887393214666,38.2636111258828
2017,"Medium",19.3180121273335,"price.mod","msy",12.1331828553547,3.47942031582626,67.2154838572221
2017.5,"Medium",12.5352144127079,"price.mod","msy",7.54050854388687,3.79112272220055,47.5225361876728
2018,"Medium",18.6866355726641,"price.mod","msy",13.7781541536191,3.25380794124098,60.8027232214106
2018.5,"Medium",8.15596989809181,"price.mod","msy",8.66981088922993,3.45385243293675,28.1695164754833
2019,"Medium",10.8669502214986,"price.mod","msy",7.94919114053227,3.29851886703811,35.8448403327769
2019.5,"Medium",7.25549196658893,"price.mod","msy",5.45331074318056,3.39313131687167,24.6188370111437
2020,"Medium",19.1427423296821,"price.mod","msy",11.8094531922773,2.81936323656955,53.9703439714292
2020.5,"Medium",10.5171384122969,"price.mod","msy",5.0535056945109,2.97562041568792,31.2950117742464
2021,"Medium",44.8365000891056,"price.mod","msy",12.1371153888044,3.68191490636116,165.084178027141
2021.5,"Medium",14.7230681196569,"price.mod","msy",8.24615492050734,3.50734091870751,51.6388192649905
2022,"Medium",23.5260542016456,"price.mod","msy",7.9248694210156,2.4198801778206,56.9302322248954
2022.5,"Medium",4.85988368931901,"price.mod","msy",5.88528355085481,1.95246160438392,9.48873630516706
2023,"Medium",109.40153881143,"price.mod","msy",NA,2.89276354325511,316.472783049713
2023.5,"Medium",32.1269285617499,"price.mod","msy",NA,2.89276354325511,92.9356077001914
2024,"Medium",69.5878588957692,"price.mod","msy",NA,2.89276354325511,201.301221266862
2024.5,"Medium",59.6074114410421,"price.mod","msy",NA,2.89276354325511,172.430146724454
2025,"Medium",107.302022355356,"price.mod","msy",NA,2.89276354325511,310.399378387117
2025.5,"Medium",38.2340234784191,"price.mod","msy",NA,2.89276354325511,110.601989230331
2026,"Medium",62.4972846522613,"price.mod","msy",NA,2.89276354325511,180.789866594499
2026.5,"Medium",36.1802296741726,"price.mod","msy",NA,2.89276354325511,104.660849388043
2027,"Medium",71.3824878944415,"price.mod","msy",NA,2.89276354325511,206.492658607889
1987,"Small",21.3545877170269,"price.mod","msy",33.1699600876773,3.46223983102226,73.9347041689495
1987.5,"Small",2.97490703258063,"price.mod","msy",1.55534427195328,4.03600829559881,12.0067494621307
1988,"Small",9.24377440733442,"price.mod","msy",23.8431624881257,2.83796100605314,26.2334713167671
1988.5,"Small",1.64019497112063,"price.mod","msy",0.720080044745491,3.55275304925539,5.82720768502217
1989,"Small",13.7847504848135,"price.mod","msy",28.7755001766216,2.51462103845419,34.6634235789535
1989.5,"Small",2.28505560281303,"price.mod","msy",1.15542976955331,3.07473626443988,7.02594332823077
1990,"Small",16.8335017311732,"price.mod","msy",40.4141643858711,2.31713756835269,39.0055392682314
1990.5,"Small",4.10460617073339,"price.mod","msy",0.71930936977849,3.31075264722307,13.5893357455637
1991,"Small",25.9880218770765,"price.mod","msy",29.6999205320081,2.75220541657956,71.524374576278
1991.5,"Small",4.47513739594355,"price.mod","msy",1.45164641335001,3.33127362657706,14.9079071824155
1992,"Small",9.28173452278272,"price.mod","msy",22.1974889327821,3.34190966430881,31.0187183032362
1992.5,"Small",2.58842375072375,"price.mod","msy",1.90915308007694,3.40282759475462,8.80795976588102
1993,"Small",7.84098212320627,"price.mod","msy",31.251177401142,2.55240244206907,20.0133419194916
1993.5,"Small",4.32889831004505,"price.mod","msy",0.649131295937703,2.80837868563889,12.1571857462287
1994,"Small",19.3524484294768,"price.mod","msy",21.9947786917798,3.00582662053682,58.1701046618871
1994.5,"Small",3.37455229869555,"price.mod","msy",1.36367695496224,3.87707147498693,13.0833804581241
1995,"Small",21.9031299321885,"price.mod","msy",34.102267260659,2.974202323365,65.1443399332805
1995.5,"Small",3.84037608874781,"price.mod","msy",0.735616089227739,3.19859578961608,12.283810788011
1996,"Small",12.4364956679549,"price.mod","msy",33.1773985935543,2.50019980592919,31.09372405546
1996.5,"Small",3.09562981958677,"price.mod","msy",0.716812406096025,3.16326652401382,9.79230217903775
1997,"Small",13.8723001461459,"price.mod","msy",29.4775886362047,3.20074806344115,44.4017378282508
1997.5,"Small",3.91556780946016,"price.mod","msy",1.69100390344393,3.17160491541806,12.4186341111366
1998,"Small",22.3471857719978,"price.mod","msy",34.4104421044754,2.32616054446169,51.9831418225768
1998.5,"Small",2.36650897002501,"price.mod","msy",2.05210174026596,2.56029739710157,6.05896675617256
1999,"Small",20.7252717944387,"price.mod","msy",38.4741550182192,2.39087042848093,49.5514394555535
1999.5,"Small",6.48701575514119,"price.mod","msy",2.23520985136123,3.15007512047249,20.4345869363833
2000,"Small",31.1619389789505,"price.mod","msy",37.0846168064626,3.42056965332977,106.591582810312
2000.5,"Small",4.82215089002357,"price.mod","msy",1.12931721350037,3.50211131063933,16.8877091735611
2001,"Small",12.2197091857061,"price.mod","msy",38.9592104154854,3.17152612550219,38.7551269285059
2001.5,"Small",3.48959264351451,"price.mod","msy",0.95305989767346,2.72647203944922,9.51427677160999
2002,"Small",16.8429019448005,"price.mod","msy",32.8442587186268,2.43724646261169,41.0503031850807
2002.5,"Small",4.50801261845031,"price.mod","msy",1.87019646901045,2.48644434759047,11.2089224940123
2003,"Small",33.4111371641458,"price.mod","msy",39.9101605584912,1.87960607049409,62.7997762358394
2003.5,"Small",1.7096914917688,"price.mod","msy",1.08131262915648,1.64775643949941,2.81715516511939
2004,"Small",11.7023235466507,"price.mod","msy",37.7506649665029,1.49426390224892,17.4863596481976
2004.5,"Small",2.70766977465643,"price.mod","msy",0.542971426348707,1.95329414520825,5.28887551799374
2005,"Small",11.230405830417,"price.mod","msy",25.5567941818433,2.276876512803,25.5702472645224
2005.5,"Small",6.0918318031233,"price.mod","msy",1.92148772697992,2.32541849460168,14.1660583409856
2006,"Small",26.2396255195279,"price.mod","msy",29.3820294770415,1.64328250817206,43.1191176372255
2006.5,"Small",5.01259117511219,"price.mod","msy",0.304521701423559,1.71856753817881,8.61447647570937
2007,"Small",17.3708378103874,"price.mod","msy",27.6217543664749,1.89961137600456,32.997841115342
2007.5,"Small",2.39087913808084,"price.mod","msy",0.465516613623862,1.90748378576943,4.5605631896236
2008,"Small",23.0814167332078,"price.mod","msy",17.7659276919536,1.84321551806618,42.544025501601
2008.5,"Small",6.55519676686464,"price.mod","msy",0.817461976283013,1.81599198296602,11.9041847753909
2009,"Small",17.2144060460814,"price.mod","msy",18.8947247584991,1.47843200217586,25.4503287969763
2009.5,"Small",2.74743363772048,"price.mod","msy",0.414448546792974,1.74489870397938,4.79399339372783
2010,"Small",16.6571837311868,"price.mod","msy",10.3898713043782,2.40726345236337,40.0982296153877
2010.5,"Small",1.16724847291369,"price.mod","msy",1.58086469169156,1.8721768967639,2.18529562377196
2011,"Small",15.7170577684796,"price.mod","msy",24.250876531461,1.46960221213565,23.0978228648214
2011.5,"Small",1.85137975538644,"price.mod","msy",1.02000463321805,2.11229011307718,3.91065115285403
2012,"Small",19.6278997152231,"price.mod","msy",14.9581501376982,2.01235528403434,39.4983077064253
2012.5,"Small",1.5831285567557,"price.mod","msy",1.06246201400765,1.95729714018241,3.09865299667903
2013,"Small",18.8710092762502,"price.mod","msy",23.121954254089,2.08313110442743,39.3107863952953
2013.5,"Small",3.30213414240006,"price.mod","msy",1.11985873291099,3.47567759827312,11.4771536652327
2014,"Small",18.6749828689544,"price.mod","msy",25.8305466848948,3.59725315728399,67.1786410875708
2014.5,"Small",3.97703785028835,"price.mod","msy",1.43466762510486,2.30597696796899,9.17095768350585
2015,"Small",21.3789570892683,"price.mod","msy",17.7198833877751,1.60367976611785,34.2850009047615
2015.5,"Small",3.57362703594911,"price.mod","msy",0.893230523631532,1.74925517610095,6.25118559008828
2016,"Small",10.0518251667236,"price.mod","msy",13.7848418529771,1.36349750789189,13.7056385645926
2016.5,"Small",2.33087165565664,"price.mod","msy",2.07950199163093,2.21804534012833,5.16997901426642
2017,"Small",12.8316829796122,"price.mod","msy",16.1131159758896,1.54110611853533,19.774985150986
2017.5,"Small",4.38521446440299,"price.mod","msy",2.88503781328209,1.90789517166,8.36652950332805
2018,"Small",8.8869258062466,"price.mod","msy",24.659261960846,1.44488280433977,12.8405662808891
2018.5,"Small",3.37356854000192,"price.mod","msy",0.766913261974894,1.54754568558391,5.22075143910158
2019,"Small",19.9767535339909,"price.mod","msy",12.1964944971997,1.60329405331422,32.0286101455715
2019.5,"Small",3.48624026839471,"price.mod","msy",0.49134503743693,1.84553430067428,6.43397599571435
2020,"Small",30.5875414140559,"price.mod","msy",8.45437092584065,1.74321307533248,53.3206021352561
2020.5,"Small",4.67467281014436,"price.mod","msy",0.365339397994311,1.99966936626942,9.34780001577829
2021,"Small",45.0046730890827,"price.mod","msy",10.9727795586288,2.19867920946227,98.9508390496121
2021.5,"Small",3.57030572383372,"price.mod","msy",0.63159289139346,1.95371255603988,6.975351121555
2022,"Small",13.150903976462,"price.mod","msy",7.02551689200128,1.20079679537534,15.7915633512243
2022.5,"Small",3.24973266483089,"price.mod","msy",0.425794667042911,1.33949152023172,4.352989347561
2023,"Small",63.0571101629569,"price.mod","msy",NA,1.73926042045185,109.672735934503
2023.5,"Small",28.9501106742986,"price.mod","msy",NA,1.73926042045185,50.3517816635083
2024,"Small",88.5920658724412,"price.mod","msy",NA,1.73926042045185,154.084673738
2024.5,"Small",20.692761220133,"price.mod","msy",NA,1.73926042045185,35.9901005800384
2025,"Small",81.6701433134834,"price.mod","msy",NA,1.73926042045185,142.045647797772
2025.5,"Small",15.4151774212166,"price.mod","msy",NA,1.73926042045185,26.8110079629652
2026,"Small",82.6584489714738,"price.mod","msy",NA,1.73926042045185,143.764568712024
2026.5,"Small",13.6429746928565,"price.mod","msy",NA,1.73926042045185,23.7286859005116
2027,"Small",77.5180612246153,"price.mod","msy",NA,1.73926042045185,134.824095758137
