"timestep","pop","predmean_trans","predfsd_trans","predsd_trans","predmean","escapement_1","escapement_2","escapement_3","escapement_4","escapement_5","ypred_test","ypred_uci","ypred_lci","ypredf_uci","ypredf_lci","obs_trans","obs","data","scenario"
1987,"Large",NA,NA,NA,NA,NA,NA,NA,NA,NA,NA,NA,NA,NA,NA,NA,7.14587041101213,"best.mod","edm.noprice"
1987,"Medium",NA,NA,NA,NA,NA,NA,NA,NA,NA,NA,NA,NA,NA,NA,NA,61.588251470677,"best.mod","edm.noprice"
1987,"Small",NA,NA,NA,NA,NA,NA,NA,NA,NA,NA,NA,NA,NA,NA,NA,135.941807538982,"best.mod","edm.noprice"
1987.5,"Large",NA,NA,NA,NA,4.44699820046395,NA,NA,NA,NA,NA,NA,NA,NA,NA,0.657770676059215,8.5848582505894,"best.mod","edm.noprice"
1987.5,"Medium",NA,NA,NA,NA,48.4424240544402,NA,NA,NA,NA,NA,NA,NA,NA,NA,-0.721788842655255,23.5373169544311,"best.mod","edm.noprice"
1987.5,"Small",NA,NA,NA,NA,122.614961882974,NA,NA,NA,NA,NA,NA,NA,NA,NA,-1.9621524818449,17.2342136269351,"best.mod","edm.noprice"
1988,"Large",NA,NA,NA,NA,4.31708270023204,4.44699820046395,NA,NA,NA,NA,NA,NA,NA,NA,-0.225623741080595,3.44511102628187,"best.mod","edm.noprice"
1988,"Medium",NA,NA,NA,NA,20.4651965033657,48.4424240544402,NA,NA,NA,NA,NA,NA,NA,NA,0.670692673595236,40.0215630621078,"best.mod","edm.noprice"
1988,"Small",NA,NA,NA,NA,16.6093158881531,122.614961882974,NA,NA,NA,NA,NA,NA,NA,NA,1.37875046711798,65.9379536171974,"best.mod","edm.noprice"
1988.5,"Large",NA,NA,NA,NA,0.000596246301397763,4.31708270023204,4.44699820046395,NA,NA,NA,NA,NA,NA,NA,9.77920625661337,10.5312764352957,"best.mod","edm.noprice"
1988.5,"Medium",NA,NA,NA,NA,26.8366822084766,20.4651965033657,48.4424240544402,NA,NA,NA,NA,NA,NA,NA,-0.537388843163583,15.67991897669,"best.mod","edm.noprice"
1988.5,"Small",NA,NA,NA,NA,56.3583778326483,16.6093158881531,122.614961882974,NA,NA,NA,NA,NA,NA,NA,-1.70143104970302,10.2810238838933,"best.mod","edm.noprice"
1989,"Large",NA,NA,NA,NA,6.18861531791868,0.000596246301397763,4.31708270023204,4.44699820046395,NA,NA,NA,NA,NA,NA,1.15902273333792,19.721986874617,"best.mod","edm.noprice"
1989,"Medium",NA,NA,NA,NA,13.4633648280323,26.8366822084766,20.4651965033657,48.4424240544402,NA,NA,NA,NA,NA,NA,2.63255499821164,187.265477978117,"best.mod","edm.noprice"
1989,"Small",NA,NA,NA,NA,9.99171405081154,56.3583778326483,16.6093158881531,122.614961882974,NA,NA,NA,NA,NA,NA,2.35103302001911,104.877098552171,"best.mod","edm.noprice"
1989.5,"Large",-0.0410165259623729,0.114599510014443,0.410938675359443,15.7224661447595,16.3807551627919,6.18861531791868,0.000596246301397763,4.31708270023204,4.44699820046395,15.7224661447595,35.7649371714271,6.91168393469448,19.7724523631983,12.5020375385102,0.0160839111480786,16.646351965429,"best.mod","edm.noprice"
1989.5,"Medium",-1.29001633793237,0.185887308458959,0.387685070717484,47.5036512960891,172.573445247847,13.4633648280323,26.8366822084766,20.4651965033657,48.4424240544402,47.5036512960891,103.149224252548,21.8770126756886,68.8948338219948,32.7542249726715,-1.50852089667894,38.179625854383,"best.mod","edm.noprice"
1989.5,"Small",-1.38449071266824,0.173597238224578,0.593786580256391,23.3710739674332,93.3158350319678,9.99171405081154,56.3583778326483,16.6093158881531,122.614961882974,23.3710739674332,76.6364079141804,7.12725339375109,33.0722174810423,16.5155874021551,-1.78953655333679,15.5872498348054,"best.mod","edm.noprice"
1990,"Large",0.515009161837218,0.110010529921785,0.409682638031312,19.1105778766707,11.4184770301018,16.3807551627919,6.18861531791868,0.000596246301397763,4.31708270023204,19.1105778766707,43.3630316731535,8.42224753871177,23.8137479087223,15.3362750030007,0.108268286462509,12.7241418482513,"best.mod","edm.noprice"
1990,"Medium",1.03147130616504,0.180275467823644,0.385025800317509,96.8120627134404,34.5117655095366,172.573445247847,13.4633648280323,26.8366822084766,20.4651965033657,96.8120627134404,209.102215536527,44.822937254789,138.840048035972,67.5062823689228,1.35095579818496,133.253868343756,"best.mod","edm.noprice"
1990,"Small",1.98398548540192,0.182515234786803,0.596454786805052,109.969611859237,15.1230275636753,93.3158350319678,9.99171405081154,56.3583778326483,16.6093158881531,109.969611859237,362.532325971164,33.3578957409529,158.417593196943,76.338210222882,2.17789651711367,133.501819039748,"best.mod","edm.noprice"
1990.5,"Large",0.43540521125936,0.0850918021090253,0.403705538724433,13.1668325244402,8.51897278722664,11.4184770301018,16.3807551627919,6.18861531791868,0.000596246301397763,13.1668325244402,29.521300611044,5.87255558319811,15.6095761886847,11.1063539862362,0.424275019190363,13.021095693464,"best.mod","edm.noprice"
1990.5,"Medium",-1.16498824166049,0.116113032891286,0.359482765954527,37.0978910023173,118.931579236783,34.5117655095366,172.573445247847,13.4633648280323,26.8366822084766,37.0978910023173,76.1363379561096,18.0761716910154,46.7954598975396,29.4099795115417,-1.20295245461909,35.7158978911478,"best.mod","edm.noprice"
1990.5,"Small",-1.78477319800025,0.149313370854805,0.587146476178988,19.6810910075949,117.264436490496,15.1230275636753,93.3158350319678,9.99171405081154,56.3583778326483,19.6810910075949,63.6851416216858,6.08219332462526,26.5302361452512,14.6001468335428,-1.47491260597427,26.8299531831329,"best.mod","edm.noprice"
1991,"Large",0.485481617631977,0.0834017090136225,0.403352689686106,13.1171641903679,8.07231251710816,8.51897278722664,11.4184770301018,16.3807551627919,6.18861531791868,13.1171641903679,29.3891922289494,5.85453302209456,15.4982177610158,11.101921462858,1.24991249657345,28.1726738311641,"best.mod","edm.noprice"
1991,"Medium",1.27807177481762,0.10475719155663,0.355977094479317,116.087533910387,32.3389612638404,118.931579236783,34.5117655095366,172.573445247847,13.4633648280323,116.087533910387,236.582905469527,56.9623384354412,143.145113054333,94.1444331688783,1.6184874086401,163.164703739858,"best.mod","edm.noprice"
1991,"Small",1.85408491874438,0.138490418740725,0.584487893678184,169.486597788709,26.5409529876361,117.264436490496,15.1230275636753,93.3158350319678,9.99171405081154,169.486597788709,545.525550009708,52.6569412367221,223.576735809597,128.482539679152,1.9604064946433,188.499514351502,"best.mod","edm.noprice"
1991.5,"Large",-0.299501816092816,0.118679158836039,0.412095001125533,17.7214263998485,23.9095092084192,8.07231251710816,8.51897278722664,11.4184770301018,16.3807551627919,17.7214263998485,40.405440461684,7.77244227650622,22.4689140515364,13.9770419222274,-0.268346256405688,18.2822381976969,"best.mod","edm.noprice"
1991.5,"Medium",-1.12008337059173,0.101333489861464,0.35498464583501,49.6488757681865,152.179252332356,32.3389612638404,118.931579236783,34.5117655095366,172.573445247847,49.6488757681865,100.982278269393,24.4103312708874,60.8032187063163,40.5407956600289,-1.20198251195785,45.7447305443982,"best.mod","edm.noprice"
1991.5,"Small",-1.89307873333075,0.156190772124968,0.588932983513721,26.5922755578546,176.566842262673,26.5409529876361,117.264436490496,15.1230275636753,93.3158350319678,26.5922755578546,86.3567306825321,8.18869720699039,36.3430258792457,19.4576291389293,-1.80137741413647,29.1461287712907,"best.mod","edm.noprice"
1992,"Large",0.736923855576294,0.120492196451516,0.412620790334581,27.7169492263059,13.2648841748759,23.9095092084192,8.07231251710816,8.51897278722664,11.4184770301018,27.7169492263059,63.2620543566637,12.1436030212114,35.2698504607727,21.7814724014225,-0.338689876028546,9.45392859910533,"best.mod","edm.noprice"
1992,"Medium",1.06997369626443,0.101049692543297,0.354903737616553,125.625627732204,43.0917937784594,152.179252332356,32.3389612638404,118.931579236783,34.5117655095366,125.625627732204,255.472239201071,61.775003000186,153.761955153666,102.637862059821,0.242407184085269,54.9124315896693,"best.mod","edm.noprice"
1992,"Small",1.62866037806456,0.155351422291477,0.588710936013052,145.586272301876,28.5628941925731,176.566842262673,26.5409529876361,117.264436490496,15.1230275636753,145.586272301876,472.572285162017,44.8510489257517,198.635540792548,106.704785045955,0.747851810473471,60.3378909338987,"best.mod","edm.noprice"
1992.5,"Large",0.497713377952637,0.103371521901371,0.407950019917672,12.6638099869803,7.69857264060976,13.2648841748759,23.9095092084192,8.07231251710816,8.51897278722664,12.6638099869803,28.6355329672833,5.60045743061847,15.5722636725379,10.2985723051404,0.661309678914917,14.9146599608939,"best.mod","edm.noprice"
1992.5,"Medium",-0.115737277967845,0.12405943038837,0.362127553328093,40.9368939253072,45.959886634982,43.0917937784594,152.179252332356,32.3389612638404,118.931579236783,40.9368939253072,84.4607403422965,19.8415178159719,52.4652250005567,31.9417153787879,-0.208755420067814,37.3007549468887,"best.mod","edm.noprice"
1992.5,"Small",-0.725096509421221,0.210121979230231,0.605473160370473,24.9013262155983,51.4195048949588,28.5628941925731,176.566842262673,26.5409529876361,117.264436490496,24.9013262155983,83.5852763583177,7.41848414351672,37.9081080597677,16.3573461993408,-1.12771833736602,16.648152274738,"best.mod","edm.noprice"
1993,"Large",0.389955662828085,0.103571460605448,0.408000728752498,14.8230968851232,10.0365246286782,7.69857264060976,13.2648841748759,23.9095092084192,8.07231251710816,14.8230968851232,33.5215334589643,6.55471807501668,18.2347567758109,12.0497467538049,-0.413243418364474,6.63917350400357,"best.mod","edm.noprice"
1993,"Medium",0.716332524800831,0.132204861368593,0.364998284900893,69.7345967135492,34.0681876670243,45.959886634982,43.0917937784594,152.179252332356,32.3389612638404,69.7345967135492,144.704412958591,33.6058443510837,90.8405964724306,53.5323871445209,0.123636240842836,38.5517030493375,"best.mod","edm.noprice"
1993,"Small",1.61140998463508,0.235264355101774,0.614650972955248,79.5622637321031,15.8811031626913,51.4195048949588,28.5628941925731,176.566842262673,26.5409529876361,79.5622637321031,272.01082209951,23.2716983880184,127.366482130761,49.7003112928711,1.31571019406076,59.1951797924563,"best.mod","edm.noprice"
1993.5,"Large",0.740783792581504,0.0967065178558202,0.406312315597769,10.7971623618096,5.1474403039066,10.0365246286782,7.69857264060976,13.2648841748759,23.9095092084192,10.7971623618096,24.3348136734606,4.79061465732187,13.1011025533271,8.89838962734257,0.630168628551561,9.66651828429478,"best.mod","edm.noprice"
1993.5,"Medium",0.403154413876636,0.104813747897738,0.355993742022911,47.5184123330774,31.7522265398858,34.0681876670243,45.959886634982,43.0917937784594,152.179252332356,47.5184123330774,96.8443207072107,23.3157659031238,58.6005897070464,38.5320270998033,0.0660201525893802,33.9192602734498,"best.mod","edm.noprice"
1993.5,"Small",-0.246564474415929,0.195066856373674,0.600414507010687,36.447688237555,46.6392521792581,15.8811031626913,51.4195048949588,28.5628941925731,176.566842262673,36.447688237555,121.110947579704,10.9687357287644,53.8397340857706,24.6738584508183,-0.406637563364037,31.0564011911606,"best.mod","edm.noprice"
1994,"Large",0.400268130866384,0.107373305007455,0.408982363725928,8.63308992988264,5.78538179181037,5.1474403039066,10.0365246286782,7.69857264060976,13.2648841748759,8.63308992988264,19.561575602585,3.81003265031433,10.701127355072,6.96470934925522,0.661494620715843,11.2102549065887,"best.mod","edm.noprice"
1994,"Medium",0.39140707068261,0.101648446843809,0.355074681379654,46.2693318236006,31.282920926461,31.7522265398858,34.0681876670243,45.959886634982,43.0917937784594,46.2693318236006,94.1254742633054,22.7446510539078,56.7001159491205,37.7574372038946,1.03951572865361,88.4633215171126,"best.mod","edm.noprice"
1994,"Small",0.970295477405223,0.177525977964508,0.594947035143158,81.2610811104381,30.7955967594224,46.6392521792581,15.8811031626913,51.4195048949588,28.5628941925731,81.2610811104381,267.083479034754,24.7239676789516,115.899003309667,56.9751517672148,1.46831479091548,133.711769354944,"best.mod","edm.noprice"
1994.5,"Large",0.326065902158121,0.0914907357127004,0.405102581986186,12.4639406352259,8.99594413467863,5.78538179181037,5.1474403039066,10.0365246286782,7.69857264060976,12.4639406352259,28.0235405305341,5.54354707568686,14.9666021838692,10.3797651764853,0.505754863251119,14.9174055262332,"best.mod","edm.noprice"
1994.5,"Medium",-0.405275741582992,0.100862592317453,0.354850510976243,53.0356529519068,79.5384160881868,31.282920926461,31.7522265398858,34.0681876670243,45.959886634982,53.0356529519068,107.841807347445,26.0824679520891,64.8897430750681,43.3470738323177,-0.7985339008794,35.7913493271969,"best.mod","edm.noprice"
1994.5,"Small",-1.4877125576569,0.174702841594884,0.594110751152263,28.2078214247289,124.874827131058,30.7955967594224,46.6392521792581,15.8811031626913,51.4195048949588,28.2078214247289,92.5566414652507,8.59669470427063,40.0050212771717,19.8895329667888,-1.82912774388225,20.0490968680319,"best.mod","edm.noprice"
1995,"Large",0.358353366899154,0.0788220366980425,0.402430690529252,14.5557823357971,10.1719604473379,8.99594413467863,5.78538179181037,5.1474403039066,10.0365246286782,14.5557823357971,32.5523547023466,6.50861669898892,17.0411737225709,12.4328759776965,0.330996601250478,14.1629805993173,"best.mod","edm.noprice"
1995,"Medium",0.895732087953542,0.109845153288562,0.357507454904219,81.5054402287645,33.2793698620013,79.5384160881868,31.282920926461,31.7522265398858,34.0681876670243,81.5054402287645,166.614819623785,39.8712239516559,101.530584261775,65.4299079945881,1.40806726306238,136.047616312207,"best.mod","edm.noprice"
1995,"Small",1.7903971352485,0.192628879127193,0.599626873019528,116.847942666945,19.5012061785225,124.874827131058,30.7955967594224,46.6392521792581,15.8811031626913,116.847942666945,387.659431479586,35.2201974124206,171.765678290169,79.4887654006906,2.05495249815219,152.235523316154,"best.mod","edm.noprice"
1995.5,"Large",0.29343801341609,0.0745127333511952,0.401608882673291,15.6449778512842,11.6663887137064,10.1719604473379,8.99594413467863,5.78538179181037,5.1474403039066,15.6449778512842,34.9307568694131,7.00715798636186,18.1591656569388,13.4788864527839,0.394466492994497,17.308166480047,"best.mod","edm.noprice"
1995.5,"Medium",-1.02095135635574,0.0930258445964201,0.35270303425684,46.1121546114905,127.999701146366,33.2793698620013,79.5384160881868,31.282920926461,31.7522265398858,46.1121546114905,93.3618348503528,22.7751608172895,55.5413763027688,38.2837254756326,-0.829814654543764,55.8245241973401,"best.mod","edm.noprice"
1995.5,"Small",-1.83725795196164,0.144399645927199,0.585916171066544,22.0620415618381,138.534100368962,19.5012061785225,124.874827131058,30.7955967594224,46.6392521792581,22.0620415618381,71.2141046306386,6.83479319722943,29.448937968736,16.5280553883813,-1.68809435127657,25.6110053629336,"best.mod","edm.noprice"
1996,"Large",0.315395205350319,0.072313416815705,0.401206651816972,17.5609546223929,12.810725437164,11.6663887137064,10.1719604473379,8.99594413467863,5.78538179181037,17.5609546223929,39.1770553931402,7.87162598503362,20.2935841389201,15.196286921949,-0.633026785760843,6.80226713675773,"best.mod","edm.noprice"
1996,"Medium",0.884872722053802,0.0911608897776357,0.352215744162799,129.356597244163,53.3940965482982,127.999701146366,33.2793698620013,79.5384160881868,31.282920926461,129.356597244163,261.649127630543,63.9525512739955,155.227951271774,107.7971403571,-0.353789048693525,37.4838862126095,"best.mod","edm.noprice"
1996,"Small",1.87287164824326,0.129680764698433,0.582463391558774,164.726524152941,25.3154535426329,138.534100368962,19.5012061785225,124.874827131058,30.7955967594224,164.726524152941,528.06186879317,51.3856980840581,213.502426696851,127.093767407327,1.32142074068647,94.9011441494009,"best.mod","edm.noprice"
1996.5,"Large",0.791897066633068,0.0993086394381303,0.406939495598149,10.8543347516819,4.91684689399704,12.810725437164,11.6663887137064,10.1719604473379,8.99594413467863,10.8543347516819,24.4943752039825,4.80994440235464,13.2391956262827,8.89907409991571,0.788594003264157,10.8185413426617,"best.mod","edm.noprice"
1996.5,"Medium",0.359576131978619,0.132414933004778,0.365074426786873,41.7097882122014,29.1122689460802,53.3940965482982,127.999701146366,33.2793698620013,79.5384160881868,41.7097882122014,86.5640570796191,20.0973301321421,54.3565812601262,32.0054424390901,0.121231456167251,32.8644377846546,"best.mod","edm.noprice"
1996.5,"Small",-1.23864516513408,0.142138255166712,0.585362951812989,23.6374528800003,81.5713098910709,25.3154535426329,138.534100368962,19.5012061785225,124.874827131058,23.6374528800003,76.2150038452109,7.33096044696117,31.4094546430451,17.7885666912702,-1.36763681955854,20.7768790876211,"best.mod","edm.noprice"
1997,"Large",0.354267884748823,0.107641979900549,0.40905298317887,9.14724423003944,6.41850209620528,4.91684689399704,12.810725437164,11.6663887137064,10.1719604473379,9.14724423003944,20.729516930079,4.03637370259119,11.3445405192081,7.37553688157927,-0.0381878624498265,6.17801430322705,"best.mod","edm.noprice"
1997,"Medium",0.44028010666907,0.144833713435754,0.369759958836398,47.1958013532008,30.3873021154875,29.1122689460802,53.3940965482982,127.999701146366,33.2793698620013,47.1958013532008,98.8718781540641,22.528586560275,63.0527930957873,35.3266454348335,0.0178695399321898,30.9351898961217,"best.mod","edm.noprice"
1997,"Small",1.92481645504525,0.152488327234549,0.587961896483241,140.428555533913,20.4888821085744,81.5713098910709,25.3154535426329,138.534100368962,19.5012061785225,140.428555533913,455.148004590473,43.326959605337,190.5044420941,103.515587314234,1.50707508630121,92.4767710466039,"best.mod","edm.noprice"
1997.5,"Large",0.601061045036173,0.106948072165118,0.40887092994056,8.75158297074523,4.79787710318258,6.41850209620528,4.91684689399704,12.810725437164,11.6663887137064,8.75158297074523,19.8256480365047,3.86318794486886,10.8387832053248,7.06631021609612,0.918578837036509,12.0221692989969,"best.mod","edm.noprice"
1997.5,"Medium",0.537950568631629,0.116326183124643,0.359551670127469,41.738723994563,24.3730682442021,30.3873021154875,29.1122689460802,53.3940965482982,127.999701146366,41.738723994563,85.672567151496,20.3346431491156,52.6718784357843,33.0749753460615,0.46246406064769,38.7039949299099,"best.mod","edm.noprice"
1997.5,"Small",-1.04945367457271,0.145031180797059,0.586072133083265,28.2320993878334,80.6334262542796,20.4888821085744,81.5713098910709,25.3154535426329,138.534100368962,28.2320993878334,91.1588758721584,8.74354173654235,37.7325066524638,21.1237340573676,-1.12261716324578,26.2402926829673,"best.mod","edm.noprice"
1998,"Large",0.262653798997371,0.102239235476082,0.40766457839915,10.9067640655128,8.3873897214006,4.79787710318258,6.41850209620528,4.91684689399704,12.810725437164,10.9067640655128,24.6484078967814,4.82617388023241,13.3813456874519,8.88980115746584,-0.103029117300239,7.56627019220878,"best.mod","edm.noprice"
1998,"Medium",0.184805365758331,0.114472148162216,0.358956118928173,42.719382280649,35.5111726345383,24.3730682442021,30.3873021154875,29.1122689460802,53.3940965482982,42.719382280649,87.5810782309791,20.8372134632468,53.7098833007481,33.9778362991679,0.837124324232569,82.020703187958,"best.mod","edm.noprice"
1998,"Small",1.6856592189553,0.151189034700552,0.587626263867659,137.926740998368,25.5608903573288,80.6334262542796,20.4888821085744,81.5713098910709,25.3154535426329,137.926740998368,446.739302951741,42.5836405186088,186.6249058311,101.93594363899,1.93444599024272,176.886706816679,"best.mod","edm.noprice"
1998.5,"Large",0.582529336335883,0.094110711854489,0.405702321038938,10.4970620012534,5.86244101473425,8.3873897214006,4.79787710318258,6.41850209620528,4.91684689399704,10.4970620012534,23.6295973360411,4.663148046543,12.6710115876005,8.69609422234176,0.892681576043293,14.3141369712653,"best.mod","edm.noprice"
1998.5,"Medium",-0.24183898639791,0.103352001464705,0.355566110333739,56.8264072418913,72.3734934882414,35.5111726345383,24.3730682442021,30.3873021154875,29.1122689460802,56.8264072418913,115.715356767643,27.9067588799438,69.8748047256182,46.2146631064193,-0.779084597406205,33.2068281820347,"best.mod","edm.noprice"
1998.5,"Small",-1.81158666746539,0.155257881553292,0.588686259019008,26.6433759047429,163.061467061515,25.5608903573288,80.6334262542796,20.4888821085744,81.5713098910709,26.6433759047429,86.4799918277753,8.20848226969234,36.3449884046559,19.5314267732851,-2.21284730482123,17.8370886833316,"best.mod","edm.noprice"
1999,"Large",0.224102909432874,0.0914903723264813,0.405102499917072,11.8627129790779,9.48107027708598,5.86244101473425,8.3873897214006,4.79787710318258,6.41850209620528,11.8627129790779,26.671754394146,5.27614183695657,14.2446423760311,9.87907983290436,0.286093413102833,12.6213600588856,"best.mod","edm.noprice"
1999,"Medium",0.84502885751747,0.114614851563513,0.359001652934956,70.5567594635859,30.3073005930128,72.3734934882414,35.5111726345383,24.3730682442021,30.3873021154875,70.5567594635859,144.665009535684,34.412304136159,88.7343600290556,56.1029155377039,1.29268713030132,110.396204912346,"best.mod","edm.noprice"
1999,"Small",1.82679963136283,0.18224137941451,0.596371044018975,105.715788839407,17.012606438232,163.061467061515,25.5608903573288,80.6334262542796,20.4888821085744,105.715788839407,348.450556107964,32.0729234436219,152.206326962891,73.4255154364441,2.25243971908304,161.805394322125,"best.mod","edm.noprice"
1999.5,"Large",0.408709723419855,0.0745219914179606,0.401610600477031,15.2035802512148,10.1028869490122,9.48107027708598,5.86244101473425,8.3873897214006,4.79787710318258,15.2035802512148,33.9453590096463,6.80943902786364,17.6471610919796,13.0983590646873,0.273572572166823,13.2817882412885,"best.mod","edm.noprice"
1999.5,"Medium",-0.813501757587221,0.092631519921361,0.352599235810354,45.3578655029741,102.317974269885,30.3073005930128,72.3734934882414,35.5111726345383,24.3730682442021,45.3578655029741,91.8155867134156,22.4072626078997,54.5897775761515,37.6872017863775,-1.0705085509858,35.0780931239712,"best.mod","edm.noprice"
1999.5,"Small",-1.9296482440601,0.152673371086022,0.588009914892724,21.2495432425624,146.347458155852,17.012606438232,163.061467061515,25.5608903573288,80.6334262542796,21.2495432425624,68.8792678327548,6.55557328387866,28.8376591645201,15.6581047525896,-1.20993235682342,43.643365949619,"best.mod","edm.noprice"
2000,"Large",0.41963698701065,0.0753509463716153,0.401765245298447,14.1275779023304,9.28585040496647,10.1028869490122,9.48107027708598,5.86244101473425,8.3873897214006,14.1275779023304,31.5527029522067,6.32555815229947,16.4254286178148,12.1511871641476,0.680871172375736,18.3451081312111,"best.mod","edm.noprice"
2000,"Medium",1.15843832703129,0.0939524251122798,0.352948552618626,103.49497840601,32.4949524057283,102.317974269885,30.3073005930128,72.3734934882414,35.5111726345383,103.49497840601,209.645959104913,51.09190084556,124.889324854183,85.7656214233414,1.44421160626678,137.730155086589,"best.mod","edm.noprice"
2000,"Small",1.49672261863068,0.168915471633804,0.592434754492551,190.944389208751,42.7453155263101,146.347458155852,17.012606438232,163.061467061515,25.5608903573288,190.944389208751,624.43780857788,58.3881361273397,267.68560412857,136.203662834222,1.54210405393285,199.809350612063,"best.mod","edm.noprice"
2000.5,"Large",0.133515974565511,0.0772045201512815,0.40211700429404,16.5570659838774,14.4876561057075,9.28585040496647,10.1028869490122,9.48107027708598,5.86244101473425,16.5570659838774,37.0047753178605,7.40813669694559,19.3215682659479,14.1881047242735,0.214834514211265,17.9597204573771,"best.mod","edm.noprice"
2000.5,"Medium",-1.04769890480179,0.0861785744444865,0.350959213163564,44.3368040409379,126.407906088965,32.4949524057283,102.317974269885,30.3073005930128,72.3734934882414,44.3368040409379,89.4548071273958,21.974807790542,52.6766494025859,37.3173353821557,-1.01441921892097,45.8371459346628,"best.mod","edm.noprice"
2000.5,"Small",-1.72258489460143,0.177509278001011,0.594942052262083,33.025588795521,184.909695530008,42.7453155263101,146.347458155852,17.012606438232,163.061467061515,33.025588795521,108.545211664559,10.0482508492538,47.10132984069,23.156236118595,-1.8025337830837,30.488019115296,"best.mod","edm.noprice"
2001,"Large",0.445042002546719,0.0791220765658102,0.402489565343885,20.2960739934357,13.0056706403806,14.4876561057075,9.28585040496647,10.1028869490122,9.48107027708598,20.2960739934357,45.3952102642068,9.07431901184115,23.7758799933635,17.3255677460519,0.132665606475129,14.8507604387454,"best.mod","edm.noprice"
2001,"Medium",1.09040073826541,0.0850467819428921,0.350683016027218,125.97343682847,42.3373776234257,126.407906088965,32.4949524057283,102.317974269885,30.3073005930128,125.97343682847,254.026120401806,62.4711614745572,149.330897135673,106.269413033517,1.06021817704824,122.228042978677,"best.mod","edm.noprice"
2001,"Small",1.56384398169813,0.173948224462648,0.593889288139706,143.478277990351,30.0342882045197,184.909695530008,42.7453155263101,146.347458155852,17.012606438232,143.478277990351,470.578235647778,43.746214116211,203.177524086769,101.320342137278,1.00306054265214,81.8919103951151,"best.mod","edm.noprice"
2001.5,"Large",0.390994952728378,0.073748846975163,0.401467856298346,17.2565246548179,11.6720297504774,13.0056706403806,14.4876561057075,9.28585040496647,10.1028869490122,17.2565246548179,38.5180139017653,7.73112663393817,19.9991146839486,14.8900412777444,0.13819862171705,13.4018664130013,"best.mod","edm.noprice"
2001.5,"Medium",-0.876556979639513,0.0786860029049807,0.349194945072615,46.1378319759236,110.851364268993,42.3373776234257,126.407906088965,32.4949524057283,102.317974269885,46.1378319759236,92.76070882344,22.9482888438284,54.0011460507027,39.4195252345179,-0.944192848907101,43.1204513748443,"best.mod","edm.noprice"
2001.5,"Small",-0.943026298962713,0.184438734260117,0.597046186210793,25.7966462450677,66.2390913168069,30.0342882045197,184.909695530008,42.7453155263101,146.347458155852,25.7966462450677,85.1433975793539,7.81583747433794,37.3047983884172,17.8386423795763,-0.956961187357586,25.4396658760333,"best.mod","edm.noprice"
2002,"Large",0.517554521005157,0.073157138476955,0.401359582071687,16.0585208046756,9.57049644217666,11.6720297504774,13.0056706403806,14.4876561057075,9.28585040496647,16.0585208046756,35.8362074683996,7.195964881652,18.5887001430563,13.8727338893853,0.332706984864566,13.3483404174564,"best.mod","edm.noprice"
2002,"Medium",1.11300785279729,0.080613587852205,0.349634342073987,124.540959049294,40.9203214797077,110.851364268993,42.3373776234257,126.407906088965,32.4949524057283,124.540959049294,250.611350390565,61.8904549085489,146.329631358287,105.996648368099,1.00840524618923,112.171846993247,"best.mod","edm.noprice"
2002,"Small",1.66305962835488,0.198970717784156,0.601694148474888,132.185059589678,25.0567506683077,66.2390913168069,30.0342882045197,184.909695530008,42.7453155263101,132.185059589678,440.359396744566,39.6787035950595,196.791411498371,88.7888848689488,1.64807431976885,130.218993526022,"best.mod","edm.noprice"
2002.5,"Large",0.357110951456674,0.0707205188052789,0.400922609727502,15.6866951981602,10.9759000203621,9.57049644217666,11.6720297504774,13.0056706403806,14.4876561057075,15.6866951981602,34.9758608282396,7.03549249147581,18.0700152957757,13.6177198642166,0.243459026585261,14.0014513009392,"best.mod","edm.noprice"
2002.5,"Medium",-0.746865628808608,0.0753415916856296,0.348456565512588,49.1890109566203,103.807256090288,40.9203214797077,110.851364268993,42.3373776234257,126.407906088965,49.1890109566203,98.7492071645773,24.5020579745823,57.1885342078999,42.3084597708796,-0.996615035824101,38.3180412808233,"best.mod","edm.noprice"
2002.5,"Small",-1.378612726188,0.154801072315569,0.588565946826207,29.4813489698568,117.023006389705,25.0567506683077,66.2390913168069,30.0342882045197,184.909695530008,29.4813489698568,95.6685600865693,9.08501117081718,40.1796227249618,21.631610207791,-1.22146860113975,34.4980206572267,"best.mod","edm.noprice"
2003,"Large",0.442032096149249,0.0695411427114912,0.400716255897166,16.6491568274766,10.7008960184349,10.9759000203621,9.57049644217666,11.6720297504774,13.0056706403806,16.6491568274766,37.1064973848257,7.47023951603866,19.1335217003454,14.4873707729877,0.388436689633162,15.7803290514298,"best.mod","edm.noprice"
2003,"Medium",1.16523146355546,0.0830086157116818,0.350194307340188,113.980333346809,35.5448207140874,103.807256090288,40.9203214797077,110.851364268993,42.3373776234257,113.980333346809,229.617420239575,56.5789667713132,134.564434391456,96.5449485118519,1.16720442596476,114.205434244688,"best.mod","edm.noprice"
2003,"Small",1.56417841408033,0.159021885161612,0.589690140441344,161.266580728519,33.746623319906,117.023006389705,25.0567506683077,66.2390913168069,30.0342882045197,161.266580728519,524.496658766963,49.5845104542845,221.650661791403,117.332878005765,2.15938106841893,292.440559592219,"best.mod","edm.noprice"
2003.5,"Large",0.246886815822735,0.0715778834706419,0.401074731954981,17.1719739391152,13.4152459397518,10.7008960184349,10.9759000203621,9.57049644217666,11.6720297504774,17.1719739391152,38.2991650861909,7.69929809963326,19.8149043536568,14.8815600470577,0.519056977715504,22.5435455053521,"best.mod","edm.noprice"
2003.5,"Medium",-0.807320993771214,0.0776307954688338,0.348958683824071,46.8603687622088,105.055974255617,35.5448207140874,103.807256090288,40.9203214797077,110.851364268993,46.8603687622088,94.1688709668724,23.3186841679634,54.7311979584489,40.1214342539566,-1.11851586644759,34.328552071744,"best.mod","edm.noprice"
2003.5,"Small",-2.32688840161219,0.280571149489771,0.633377195436803,26.9769072904139,276.405672951909,33.746623319906,117.023006389705,25.0567506683077,66.2390913168069,26.9769072904139,95.7495190787927,7.60059720359238,47.2817087480644,15.3918618050237,-2.85969081066593,15.8343052618112,"best.mod","edm.noprice"
2004,"Large",0.105332255175173,0.0887577647051019,0.404494113685316,20.697110154845,18.6279255660892,13.4152459397518,10.7008960184349,10.9759000203621,9.57049644217666,20.697110154845,46.4781501005722,9.21659678439985,24.7174535089081,17.330683705237,0.637103153308976,35.2253143784838,"best.mod","edm.noprice"
2004,"Medium",1.23348846428606,0.0885078127978381,0.351538412605737,108.257647809128,31.5327140946946,105.055974255617,35.5448207140874,103.807256090288,40.9203214797077,108.257647809128,218.675924953373,53.5940035999122,129.221713644257,90.6946516854682,1.49068333360878,140.009304794235,"best.mod","edm.noprice"
2004,"Small",1.92753915124383,0.333751577495254,0.658662749253326,105.836733715882,15.399861371117,276.405672951909,33.746623319906,117.023006389705,25.0567506683077,105.836733715882,395.133292464063,28.3484444800745,206.314316408926,54.2929564880252,1.99053203568402,112.718159928329,"best.mod","edm.noprice"
2004.5,"Large",-0.293900124506852,0.128509740763351,0.415032891084173,24.1676176520403,32.4244817826531,18.6279255660892,13.4152459397518,10.7008960184349,10.9759000203621,24.1676176520403,55.4276965031026,10.5375792216535,31.2504290304915,18.6901031792339,-0.287649079509742,24.3191636845117,"best.mod","edm.noprice"
2004.5,"Medium",-1.06640941778429,0.0874092545495425,0.351263434464806,45.9166911785021,133.384790265725,31.5327140946946,105.055974255617,35.5448207140874,103.807256090288,45.9166911785021,92.6988032095345,22.7440102329723,54.6881583418822,38.5520849980295,-1.30681445248395,36.1047219418449,"best.mod","edm.noprice"
2004.5,"Small",-1.74452045574923,0.243910052143902,0.618011824571521,17.0449483389494,97.5509036491406,15.399861371117,276.405672951909,33.746623319906,117.023006389705,17.0449483389494,58.6670079607472,4.95219159756437,27.7621610161165,10.4649729431652,-1.43222062828681,23.2930190056054,"best.mod","edm.noprice"
2005,"Large",0.488550293665102,0.1284063161925,0.415000878612024,33.0714402078677,20.2898301495876,32.4244817826531,18.6279255660892,13.4152459397518,10.7008960184349,33.0714402078677,75.8434868701113,14.4207525597506,42.7548529703299,25.5811932783763,-0.32757833017049,14.6222077599464,"best.mod","edm.noprice"
2005,"Medium",1.20800043538982,0.0962667634873665,0.353571650961212,113.553569799906,33.9291413105477,133.384790265725,31.5327140946946,105.055974255617,35.5448207140874,113.553569799906,230.308106998701,55.9876653164227,137.662939925068,93.6665541308411,0.94816999466062,87.5705072004475,"best.mod","edm.noprice"
2005,"Small",1.79594563290977,0.280236907273934,0.633229204926493,139.02998724659,23.0748669072777,97.5509036491406,15.399861371117,276.405672951909,33.746623319906,139.02998724659,493.315069096528,39.1825398506221,243.511327268697,79.3775697031892,1.35930493336827,89.8416742269801,"best.mod","edm.noprice"
2005.5,"Large",0.510436460032053,0.119116536458279,0.41222117421166,20.626129076697,12.380494548123,20.2898301495876,32.4244817826531,18.6279255660892,13.4152459397518,20.626129076697,47.0401278863131,9.04413358987385,26.1746594653326,16.2537816872858,0.737483215691988,25.8834929969359,"best.mod","edm.noprice"
2005.5,"Medium",-0.690635897913713,0.0905120805023766,0.352048376402978,41.3750856534154,82.5426229530208,33.9291413105477,133.384790265725,31.5327140946946,105.055974255617,41.3750856534154,83.6612290296574,20.4622587150925,49.5857287181637,34.5240002936646,-0.688286900967697,41.4723898421355,"best.mod","edm.noprice"
2005.5,"Small",-1.00290182012154,0.187608601936107,0.598033016892713,29.1886700016122,79.5736048466277,23.0748669072777,97.5509036491406,15.399861371117,276.405672951909,29.1886700016122,96.5293062663792,8.82611187644843,42.4784897469861,20.0567030875543,-0.500765566104326,48.2268960301268,"best.mod","edm.noprice"
2006,"Large",0.072223092483381,0.126398874909238,0.414384148814774,23.4682960432438,21.8331031957104,12.380494548123,20.2898301495876,32.4244817826531,18.6279255660892,23.4682960432438,53.7540333561139,10.2459459279011,30.2183137323765,18.2260639707118,0.791956290193022,48.2011848862208,"best.mod","edm.noprice"
2006,"Medium",1.06197660150644,0.0893974306779752,0.351763447821015,113.692360143323,39.3115985519568,82.5426229530208,33.9291413105477,133.384790265725,31.5327140946946,113.692360143323,229.757200430627,56.259184611983,135.950529616795,95.0783552766841,2.06625366454668,310.372524645165,"best.mod","edm.noprice"
2006,"Small",1.15762276201776,0.164947823079747,0.591315724560176,151.018502479691,47.4548911709203,79.5736048466277,23.0748669072777,97.5509036491406,15.399861371117,151.018502479691,492.765701913201,46.2828236678406,210.040004132808,108.582115989618,1.6344791104994,243.29111021851,"best.mod","edm.noprice"
2006.5,"Large",-0.28250746075919,0.142826743368974,0.419686818749422,33.5129983058116,44.4533726162461,21.8331031957104,12.380494548123,20.2898301495876,32.4244817826531,33.5129983058116,77.579794272905,14.4769790377954,44.5934443003892,25.1857884732964,0.0781919956315694,48.0687764989239,"best.mod","edm.noprice"
2006.5,"Medium",-1.5894559613338,0.231645158507748,0.411588510616106,61.5370910552144,301.598318526067,39.3115985519568,82.5426229530208,33.9291413105477,133.384790265725,61.5370910552144,140.164554383945,27.0169130289869,97.8005711126269,38.7197491022508,-1.84783359182607,47.5253127506441,"best.mod","edm.noprice"
2006.5,"Small",-1.81214377704115,0.245042350103349,0.618459582444602,37.8025403316803,231.486158663977,47.4548911709203,79.5736048466277,23.0748669072777,97.5509036491406,37.8025403316803,130.229134210242,10.9732132075859,61.7109264457899,23.1568724994536,-1.62429642647558,45.6144090924,"best.mod","edm.noprice"
2007,"Large",0.0931300897582837,0.166074247950575,0.428156750551679,44.2170506015207,40.2850480973081,44.4533726162461,21.8331031957104,12.380494548123,20.2898301495876,44.2170506015207,104.107495510971,18.7800845107392,61.6367923601733,31.7204625521811,-0.371450596081194,27.7859303224289,"best.mod","edm.noprice"
2007,"Medium",1.24375336990231,0.249478001774188,0.421882561834862,152.812931613462,44.0559815963624,301.598318526067,39.3115985519568,82.5426229530208,33.9291413105477,152.812931613462,355.306084483702,65.7230289265472,251.683037385182,92.7825423235113,1.08664019003203,130.595051322414,"best.mod","edm.noprice"
2007,"Small",1.53076804131731,0.261186840390566,0.625032053071349,210.251797272526,45.4920600240547,231.486158663977,47.4548911709203,79.5736048466277,23.0748669072777,210.251797272526,733.897925761032,60.2342869554882,354.489784127054,124.702657835927,1.2018988761644,151.326035089233,"best.mod","edm.noprice"
2007.5,"Large",0.26428818193003,0.151813964045485,0.422829784771398,31.516771153147,24.1970721372173,40.2850480973081,44.4533726162461,21.8331031957104,12.380494548123,31.516771153147,73.4187528384133,13.5293344754302,42.697815078296,23.2636462099615,0.310905105796284,33.0207696088209,"best.mod","edm.noprice"
2007.5,"Medium",-1.09365271084488,0.167245383607692,0.379099777036585,41.3449592169023,123.42123997194,44.0559815963624,301.598318526067,39.3115985519568,82.5426229530208,41.3449592169023,88.2479144145108,19.370493501048,57.7683631787788,29.5906887193105,-1.05696597720715,42.8899375467655,"best.mod","edm.noprice"
2007.5,"Small",-1.64465176851615,0.196497687882624,0.600880889292209,27.0752537065009,140.228317268133,45.4920600240547,231.486158663977,47.4548911709203,79.5736048466277,27.0752537065009,90.0515191845441,8.14055520561626,40.1095932599619,18.276659115443,-1.90882146099976,20.7895502963218,"best.mod","edm.noprice"
2008,"Large",0.0935900557299161,0.129842973757349,0.41544764416804,30.9783116583387,28.2105855036596,24.1970721372173,40.2850480973081,44.4533726162461,21.8331031957104,30.9783116583387,71.1067752453035,13.4959824839553,40.164088811019,23.8933789265471,-0.193658807183346,23.2438009992854,"best.mod","edm.noprice"
2008,"Medium",0.944992488207978,0.195727764984174,0.392498382922534,104.639847226401,40.6716764352098,123.42123997194,44.0559815963624,301.598318526067,39.3115985519568,104.639847226401,229.412385380028,47.7284502727543,154.776162098173,70.74408280404,1.13562683721857,126.615986413483,"best.mod","edm.noprice"
2008,"Small",1.78922974121665,0.213330830129879,0.606594217625986,123.30278803205,20.6025175702144,140.228317268133,45.4920600240547,231.486158663977,47.4548911709203,123.30278803205,414.814510201613,36.6515084756491,188.916417529472,80.4777993109297,2.29164535982535,203.783598736402,"best.mod","edm.noprice"
2008.5,"Large",0.657701898770037,0.116252115518139,0.411402602778672,39.5458306893486,20.4863409952861,28.2105855036596,24.1970721372173,40.2850480973081,44.4533726162461,39.5458306893486,90.041031814661,17.3684451787456,49.8971806402573,31.3419055915333,0.962284063891023,53.6264509942925,"best.mod","edm.noprice"
2008.5,"Medium",-0.827542740411586,0.116930440053613,0.35974762045389,53.351937287941,122.052713624232,40.6716764352098,123.42123997194,44.0559815963624,301.598318526067,53.351937287941,109.552680146795,25.9822873211529,67.4085031864321,42.2265601196336,-0.509367227701304,73.3385068096262,"best.mod","edm.noprice"
2008.5,"Small",-1.79865025467253,0.212107900477547,0.606165211158123,32.549219303158,196.645701203194,20.6025175702144,140.228317268133,45.4920600240547,231.486158663977,32.549219303158,109.407977318007,9.68349569397175,49.7479464208632,21.2963901722135,-1.21658780781982,58.2541789018972,"best.mod","edm.noprice"
2009,"Large",-0.422675315480954,0.129580464409825,0.415365674998897,31.7218143045937,48.4087173532296,20.4863409952861,28.2105855036596,24.1970721372173,40.2850480973081,31.7218143045937,72.8014550989169,13.822161952778,41.106469646889,24.4796868088935,-0.10166247990711,43.7292593414929,"best.mod","edm.noprice"
2009,"Medium",0.682572849857339,0.100266847966329,0.354681636700023,141.094393891277,71.2971444446888,122.052713624232,40.6716764352098,123.42123997194,44.0559815963624,141.094393891277,286.80209114846,69.412422719198,172.425079871893,115.456684157187,1.03615275845593,200.940538354323,"best.mod","edm.noprice"
2009,"Small",1.21165774059854,0.215949618404524,0.607520155601802,194.575380070773,57.9257434874806,196.645701203194,20.6025175702144,140.228317268133,45.4920600240547,194.575380070773,655.802684178342,57.7301365838721,299.681092124308,126.332890277847,1.05582391008612,166.498419297926,"best.mod","edm.noprice"
2009.5,"Large",0.250734829074519,0.141636778518945,0.419283346008219,50.3075012273009,39.1507416741402,48.4087173532296,20.4863409952861,28.2105855036596,24.1970721372173,50.3075012273009,116.363729879952,21.7494289874161,66.7816106379443,37.8973291533178,0.70403593259795,79.1587475834059,"best.mod","edm.noprice"
2009.5,"Medium",-0.917656092700924,0.126559803183467,0.362991744249015,77.383032564046,193.721901218308,71.2971444446888,122.052713624232,40.6716764352098,123.42123997194,77.383032564046,159.932368267448,37.441662333134,99.6722342708985,60.0782532127563,-0.976474642307947,72.9627465340127,"best.mod","edm.noprice"
2009.5,"Small",-1.59413097378662,0.215574947586025,0.607387075759846,32.2716182052543,158.906999835747,57.9257434874806,196.645701203194,20.6025175702144,140.228317268133,32.2716182052543,108.74028168236,9.57747511292912,49.6668667497453,20.968855290052,-1.85584581890938,24.8404483269851,"best.mod","edm.noprice"
2010,"Large",-0.241302585098205,0.205802051829251,0.445075310197895,55.8171753170019,71.0500251489475,39.1507416741402,48.4087173532296,20.4863409952861,28.2105855036596,55.8171753170019,135.942532841825,22.9181919391925,84.2413359928774,36.9837090502975,0.222390937787176,88.7457150702596,"best.mod","edm.noprice"
2010,"Medium",0.801805867365291,0.12961110080493,0.364066834610034,155.888871534274,69.9190066345174,193.721901218308,71.2971444446888,122.052713624232,40.6716764352098,155.888871534274,322.878812932002,75.2645862624233,202.019775888881,120.291888065435,1.32861682756235,264.001385605037,"best.mod","edm.noprice"
2010,"Small",1.64370169628365,0.197050566138011,0.601061916435145,127.670031526305,24.6739334502452,158.906999835747,57.9257434874806,196.645701203194,20.6025175702144,127.670031526305,424.780637934363,38.3718924412139,189.341107328576,86.0860970969278,1.65867663920193,129.596269617249,"best.mod","edm.noprice"
2010.5,"Large",0.05276401792538,0.294914106620011,0.492657972120722,91.4630474875726,86.7621980258252,71.0500251489475,39.1507416741402,48.4087173532296,20.4863409952861,91.4630474875726,244.99822910057,34.1451000949072,164.969936019435,50.7091731837032,0.175034842787164,103.358741387125,"best.mod","edm.noprice"
2010.5,"Medium",-1.19317770069751,0.146518557080915,0.370423150167721,79.0794743852307,260.767981542651,69.9190066345174,193.721901218308,71.2971444446888,122.052713624232,79.0794743852307,165.885808658099,37.6980003270402,106.005445541062,58.9928492552961,-1.19702779942667,78.7755959577434,"best.mod","edm.noprice"
2010.5,"Small",-1.53598742311492,0.156639871939045,0.589052248323066,26.9961888340194,125.421883790639,24.6739334502452,158.906999835747,57.9257434874806,196.645701203194,26.9961888340194,87.6893274729294,8.31109363664605,36.9281984788584,19.735439084018,-2.50590014058211,10.2346905511429,"best.mod","edm.noprice"
2011,"Large",-0.0392738593452316,0.307758467797818,0.500452616849871,94.783093061354,98.5796557778989,86.7621980258252,71.0500251489475,39.1507416741402,48.4087173532296,94.783093061354,257.880496001348,34.8372012214151,175.406824206355,51.2171334891074,-0.144906399020012,85.2815819611417,"best.mod","edm.noprice"
2011,"Medium",1.18175890625162,0.1677053297823,0.37930291357765,245.585107856589,75.3304663380061,260.767981542651,69.9190066345174,193.721901218308,71.2971444446888,245.585107856589,524.397186044243,115.012145003852,343.454354141146,175.604252715768,1.41209194039314,309.196374991293,"best.mod","edm.noprice"
2011,"Small",2.25825357652215,0.17036172228595,0.592848731291224,91.832722671788,9.59953935730616,125.421883790639,24.6739334502452,158.906999835747,57.9257434874806,91.832722671788,300.565636017954,28.0579279289592,129.113535159732,65.3165366658142,2.76458495383908,152.368216377339,"best.mod","edm.noprice"
2011.5,"Large",0.0216332934138137,0.305499053978667,0.499066347485466,84.0956558373385,82.2959270589291,98.5796557778989,86.7621980258252,71.0500251489475,39.1507416741402,84.0956558373385,228.169233516598,30.994885777173,154.926842073148,45.647863443657,0.0308732660808327,84.8762984025984,"best.mod","edm.noprice"
2011.5,"Medium",-1.35498225645677,0.169058410504565,0.379903104453536,77.9100422721698,302.0332508228,75.3304663380061,260.767981542651,69.9190066345174,193.721901218308,77.9100422721698,166.560909579978,36.4429727368694,109.253588260791,55.5585842394679,-1.80568567916625,49.6427041567417,"best.mod","edm.noprice"
2011.5,"Small",-1.90047893421144,0.159113361402607,0.589714815440663,21.3219848357667,142.624831468119,9.59953935730616,125.421883790639,24.6739334502452,158.906999835747,21.3219848357667,69.3501509367813,6.55553061090086,29.3110745362894,15.5104186567367,-2.22857381024269,15.3581121965458,"best.mod","edm.noprice"
2012,"Large",-0.161091733414656,0.264354404199899,0.474995577064152,67.0453033715027,78.7643350900896,82.2959270589291,98.5796557778989,86.7621980258252,71.0500251489475,67.0453033715027,173.358155028676,25.9293986108313,113.758453211246,39.5141862190199,-0.236691287490446,62.1635618998823,"best.mod","edm.noprice"
2012,"Medium",1.29964100004243,0.219413688259861,0.404830815535206,169.74683333427,46.2780196757132,302.0332508228,75.3304663380061,260.767981542651,69.9190066345174,169.74683333427,381.446170993548,75.5388036848318,263.258249565898,109.451413106809,1.49602534486053,206.580972916685,"best.mod","edm.noprice"
2012,"Small",2.08945336738743,0.152294863122415,0.58791175112159,120.78969412482,14.9483002980877,142.624831468119,9.59953935730616,125.421883790639,24.6739334502452,120.78969412482,391.456528349977,37.2714443370413,163.799102894576,89.0734439257466,2.41076128894623,166.560547153361,"best.mod","edm.noprice"
2012.5,"Large",0.0354377426176227,0.267561992889897,0.476788178596991,60.9886702195973,58.8652168396252,78.7643350900896,82.2959270589291,98.5796557778989,86.7621980258252,60.9886702195973,158.263991340716,23.5026165057791,104.147909823214,35.7147627971474,0.074869913552202,63.4416308366028,"best.mod","edm.noprice"
2012.5,"Medium",-0.980703974162734,0.20485271786125,0.39712750927913,74.6678027039858,199.089197316079,46.2780196757132,302.0332508228,75.3304663380061,260.767981542651,74.6678027039858,165.22430854448,33.7437076284718,112.477636315772,49.5679047254265,-0.810580604190197,88.5150282054868,"best.mod","edm.noprice"
2012.5,"Small",-1.9931202434116,0.165118769439401,0.59136343291969,21.878180282704,160.550743172362,14.9483002980877,142.624831468119,9.59953935730616,125.421883790639,21.878180282704,71.3942027354657,6.70439271177296,30.4390810885291,15.7250073052592,-2.46807340730798,13.6063506339861,"best.mod","edm.noprice"
2013,"Large",-0.316715542922545,0.238981040964908,0.461356137004044,42.4879608030087,58.3194877076585,58.8652168396252,78.7643350900896,82.2959270589291,98.5796557778989,42.4879608030087,106.90419233184,16.8863986885979,68.5239173353444,26.3444777151827,-0.337152528882208,41.6284477882174,"best.mod","edm.noprice"
2013,"Medium",0.451472325729829,0.231343167010803,0.411418623221765,133.461455186088,84.9735800491341,199.089197316079,46.2780196757132,302.0332508228,75.3304663380061,133.461455186088,303.885187507381,58.6141106991454,211.98150811075,84.0260085850616,0.0853666450784865,92.5461121748542,"best.mod","edm.noprice"
2013,"Small",1.99196337031968,0.176311188034183,0.59458568499368,96.6044183061522,13.1794804406357,160.550743172362,14.9483002980877,142.624831468119,9.59953935730616,96.6044183061522,317.283548335734,29.4134810494332,137.448163651204,67.8976960358125,2.48124706212395,157.576045472077,"best.mod","edm.noprice"
2013.5,"Large",0.131568249208198,0.202268390170821,0.443452420077869,43.7568773735682,38.3625049259575,58.3194877076585,58.8652168396252,78.7643350900896,82.2959270589291,43.7568773735682,106.224378767684,18.0247165452756,65.5744132472491,29.1983446388796,0.206829189941917,47.177153448199,"best.mod","edm.noprice"
2013.5,"Medium",-0.326779349529497,0.162307216946612,0.376947284489568,62.5421081481301,86.7143522920944,84.9735800491341,199.089197316079,46.2780196757132,302.0332508228,62.5421081481301,132.918296740904,29.4279673116567,86.526826097366,45.2058103600252,-0.484716125297165,53.4049417858416,"best.mod","edm.noprice"
2013.5,"Small",-1.96583493304547,0.160773370740858,0.590164874007896,20.7658431020624,148.28623279835,13.1794804406357,160.550743172362,14.9483002980877,142.624831468119,20.7658431020624,67.6021120800164,6.37879833146434,28.6414858164851,15.0557915361806,-1.9559278589394,20.9725943072535,"best.mod","edm.noprice"
2014,"Large",-0.138705374940883,0.16295981808343,0.426958369774393,36.8250708449953,42.3041107049451,38.3625049259575,58.3194877076585,58.8652168396252,78.7643350900896,36.8250708449953,86.4957799224858,15.6780578654149,51.0139192696524,26.5826633623432,-0.843828645251813,18.1933404151374,"best.mod","edm.noprice"
2014,"Medium",0.795592644019561,0.122963873373577,0.361753696271562,111.37394873659,50.2645874726308,86.7143522920944,84.9735800491341,199.089197316079,46.2780196757132,111.37394873659,229.614275798758,54.0217127790955,142.425804443446,87.092058252028,0.163288549141379,59.1803376194899,"best.mod","edm.noprice"
2014,"Small",1.94048423915019,0.153968454676364,0.588347505143692,142.881277019147,20.5226635732222,148.28623279835,13.1794804406357,160.550743172362,14.9483002980877,142.881277019147,463.454894409041,44.0497221388801,194.406429326178,105.012264220797,1.73361821650333,116.180850392033,"best.mod","edm.noprice"
2014.5,"Large",0.923054124941695,0.17093744123284,0.430066455359929,40.8994585699755,16.2495091167835,42.3041107049451,38.3625049259575,58.3194877076585,58.8652168396252,40.8994585699755,96.6648398260942,17.3047999078729,57.5694305688034,29.0564922180003,1.31197939982514,60.3428279737265,"best.mod","edm.noprice"
2014.5,"Medium",0.265660590462917,0.0979357256462596,0.354029700687617,69.5433770155438,53.318859061752,50.2645874726308,86.7143522920944,84.9735800491341,199.089197316079,69.5433770155438,141.176388239779,34.257012429812,84.5905145269602,57.1728557719634,0.404576941942635,79.9072861183883,"best.mod","edm.noprice"
2014.5,"Small",-1.65199926792814,0.136589515421671,0.584040407417591,20.2788335859358,105.802794224043,20.5226635732222,148.28623279835,13.1794804406357,160.550743172362,20.2788335859358,65.2129765792023,6.30597027121785,26.649135003381,15.4313110558336,-1.20789698865424,31.6165254398685,"best.mod","edm.noprice"
2015,"Large",-0.481293752396107,0.19068688065388,0.438291037626975,34.0130691789389,55.0388109917058,16.2495091167835,42.3041107049451,38.3625049259575,58.3194877076585,34.0130691789389,81.7222999337749,14.1563425883607,49.805160326769,23.2282933611898,-0.457539742871873,34.8306883702158,"best.mod","edm.noprice"
2015,"Medium",0.0525662687960279,0.091716690230135,0.352360006070318,80.3087014264744,76.1962087685599,53.318859061752,50.2645874726308,86.7143522920944,84.9735800491341,80.3087014264744,162.486998396001,39.6923297769856,96.4776482359294,66.8495516084185,0.855604693243592,179.274186314995,"best.mod","edm.noprice"
2015,"Small",1.82506255966691,0.138425890771242,0.58447260757814,192.547500575953,31.0401125060903,105.802794224043,20.5226635732222,148.28623279835,13.1794804406357,192.547500575953,619.732599999619,59.8234463994136,253.964542564093,145.983134510558,1.86410328881929,200.213362153961,"best.mod","edm.noprice"
2015.5,"Large",0.63342299213161,0.15440343697651,0.423766408013639,56.6026592602742,30.0430987400008,55.0388109917058,16.2495091167835,42.3041107049451,38.3625049259575,56.6026592602742,132.103906519163,24.2525835893427,77.0814643727647,41.5646103950606,0.831554476252475,69.0055855708675,"best.mod","edm.noprice"
2015.5,"Medium",-0.698096228319197,0.144027060599678,0.369444741194252,86.5529925836797,173.964818405767,76.1962087685599,53.318859061752,50.2645874726308,86.7143522920944,86.5529925836797,181.20814442738,41.3415221973796,115.446934009676,64.8905974805937,-0.742476372626913,82.7957484684519,"best.mod","edm.noprice"
2015.5,"Small",-1.82128283723466,0.170559931565437,0.592905719342448,31.2460851631511,193.093964050161,31.0401125060903,105.802794224043,20.5226635732222,148.28623279835,31.2460851631511,102.279118536104,9.54562233226771,43.9483005986655,22.2151442654994,-1.78885537133985,32.2759238114381,"best.mod","edm.noprice"
2016,"Large",-0.442203267729658,0.171607012245576,0.430333026692673,41.1171804580779,63.9837610710516,30.0430987400008,55.0388109917058,16.2495091167835,42.3041107049451,41.1171804580779,97.2312443315655,17.3876467430263,57.9534484100955,29.1720781972939,-0.293241782887835,47.7217627034916,"best.mod","edm.noprice"
2016,"Medium",0.556665281810944,0.14296643739536,0.369032552537884,139.20424533636,79.7803284751281,173.964818405767,76.1962087685599,53.318859061752,50.2645874726308,139.20424533636,291.199136387849,66.5449154830467,185.281283243976,104.58596562152,0.437248822141059,123.535156783815,"best.mod","edm.noprice"
2016,"Small",1.55158568013266,0.176378069226445,0.594605520557477,150.614850735868,31.9170465233073,193.093964050161,31.0401125060903,105.802794224043,20.5226635732222,150.614850735868,494.692799124668,45.8564048280617,214.322536317444,105.844367335165,1.1444040623262,100.237693762124,"best.mod","edm.noprice"
2016.5,"Large",0.38329266858418,0.198099099776435,0.441566303676874,64.3328504958178,43.8501318816992,63.9837610710516,30.0430987400008,55.0388109917058,16.2495091167835,64.3328504958178,155.586679743136,26.6007068198255,95.6091564766341,43.2878586678955,0.0393762201703135,45.6112294717389,"best.mod","edm.noprice"
2016.5,"Medium",-0.618927351289328,0.120437369893224,0.360902732987576,64.3236067072515,119.444765247694,79.7803284751281,173.964818405767,76.1962087685599,53.318859061752,64.3236067072515,132.3873590779,31.253183148661,81.8428903018648,50.5544997808428,-0.833873900550023,51.8824274710595,"best.mod","edm.noprice"
2016.5,"Small",-1.45788999473617,0.153230589052909,0.588154839472464,22.0390650506473,94.6992951845704,31.9170465233073,193.093964050161,31.0401125060903,105.802794224043,22.0390650506473,71.459170294552,6.79717363502184,29.9424660177277,16.221789749017,-1.61221961052781,18.8872472760786,"best.mod","edm.noprice"
2017,"Large",-0.159957561206075,0.16501704071816,0.427747788934089,35.5265636862048,41.6890394246486,43.8501318816992,63.9837610710516,30.0430987400008,55.0388109917058,35.5265636862048,83.5776606589675,15.1013646158394,49.4180020091379,25.5400193459174,-0.197934541065227,34.2026699473219,"best.mod","edm.noprice"
2017,"Medium",0.919585008636804,0.0988088361591374,0.354272224023035,124.699189093959,49.7156285378335,119.444765247694,79.7803284751281,173.964818405767,76.1962087685599,124.699189093959,253.268147209758,61.3969341664292,151.945517961268,102.338574834796,1.05357493581662,142.578721248489,"best.mod","edm.noprice"
2017,"Small",2.03422293307045,0.173025590188732,0.593619707079825,138.029290890744,18.0517563074258,94.6992951845704,31.9170465233073,193.093964050161,31.0401125060903,138.029290890744,452.462700372264,42.1075264947287,195.100945888968,97.6524488745643,1.91163917214373,122.105100641466,"best.mod","edm.noprice"
2017.5,"Large",0.263946393235253,0.146372434440788,0.420906684164965,39.8109746723017,30.5754141413726,41.6890394246486,43.8501318816992,63.9837610710516,30.0430987400008,39.8109746723017,92.3842018282382,17.155678925552,53.3507208139778,29.7074468756456,0.372681384835063,44.3839364102981,"best.mod","edm.noprice"
2017.5,"Medium",-0.776610683136683,0.100493402654017,0.354745749217784,63.3386146768935,137.703917214899,49.7156285378335,119.444765247694,79.7803284751281,173.964818405767,63.3386146768935,128.764694888389,31.1559011782332,77.4383375351914,51.8061239029681,-0.521310585911624,81.7605838028627,"best.mod","edm.noprice"
2017.5,"Small",-1.52601323367977,0.144555968298365,0.585954716461995,25.1383132846612,115.631260785149,18.0517563074258,94.6992951845704,31.9170465233073,193.093964050161,25.1383132846612,81.1502634929614,7.78721802736458,33.5657111567052,18.8267959480292,-1.1094752935082,38.1273185761101,"best.mod","edm.noprice"
2018,"Large",-0.0910486449533307,0.123554624565085,0.413525443548571,37.1882896276587,40.7331624023402,30.5754141413726,41.6890394246486,43.8501318816992,63.9837610710516,37.1882896276587,85.0334581098792,16.2638203381494,47.6128730021095,29.0461129150798,-0.168238901677158,34.4257096933832,"best.mod","edm.noprice"
2018,"Medium",0.58386703268392,0.107204287896033,0.356704894772135,141.161412324736,78.7309994058189,137.703917214899,49.7156285378335,119.444765247694,79.7803284751281,141.161412324736,288.101772207931,69.1649488193103,174.917175613791,113.919883851264,0.660701059959357,152.434962727962,"best.mod","edm.noprice"
2018,"Small",1.61047120917548,0.145696338009889,0.586237089139599,185.03201332291,36.9681838184038,115.631260785149,18.0517563074258,94.6992951845704,31.9170465233073,185.03201332291,597.64864635517,57.285908975327,247.626492216898,138.26002883545,0.852584459571738,86.7163203578054,"best.mod","edm.noprice"
2018.5,"Large",0.34554820324616,0.106935425859159,0.408867622237691,42.8312733451466,30.3173549191726,40.7331624023402,30.5754141413726,41.6890394246486,43.8501318816992,42.8312733451466,97.0284045332452,18.9070199102171,53.0449343944259,34.584225568567,0.521948764905894,51.0941026773258,"best.mod","edm.noprice"
2018.5,"Medium",-0.742390972231484,0.113970378138443,0.358796418187423,69.9202993664146,146.899251097782,78.7309994058189,137.703917214899,49.7156285378335,119.444765247694,69.9202993664146,143.301220123745,34.1158872148288,87.8206590070636,55.6685444947051,-0.881289875815326,60.8527559514239,"best.mod","edm.noprice"
2018.5,"Small",-0.922820060515726,0.150514894829734,0.587453177146047,30.5235920063938,76.80885657809,36.9681838184038,115.631260785149,18.0517563074258,94.6992951845704,30.5235920063938,98.8304985907283,9.42714731037688,41.2449913122797,22.589159054942,-0.874041283609138,32.0494066496181,"best.mod","edm.noprice"
2019,"Large",-0.261058252036481,0.110765138528413,0.409885914766343,35.6345338506641,46.2644326086885,30.3173549191726,40.7331624023402,30.5754141413726,41.6890394246486,35.6345338506641,80.8897445618667,15.698158148873,44.471364902225,28.5536548191395,-0.636501745274607,24.4803737822038,"best.mod","edm.noprice"
2019,"Medium",0.797276315680743,0.100481451506867,0.354742363847386,127.330769942241,57.3694466172511,146.899251097782,78.7309994058189,137.703917214899,49.7156285378335,127.330769942241,258.856257189125,62.6336992975926,155.671978478355,104.149283207949,0.414499869546888,86.8351715912736,"best.mod","edm.noprice"
2019,"Small",1.50893702472672,0.146394776349249,0.586411060874303,143.53157989853,31.7412804219449,76.80885657809,36.9681838184038,115.631260785149,18.0517563074258,143.53157989853,463.764649070976,44.4219163091386,192.355386542403,107.100273085551,1.77402547839661,187.100056196842,"best.mod","edm.noprice"
2019.5,"Large",0.694092364597999,0.129049883518308,0.415200457185095,43.781106359974,21.8698723536702,46.2644326086885,30.3173549191726,40.7331624023402,30.5754141413726,43.781106359974,100.444293174121,19.0830679726184,56.6732393231355,33.8216995710156,0.513192198978378,36.5361505714671,"best.mod","edm.noprice"
2019.5,"Medium",-0.333765929091522,0.0914191939963791,0.352282687116543,59.9057534468669,83.6413889294929,57.3694466172511,146.899251097782,78.7309994058189,137.703917214899,59.9057534468669,121.18737791637,29.6128141209006,71.9240671337543,49.8956669033057,-0.408821891856452,55.5740623887195,"best.mod","edm.noprice"
2019.5,"Small",-1.70346367587171,0.175135004234074,0.594237975462228,33.1698156247069,182.199815157091,31.7412804219449,76.80885657809,36.9681838184038,115.631260785149,33.1698156247069,108.86583422135,10.1063540866275,47.0829200168271,23.3680635819493,-1.77880325230409,30.7626323497436,"best.mod","edm.noprice"
2020,"Large",-0.26795990523132,0.118170756837851,0.411948874233507,25.4506856115059,33.2715470038969,21.8698723536702,46.2644326086885,30.3173549191726,40.7331624023402,25.4506856115059,58.0114514962931,11.1656816264476,32.2360114565305,20.0935962244948,0.0980921900078588,36.7006614265975,"best.mod","edm.noprice"
2020,"Medium",0.805934721348123,0.0902576113321915,0.351983037964185,119.513365002233,53.3830609405261,83.6413889294929,57.3694466172511,146.899251097782,78.7309994058189,119.513365002233,241.626774631133,59.1136658425462,143.157214549701,99.7745343054165,1.29985282230692,195.849460823275,"best.mod","edm.noprice"
2020,"Small",1.54031448920198,0.185788170306524,0.597464430739793,142.619084242682,30.5652224203841,182.199815157091,31.7412804219449,76.80885657809,36.9681838184038,142.619084242682,471.11686822268,43.1744319980644,206.800315907569,98.3567317146284,2.20294858712683,276.666117600586,"best.mod","edm.noprice"
2020.5,"Large",0.263457548556174,0.128960589111255,0.415172711957982,44.1068035605447,33.891237418598,33.2715470038969,21.8698723536702,46.2644326086885,30.3173549191726,44.1068035605447,101.185905174215,19.226097913331,57.0846483230641,34.0793922267621,0.540060336617891,58.1611051167601,"best.mod","edm.noprice"
2020.5,"Medium",-0.96271165560464,0.12303898349562,0.361779233885445,72.9744887444384,191.104723128103,53.3830609405261,83.6413889294929,57.3694466172511,146.899251097782,72.9744887444384,150.455653341745,35.3943231060673,93.3343192470645,57.05592594955,-0.661878089749804,98.5874012100744,"best.mod","edm.noprice"
2020.5,"Small",-2.29946197026314,0.284697890355444,0.635216018804799,27.4124154439198,273.269366559901,30.5652224203841,182.199815157091,31.7412804219449,76.80885657809,27.4124154439198,97.6537507543391,7.69494786083949,48.4431918741157,15.511787960272,-1.92697390389819,39.7847668086075,"best.mod","edm.noprice"
2021,"Large",-0.220213723628112,0.138646237216493,0.418282591443769,43.9813669928706,54.8158721844766,33.891237418598,33.2715470038969,21.8698723536702,46.2644326086885,43.9813669928706,101.527657564024,19.0525487238958,58.0357117690514,33.3305232864069,-0.113774079318962,48.9209490709912,"best.mod","edm.noprice"
2021,"Medium",0.595375200602495,0.155001220707705,0.373859600695212,175.126580890082,96.5570312538102,191.104723128103,53.3830609405261,83.6413889294929,57.3694466172511,175.126580890082,369.898348170127,82.9128312845146,238.772561479938,128.445744117995,1.14973112444402,304.863750055276,"best.mod","edm.noprice"
2021,"Small",1.86670076197286,0.292229357310162,0.638627042214225,256.33587097975,39.637982737832,273.269366559901,30.5652224203841,182.199815157091,31.7412804219449,256.33587097975,919.419658486132,71.4669064822241,459.871588556375,142.883536156728,2.22347968253216,366.232179004331,"best.mod","edm.noprice"
2021.5,"Large",0.184624623809988,0.168908985124267,0.42926424550192,56.8309078904262,47.2501442535379,54.8158721844766,33.891237418598,33.2715470038969,21.8698723536702,56.8309078904262,134.103088552504,24.08409922927,79.6704140927741,40.5389143313495,-0.0870246505161892,43.312057324851,"best.mod","edm.noprice"
2021.5,"Medium",-1.16761937947315,0.189207533857861,0.389287957018552,93.3280756938106,299.987366029844,96.5570312538102,191.104723128103,53.3830609405261,83.6413889294929,93.3280756938106,203.302881689201,42.8431197843286,136.256078961345,63.9247054451101,-1.02718459502948,107.39952566157,"best.mod","edm.noprice"
2021.5,"Small",-2.52059546609446,0.455481100865736,0.727948854672663,29.0948540465446,361.823595478493,39.637982737832,273.269366559901,30.5652224203841,182.199815157091,29.0948540465446,124.768376574921,6.78465613825965,72.3505838889544,11.7001202545784,-2.46653768008875,30.7109450596497,"best.mod","edm.noprice"
2022,"Large",-0.0370885164658308,0.144033254445706,0.420098947388404,39.4611540770496,40.9521889625798,47.2501442535379,54.8158721844766,33.891237418598,33.2715470038969,39.4611540770496,91.4246048314333,17.0324245203329,52.6351030653461,29.584490015331,0.493458637374888,67.0785218286594,"best.mod","edm.noprice"
2022,"Medium",1.14034870051888,0.239510381751006,0.416065914943314,325.567663992212,104.086430511903,299.987366029844,96.5570312538102,191.104723128103,53.3830609405261,325.567663992212,748.223811923191,141.661227761389,525.626603110434,201.65323294163,1.10454066693992,314.115980875312,"best.mod","edm.noprice"
2022,"Small",1.62262225132697,0.454866302655173,0.727564330533435,154.307018993236,30.4571871124353,361.823595478493,39.637982737832,273.269366559901,30.5652224203841,154.307018993236,661.210938135099,36.0106809148306,383.245912720194,62.128923806587,1.50486708739803,137.165617650088,"best.mod","edm.noprice"
2022.5,"Large",-0.275372444171507,0.218044366645223,0.450866824058213,49.6091957831428,65.3363576186107,40.9521889625798,47.2501442535379,54.8158721844766,33.891237418598,49.6091957831428,122.23065365449,20.1346571638807,76.7278655930038,32.0753390861247,-0.54778868540566,37.7792486423378,"best.mod","edm.noprice"
2022.5,"Medium",-1.14748082976715,0.224251303101359,0.407473029234773,98.7008257534001,310.931970061348,104.086430511903,299.987366029844,96.5570312538102,191.104723128103,98.7008257534001,222.970476689756,43.691223829413,154.562094060886,63.0287332970883,-1.12543407688747,100.901022951624,"best.mod","edm.noprice"
2022.5,"Small",-1.5930249644636,0.315584920226687,0.64964632196901,27.3132203838602,134.342943790189,30.4571871124353,361.823595478493,39.637982737832,273.269366559901,27.3132203838602,100.149442160507,7.44898814854809,51.3436202716695,14.529789753625,-1.41553238717265,32.6179720194644,"best.mod","edm.noprice"
2023,"Large",0.611648544532285,0.199763319690246,0.44231542037814,65.7399756163671,35.6610355942239,65.3363576186107,40.9521889625798,47.2501442535379,54.8158721844766,65.7399756163671,159.228143423068,27.1418374989006,98.0261065641986,44.0876879182197,NA,NA,"best.mod","edm.noprice"
2023,"Medium",1.03793202901317,0.309962170653697,0.460241425609924,278.20513022476,98.5364658247311,310.931970061348,104.086430511903,299.987366029844,96.5570312538102,278.20513022476,698.434618306129,110.816520909408,517.124191539964,149.67022573995,NA,NA,"best.mod","edm.noprice"
2023,"Small",1.12033245855635,0.452911779759672,0.72634398326031,99.4780802786768,32.4468985604119,134.342943790189,30.4571871124353,361.823595478493,39.637982737832,99.4780802786768,425.227911571859,23.2719635438573,246.105641491446,40.2099212190339,NA,NA,"best.mod","edm.noprice"
2023.5,"Large",-0.383856539247339,0.187980676105283,0.437120443127089,43.8875053913393,64.4239980088583,35.6610355942239,65.3363576186107,40.9521889625798,47.2501442535379,43.8875053913393,105.200762733235,18.3089274206026,63.9173611231296,30.1344281996311,NA,NA,"best.mod","edm.noprice"
2023.5,"Medium",-1.01632401293367,0.237733300123031,0.415045472928559,98.6732329317295,272.636042036983,98.5364658247311,310.931970061348,104.086430511903,299.987366029844,98.6732329317295,226.309755243561,43.0224799046809,158.742011249919,61.3347835304332,NA,NA,"best.mod","edm.noprice"
2023.5,"Small",-1.1247817632928,0.216720559060401,0.607794621967677,31.6562171632186,97.4867359732173,32.4468985604119,134.342943790189,30.4571871124353,361.823595478493,31.6562171632186,106.753646213437,9.38718367596815,48.8315041924219,20.5219171855938,NA,NA,"best.mod","edm.noprice"
2024,"Large",0.338245877879346,0.191282716869206,0.438550595693915,60.3194465532247,43.0089687961715,64.4239980088583,35.6610355942239,65.3363576186107,40.9521889625798,60.3194465532247,145.003189664785,25.0921075660375,88.4307696653274,41.1444528443804,NA,NA,"best.mod","edm.noprice"
2024,"Medium",0.895078127610944,0.28282718868191,0.442421565103711,236.67096597572,96.6979999964997,272.636042036983,98.5364658247311,310.931970061348,104.086430511903,236.67096597572,573.360106540961,97.6927859069293,416.682784908592,134.426350606656,NA,NA,"best.mod","edm.noprice"
2024,"Small",1.74177807599424,0.135276881148901,0.583734816801904,177.060529096458,31.0225255237763,97.4867359732173,32.4468985604119,134.342943790189,30.4571871124353,177.060529096458,569.046003170104,55.0929639945931,232.07147560186,135.089548953022,NA,NA,"best.mod","edm.noprice"
2024.5,"Large",-0.246177566710637,0.183244225311735,0.435104577453192,46.2127617375338,59.1119766657305,43.0089687961715,64.4239980088583,35.6610355942239,65.3363576186107,46.2127617375338,110.328815962784,19.3568591194749,66.669290769805,32.0330293415587,NA,NA,"best.mod","edm.noprice"
2024.5,"Medium",-0.857710784036185,0.224731896722766,0.407737719638147,98.3703138004603,231.933305387145,96.6979999964997,272.636042036983,98.5364658247311,310.931970061348,98.3703138004603,222.341504578099,43.52187260567,154.192660538018,62.7573232307975,NA,NA,"best.mod","edm.noprice"
2024.5,"Small",-1.72146190310566,0.151219855587502,0.587634194458835,31.0254783618817,173.51614549607,31.0225255237763,97.4867359732173,32.4468985604119,134.342943790189,31.0254783618817,100.49190113028,9.57868541401836,41.9823151075408,22.9282331171559,NA,NA,"best.mod","edm.noprice"
2025,"Large",0.124373711325789,0.169413228981401,0.429462908019456,51.2855330516678,45.2876783456168,59.1119766657305,43.0089687961715,64.4239980088583,35.6610355942239,51.2855330516678,121.065839008744,21.7254175242922,71.9689778935152,36.5463839751252,NA,NA,"best.mod","edm.noprice"
2025,"Medium",0.644900027245186,0.219181789628474,0.404705176042814,183.720963351087,96.4011446763272,231.933305387145,96.6979999964997,272.636042036983,98.5364658247311,183.720963351087,412.744375210244,81.7779584699569,284.798434386385,118.51677642602,NA,NA,"best.mod","edm.noprice"
2025,"Small",1.58216133189301,0.157780083774048,0.589356476683785,147.931464338997,30.4044128016396,173.51614549607,31.0225255237763,97.4867359732173,32.4468985604119,147.931464338997,480.805124329296,45.5147356676096,202.818046666963,107.898278782924,NA,NA,"best.mod","edm.noprice"
2025.5,"Large",-0.174108442511393,0.151936534484047,0.422873808271032,42.2278210058929,50.2589033267194,45.2876783456168,59.1119766657305,43.0089687961715,64.4239980088583,42.2278210058929,98.3789527051467,18.1257150830844,57.2227953059317,31.1622117964042,NA,NA,"best.mod","edm.noprice"
2025.5,"Medium",-0.72600846695743,0.189885682048678,0.389618011465328,87.1114769189515,180.043251707097,96.4011446763272,231.933305387145,96.6979999964997,272.636042036983,87.1114769189515,189.886146814647,39.9629437865643,127.352649544561,59.5857992600758,NA,NA,"best.mod","edm.noprice"
2025.5,"Small",-1.7820678407358,0.140128519771225,0.584878195718265,24.3970019352628,144.970184042026,30.4044128016396,173.51614549607,31.0225255237763,97.4867359732173,24.3970019352628,78.5878136411035,7.57386770100833,32.2886989980622,18.4341184965346,NA,NA,"best.mod","edm.noprice"
2026,"Large",0.0523372857673271,0.137973572216764,0.418060107928128,43.6060351388807,41.3825078408572,50.2589033267194,45.2876783456168,59.1119766657305,43.0089687961715,43.6060351388807,100.616451415066,18.8983637744213,57.4630829424043,33.0905722973335,NA,NA,"best.mod","edm.noprice"
2026,"Medium",0.450890206312146,0.166159245281394,0.378621865987144,134.00241938539,85.3676862967686,180.043251707097,96.4011446763272,231.933305387145,96.6979999964997,134.00241938539,285.745509246048,62.8414019471986,186.825746488654,96.1144207296312,NA,NA,"best.mod","edm.noprice"
2026,"Small",1.84110204984022,0.15040688310905,0.587425512094902,150.707565889395,23.9086246893613,144.970184042026,30.4044128016396,173.51614549607,31.0225255237763,150.707565889395,487.939944404308,46.5482907820447,203.599550225033,111.556093278216,NA,NA,"best.mod","edm.noprice"
2026.5,"Large",-0.0890850459310583,0.121909929853043,0.413037017962551,39.0908929007294,42.733132992858,41.3825078408572,50.2589033267194,45.2876783456168,59.1119766657305,39.0908929007294,89.2966128941993,17.1126077266427,49.884452518241,30.6327488954102,NA,NA,"best.mod","edm.noprice"
2026.5,"Medium",-0.548866237135215,0.134907322920348,0.365985803534289,75.8509798543449,131.319969603354,85.3676862967686,180.043251707097,96.4011446763272,231.933305387145,75.8509798543449,157.707528324726,36.4812714141193,99.3436716930874,57.9138162180951,NA,NA,"best.mod","edm.noprice"
2026.5,"Small",-1.76624955736595,0.131934331314174,0.582969269818485,25.2511262387015,147.690713812206,23.9086246893613,144.970184042026,30.4044128016396,173.51614549607,25.2511262387015,81.0291768531412,7.86900967139862,32.8758853478354,19.3947438852721,NA,NA,"best.mod","edm.noprice"
2027,"Large",0.0720252687691391,0.116769106495736,0.411548990330964,41.1693396784156,38.30837451321,42.733132992858,41.3825078408572,50.2589033267194,45.2876783456168,41.1693396784156,93.7650117545215,18.0761938578335,51.9993911439625,32.594891829874,NA,NA,"best.mod","edm.noprice"
2027,"Medium",0.571541799305511,0.118170678256315,0.360152650706144,131.642699374201,74.3326009675255,131.319969603354,85.3676862967686,180.043251707097,96.4011446763272,131.642699374201,270.533715251707,64.0578209721568,166.739511973465,103.933375439435,NA,NA,"best.mod","edm.noprice"
2027,"Small",1.83872327339208,0.136273170774464,0.583966504901013,155.613137263175,24.7456512003713,147.690713812206,23.9086246893613,144.970184042026,30.4044128016396,155.613137263175,500.349096447665,48.3971064618894,204.367405114379,118.489778129419,NA,NA,"best.mod","edm.noprice"
2027.5,"Large",-0.0394817768889333,0.109001500719994,0.409412840992847,38.7833498179167,40.3452151084754,38.30837451321,42.733132992858,41.3825078408572,50.2589033267194,38.7833498179167,87.9542425398941,17.1014857232913,48.2306170335926,31.1865846968381,NA,NA,"best.mod","edm.noprice"
2027.5,"Medium",-0.538606797202505,0.107889617774518,0.356911462739201,75.2836996041817,129.007486279821,74.3326009675255,131.319969603354,85.3676862967686,180.043251707097,75.2836996041817,153.712898059332,36.8715670425067,93.4141538778011,60.6721271971991,NA,NA,"best.mod","edm.noprice"
2027.5,"Small",-1.82349659577023,0.132405272363602,0.583076030996866,24.6223717003863,152.498085848073,24.7456512003713,147.690713812206,23.9086246893613,144.970184042026,24.6223717003863,79.0284180849194,7.67143266743021,32.0874822528095,18.8940093016772,NA,NA,"best.mod","edm.noprice"
1987,"Large",NA,NA,NA,NA,NA,NA,NA,NA,NA,NA,NA,NA,NA,NA,NA,7.14587041101213,"price.mod","status.quo"
1987.5,"Large",NA,NA,NA,NA,4.66395382096754,NA,NA,NA,NA,NA,NA,NA,NA,NA,0.610136435090352,8.5848582505894,"price.mod","status.quo"
1988,"Large",NA,NA,NA,NA,5.75337832616216,4.66395382096754,NA,NA,NA,NA,NA,NA,NA,NA,-0.512831085078008,3.44511102628187,"price.mod","status.quo"
1988.5,"Large",NA,NA,NA,NA,2.24669069726174,5.75337832616216,4.66395382096754,NA,NA,NA,NA,NA,NA,NA,1.54489120541646,10.5312764352957,"price.mod","status.quo"
1989,"Large",NA,NA,NA,NA,6.88493530487261,2.24669069726174,5.75337832616216,4.66395382096754,NA,NA,NA,NA,NA,NA,1.05239836278623,19.721986874617,"price.mod","status.quo"
1989.5,"Large",0.0814392223865132,0.0699315754614831,0.249740978241836,15.7458499081692,14.514347025376,6.88493530487261,2.24669069726174,5.75337832616216,4.66395382096754,15.7458499081692,25.94707247389,9.55528950636259,18.1095601439316,13.6906577167017,0.137053480975411,16.646351965429,"price.mod","status.quo"
1990,"Large",0.15446259039606,0.0719798323116924,0.25032224676661,15.164215676497,12.993845601371,14.514347025376,6.88493530487261,2.24669069726174,5.75337832616216,15.164215676497,25.0176834798384,9.19163587902278,17.5122053273877,13.1310381978956,-0.0209747081748427,12.7241418482513,"price.mod","status.quo"
1990.5,"Large",0.348888032878715,0.0595933776769367,0.247045545658306,14.255200718191,10.0566466079658,12.993845601371,14.514347025376,6.88493530487261,2.24669069726174,14.255200718191,23.3643859285851,8.69745723842434,16.0596282096393,12.6535150666777,0.258337017950222,13.021095693464,"price.mod","status.quo"
1991,"Large",0.417221361012559,0.0511010879847932,0.245135579139165,14.5707745741875,9.60031989241862,10.0566466079658,12.993845601371,14.514347025376,6.88493530487261,14.5707745741875,23.790561807997,8.92402093759817,16.1386974607224,13.1551801010269,1.07655607502253,28.1726738311641,"price.mod","status.quo"
1991.5,"Large",-0.0459767606215863,0.0724881690409297,0.250468891516632,20.4500784735838,21.4122562584429,9.60031989241862,10.0566466079658,12.993845601371,14.514347025376,20.4500784735838,33.7481129395717,12.3919731549009,23.6405405433959,17.6901923544452,-0.158033482212266,18.2822381976969,"price.mod","status.quo"
1992,"Large",0.219325803641008,0.0582750025091032,0.24673083894013,17.7304922465906,14.2386497355295,21.4122562584429,9.60031989241862,10.0566466079658,12.993845601371,17.7304922465906,29.0421307751866,10.824631213871,19.9222239141995,15.7798826406293,-0.409529699655694,9.45392859910533,"price.mod","status.quo"
1992.5,"Large",0.515167190489334,0.0663682751530348,0.248766715847304,11.8503599621654,7.07941341429134,14.2386497355295,21.4122562584429,9.60031989241862,10.0566466079658,11.8503599621654,19.4898082553795,7.20535725096896,13.532508042244,10.3773100148557,0.745153566057287,14.9146599608939,"price.mod","status.quo"
1993,"Large",0.37096953545773,0.0692395045775306,0.24954807144277,16.3110884628846,11.2557106688933,7.07941341429134,14.2386497355295,21.4122562584429,9.60031989241862,16.3110884628846,26.8681425568518,9.9021213052258,18.7337022197435,14.2017634167183,-0.527888131417845,6.63917350400357,"price.mod","status.quo"
1993.5,"Large",0.652895857240642,0.0854561883787054,0.254524833953155,9.59386196376194,4.99395238798526,11.2557106688933,7.07941341429134,14.2386497355295,21.4122562584429,9.59386196376194,15.961398015084,5.76654922662386,11.3820310932272,8.08662238099902,0.66044053333144,9.66651828429478,"price.mod","status.quo"
1994,"Large",0.431488503708379,0.061155474296128,0.247427005403712,11.1768818983846,7.2598489668284,4.99395238798526,11.2557106688933,7.07941341429134,14.2386497355295,11.1768818983846,18.3329784603521,6.81409675141451,12.6310551680585,9.89012297930128,0.434469950886364,11.2102549065887,"price.mod","status.quo"
1994.5,"Large",0.483723081613612,0.0538937093118706,0.245732909619482,12.9457036626365,7.98081780454423,7.2598489668284,4.99395238798526,11.2557106688933,7.07941341429134,12.9457036626365,21.1624797131421,7.91926303498006,14.4190664269882,11.6228914104397,0.625487799327689,14.9174055262332,"price.mod","status.quo"
1995,"Large",0.254041831598234,0.0546506093139153,0.24590002046573,13.7561986601862,10.6701241703459,7.98081780454423,7.2598489668284,4.99395238798526,11.2557106688933,13.7561986601862,22.4949215559274,8.41225434407638,15.3450163383454,12.3318866142643,0.283183857837616,14.1629805993173,"price.mod","status.quo"
1995.5,"Large",0.344399053711215,0.0501547224139925,0.24494004806705,14.2779898445226,10.1180415874083,10.6701241703459,7.98081780454423,7.2598489668284,4.99395238798526,14.2779898445226,23.3034000762922,8.74812230545229,15.7845028218531,12.9152622861236,0.536858314891243,17.308166480047,"price.mod","status.quo"
1996,"Large",0.173187462650484,0.0504882091021662,0.245008551330373,15.5234236477768,13.0548880080025,10.1180415874083,10.6701241703459,7.98081780454423,7.2598489668284,15.5234236477768,25.3395695798611,9.50989640881176,17.1727960115919,14.0324663255589,-0.651906664558627,6.80226713675773,"price.mod","status.quo"
1996.5,"Large",0.675975695573421,0.0705065592428965,0.249902592749528,9.757736751341,4.96336921688209,13.0548880080025,10.1180415874083,10.6701241703459,7.98081780454423,9.757736751341,16.0846543066789,5.9195196050272,11.2354459951125,8.47437890315074,0.779176665386796,10.8185413426617,"price.mod","status.quo"
1997,"Large",0.431701499253105,0.0545043524320286,0.245867556624901,12.1013463353453,7.85865297512453,4.96336921688209,13.0548880080025,10.1180415874083,10.6701241703459,12.1013463353453,19.7875277389189,7.40075188068824,13.4950832939738,10.8515508898985,-0.240618304862747,6.17801430322705,"price.mod","status.quo"
1997.5,"Large",0.700541163613016,0.080041896229609,0.252758454099355,8.55645726556392,4.24671214255765,7.85865297512453,4.96336921688209,13.0548880080025,10.1180415874083,8.55645726556392,14.1852563760212,5.16120110886265,10.0419370216624,7.29072098136917,1.04060731692264,12.0221692989969,"price.mod","status.quo"
1998,"Large",0.354991234141148,0.0620951429648118,0.247660933024336,11.9026643908326,8.34590533298364,4.24671214255765,7.85865297512453,4.96336921688209,13.0548880080025,11.9026643908326,19.5325858378143,7.25318300286282,13.4765691551197,10.5125731905566,-0.0980708023631223,7.56627019220878,"price.mod","status.quo"
1998.5,"Large",0.624005594196776,0.0735122280833815,0.250767180158105,10.094329864051,5.4084809746588,8.34590533298364,4.24671214255765,7.85865297512453,4.96336921688209,10.094329864051,16.6682919152498,6.11313360255274,11.6930929668888,8.71416106010681,0.973279375904727,14.3141369712653,"price.mod","status.quo"
1999,"Large",0.225489489951078,0.059200349232688,0.246951032222861,13.5973202105074,10.8523672946907,5.4084809746588,8.34590533298364,4.24671214255765,7.85865297512453,13.5973202105074,22.2819023335282,8.29763608778005,15.3064365342483,12.0790437730811,0.151007381393711,12.6213600588856,"price.mod","status.quo"
1999.5,"Large",0.419000575762795,0.0518088181912513,0.245284089596203,13.9840005984982,9.19733056477768,10.8523672946907,5.4084809746588,8.34590533298364,4.24671214255765,13.9840005984982,22.8392841169216,8.56210167261391,15.510721556036,12.6075548472921,0.367480505757245,13.2817882412885,"price.mod","status.quo"
2000,"Large",0.330996726509151,0.0524547798336804,0.245421341561943,13.3102386695945,9.55951350659522,9.19733056477768,10.8523672946907,5.4084809746588,8.34590533298364,13.3102386695945,21.7448347586425,8.14733500658845,14.782486323247,11.9846181195489,0.65182611476802,18.3451081312111,"price.mod","status.quo"
2000.5,"Large",0.205905064083272,0.0524913556969721,0.245429161652747,16.1316684487527,13.1297317831816,9.55951350659522,9.19733056477768,10.8523672946907,5.4084809746588,16.1316684487527,26.3545951218542,9.87420697367078,17.9173055408551,14.5239877919759,0.313252237697957,17.9597204573771,"price.mod","status.quo"
2001,"Large",0.17439931439248,0.0494307481861202,0.244792830436073,16.3325892861761,13.718744921723,13.1297317831816,9.55951350659522,9.19733056477768,10.8523672946907,16.3325892861761,26.6489064332279,10.0099219252879,18.0297640547315,14.7951726922855,0.0792879318291049,14.8507604387454,"price.mod","status.quo"
2001.5,"Large",0.305654130789478,0.0438391112978426,0.243725252376623,15.1570198057646,11.1652876372669,13.718744921723,13.1297317831816,9.55951350659522,9.19733056477768,15.1570198057646,24.6780524268134,9.30929416223811,16.5459606202987,13.8846728010762,0.182584334443387,13.4018664130013,"price.mod","status.quo"
2002,"Large",0.345853800714642,0.0455168338938558,0.244032606703254,15.182053939172,10.7430632552523,11.1652876372669,13.718744921723,13.1297317831816,9.55951350659522,15.182053939172,24.7340115387093,9.31893968963336,16.6289929677178,13.8610174566428,0.217131796108908,13.3483404174564,"price.mod","status.quo"
2002.5,"Large",0.327151279107281,0.0470147471940228,0.244316428879398,15.6083260558953,11.2532076707808,10.7430632552523,11.1652876372669,13.718744921723,13.1297317831816,15.6083260558953,25.4429159140692,9.57515416432385,17.1471844444104,14.2075711063198,0.218507774293999,14.0014513009392,"price.mod","status.quo"
2003,"Large",0.275907633766283,0.0455131070306446,0.24403191159815,15.4815597164111,11.7486928335576,11.2532076707808,10.7430632552523,11.1652876372669,13.718744921723,15.4815597164111,25.2219196333189,9.5027933931,16.9569170142788,14.1345676841478,0.295022181441905,15.7803290514298,"price.mod","status.quo"
2003.5,"Large",0.193936256966364,0.0473065401095693,0.244372747465429,16.2804768779747,13.4103982580291,11.7486928335576,11.2532076707808,10.7430632552523,11.1652876372669,16.2804768779747,26.54156904954,9.98636994216672,17.8960448910195,14.8107544984578,0.519418399177725,22.5435455053521,"price.mod","status.quo"
2004,"Large",-0.0234228756559451,0.0656584271577934,0.24857827745702,19.3180981705424,19.775924454676,13.4103982580291,11.7486928335576,11.2532076707808,10.7430632552523,19.3180981705424,31.7597238193018,11.7503829394105,22.0289883849766,16.9408104632358,0.577299721395942,35.2253143784838,"price.mod","status.quo"
2004.5,"Large",-0.104589368644245,0.0902185771214369,0.256163078183568,27.3149206869888,30.3265166522648,19.775924454676,13.4103982580291,11.7486928335576,11.2532076707808,27.3149206869888,45.5932306374595,16.364378696242,32.7161962171054,22.8053679341364,-0.220757798310307,24.3191636845117,"price.mod","status.quo"
2005,"Large",0.0910352185393409,0.0748792592526564,0.251171324861917,22.8841196182297,20.8928706804357,30.3265166522648,19.775924454676,13.4103982580291,11.7486928335576,22.8841196182297,37.8180254709258,13.8474424346678,26.5811341600626,19.7013012141621,-0.35686653251583,14.6222077599464,"price.mod","status.quo"
2005.5,"Large",0.337132850421153,0.0760138810708368,0.251511910418007,17.9772348656326,12.8324019843284,20.8928706804357,30.3265166522648,19.775924454676,13.4103982580291,17.9772348656326,29.7292095370655,10.8708229531358,20.9289630163415,15.44180536617,0.701632052152539,25.8834929969359,"price.mod","status.quo"
2006,"Large",0.245012872779167,0.0881365358155995,0.255437232822936,29.4795176482465,23.0734552270583,12.8324019843284,20.8928706804357,30.3265166522648,19.775924454676,29.4795176482465,49.1349291974485,17.6868467090089,35.1620992553668,24.7153036700627,0.736700771047751,48.2011848862208,"price.mod","status.quo"
2006.5,"Large",-0.0812946093136518,0.0895919016999508,0.25594304018058,40.9878619835796,44.4591407952258,23.0734552270583,12.8324019843284,20.8928706804357,30.3265166522648,40.9878619835796,68.3855848118561,24.5666515042173,49.0313444910914,34.2638948089667,0.078062246088644,48.0687764989239,"price.mod","status.quo"
2007,"Large",-0.0813990174258974,0.118888887825443,0.267609227447476,41.6235634112567,45.1533941716121,44.4591407952258,23.0734552270583,12.8324019843284,20.8928706804357,41.6235634112567,71.0856074857535,24.3723180026017,52.7964635745007,32.8150961968534,-0.485535663415218,27.7859303224289,"price.mod","status.quo"
2007.5,"Large",0.234078315800363,0.103625586911682,0.261186510427807,31.4898187589068,24.9178886144639,45.1533941716121,44.4591407952258,23.0734552270583,12.8324019843284,31.4898187589068,53.0925862809585,18.6769708339569,38.7416579303657,25.5954117206631,0.281550781790758,33.0207696088209,"price.mod","status.quo"
2008,"Large",0.269258499003883,0.10559317794458,0.26197337688227,38.1704334174942,29.1601404195457,24.9178886144639,45.1533941716121,44.4591407952258,23.0734552270583,38.1704334174942,64.4576214051107,22.6037193976232,47.1459249274688,30.9036674860199,-0.22676424981767,23.2438009992854,"price.mod","status.quo"
2008.5,"Large",0.745499261492022,0.100557834731407,0.259984632416097,41.5685242434802,19.7241542869151,29.1601404195457,24.9178886144639,45.1533941716121,44.4591407952258,41.5685242434802,69.9172581830253,24.7141013919266,50.8285864434914,33.9954802737203,1.00019844442605,53.6264509942925,"price.mod","status.quo"
2009,"Large",-0.242519861128922,0.0841478248203833,0.254088542419107,38.5371499567539,49.1139236068657,19.7241542869151,29.1601404195457,24.9178886144639,45.1533941716121,38.5371499567539,64.0586964334611,23.1836114294326,45.6004853282316,32.5678973830986,-0.116125142913405,43.7292593414929,"price.mod","status.quo"
2009.5,"Large",0.181871708677053,0.094123884232575,0.257564431841222,50.5838575183544,42.1721814086092,49.1139236068657,19.7241542869151,29.1601404195457,24.9178886144639,50.5838575183544,84.6700016973911,30.219990435125,61.0614218094793,41.9041444763731,0.629694503935974,79.1587475834059,"price.mod","status.quo"
2010,"Large",-0.10220753949938,0.131028281197044,0.273218852644022,67.8056254540337,75.1024140180614,42.1721814086092,49.1139236068657,19.7241542869151,29.1601404195457,67.8056254540337,117.106393540288,39.2600498078782,88.1201941517319,52.1742250737238,0.166922443989248,88.7457150702596,"price.mod","status.quo"
2010.5,"Large",0.177412963771403,0.171811244151519,0.294956326569811,89.8552650313398,75.2478435257279,75.1024140180614,42.1721814086092,49.1139236068657,19.7241542869151,89.8552650313398,162.083699058485,49.8135759533657,126.70007735041,63.7250491293893,0.317418617225061,103.358741387125,"price.mod","status.quo"
2011,"Large",-0.0319604692500012,0.182056422422233,0.301039319544552,87.6539630893241,90.5006736688775,75.2478435257279,75.1024140180614,42.1721814086092,49.1139236068657,87.6539630893241,160.04827114226,48.0056247432707,126.154793165426,60.9030941471215,-0.0593987840866889,85.2815819611417,"price.mod","status.quo"
2011.5,"Large",0.0994925191026034,0.171134690717334,0.294562749399142,81.3741476326226,73.6677491297408,90.5006736688775,75.2478435257279,75.1024140180614,42.1721814086092,81.3741476326226,146.669700713246,45.1473744797642,114.586157507583,57.788410458721,0.141629776772767,84.8762984025984,"price.mod","status.quo"
2012,"Large",-0.0635261804452282,0.176170133016285,0.29751646464295,69.6311794895524,74.1981063266677,73.6677491297408,90.5006736688775,75.2478435257279,75.1024140180614,69.6311794895524,126.247640324829,38.4046873639087,99.0428628217701,48.9535643353852,-0.176969622104378,62.1635618998823,"price.mod","status.quo"
2012.5,"Large",-0.00391377906672674,0.180501158632284,0.300101314949237,55.7190740219417,55.9375734678365,74.1981063266677,73.6677491297408,90.5006736688775,75.2478435257279,55.7190740219417,101.547346759725,30.573080527732,79.9438767315678,38.8349344163926,0.125883974326512,63.4416308366028,"price.mod","status.quo"
2013,"Large",-0.295907796866049,0.169302454419185,0.293502047759508,42.6397603262546,57.3225996861142,55.9375734678365,74.1981063266677,73.6677491297408,90.5006736688775,42.6397603262546,76.691528655347,23.7073010873369,59.8231115950079,30.3920861386982,-0.319911181224012,41.6284477882174,"price.mod","status.quo"
2013.5,"Large",0.148557000347511,0.166594469346597,0.291948365612035,40.278343132943,34.7179530776213,57.3225996861142,55.9375734678365,74.1981063266677,73.6677491297408,40.278343132943,72.2195413061552,22.4640713052663,56.20483987463,28.8648616231962,0.306652805376711,47.177153448199,"price.mod","status.quo"
2014,"Large",-0.169925069347303,0.134211477377706,0.274759625175481,31.7445626448648,37.6241647971511,34.7179530776213,57.3225996861142,55.9375734678365,74.1981063266677,31.7445626448648,54.9949138633168,18.3238264545391,41.5187200117231,24.2713951015159,-0.726590908875589,18.1933404151374,"price.mod","status.quo"
2014.5,"Large",1.0274215863098,0.152949402248963,0.284382929542157,38.9610763043344,13.9452858319875,37.6241647971511,34.7179530776213,57.3225996861142,55.9375734678365,38.9610763043344,68.8086155666321,22.0606889746563,52.9030984388536,28.6933187580054,1.46490058198245,60.3428279737265,"price.mod","status.quo"
2015,"Large",-0.35990501984231,0.11623767757172,0.266441979901688,34.6115745444331,49.6050761570718,13.9452858319875,37.6241647971511,34.7179530776213,57.3225996861142,34.6115745444331,58.9725517059417,20.313875825118,43.6700933741766,27.4320707808067,-0.353594322472505,34.8306883702158,"price.mod","status.quo"
2015.5,"Large",0.55924310244565,0.0974191822400128,0.258786838991045,56.9589162988767,32.5600845809288,49.6050761570718,13.9452858319875,37.6241647971511,34.7179530776213,56.9589162988767,95.5742965391065,33.9455090272619,69.2116087980362,46.8753465247365,0.75110031279805,69.0055855708675,"price.mod","status.quo"
2016,"Large",-0.190042995226141,0.119495602766631,0.267879319931988,52.9603533163552,64.0450395113498,32.5600845809288,49.6050761570718,13.9452858319875,37.6241647971511,52.9603533163552,90.4956897818503,30.9937305318569,67.257920501522,41.702137123459,-0.294199043202684,47.7217627034916,"price.mod","status.quo"
2016.5,"Large",0.178959994938044,0.147800570186791,0.28164718978574,52.3264133994981,43.7521732109983,64.0450395113498,32.5600845809288,49.6050761570718,13.9452858319875,52.3264133994981,91.908696918788,29.7910168574641,70.3232465312706,38.9352550445412,0.0416126615842015,45.6112294717389,"price.mod","status.quo"
2017,"Large",-0.0747434826857304,0.108525308082878,0.263168906714201,36.8688201138523,39.7301240905552,43.7521732109983,64.0450395113498,32.5600845809288,49.6050761570718,36.8688201138523,62.4086585092721,21.7807901829142,45.8060796906683,29.6753161538188,-0.149805983511594,34.2026699473219,"price.mod","status.quo"
2017.5,"Large",0.314150261456912,0.127894901699583,0.27173008086594,42.8708558498187,31.3132704206171,39.7301240905552,43.7521732109983,64.0450395113498,32.5600845809288,42.8708558498187,73.8216763516886,24.8966207776165,55.3669058344951,33.1951055164594,0.348835628620957,44.3839364102981,"price.mod","status.quo"
2018,"Large",-0.127252782085138,0.106135920801645,0.262192609833071,35.536864831153,40.3593619222047,31.3132704206171,39.7301240905552,43.7521732109983,64.0450395113498,35.536864831153,60.0366868751694,21.0349509234819,43.9407636075623,28.7402552515109,-0.159019725660945,34.4257096933832,"price.mod","status.quo"
2018.5,"Large",0.41603116400198,0.0818363373215829,0.253332424045711,48.1400923496885,31.7560794804414,40.3593619222047,31.3132704206171,39.7301240905552,43.7521732109983,48.1400923496885,79.900347248465,29.0044858532334,56.7007832943181,40.8718955328571,0.475584896353227,51.0941026773258,"price.mod","status.quo"
2019,"Large",-0.193477798563638,0.08061505536765,0.252940542654975,38.4076521985369,46.6062435682489,31.7560794804414,40.3593619222047,31.3132704206171,39.7301240905552,38.4076521985369,63.6970213605807,23.1588183543646,45.1272748007644,32.6886069215681,-0.643862787899628,24.4803737822038,"price.mod","status.quo"
2019.5,"Large",0.662544676192802,0.0858729695523354,0.25466506997702,43.5316916965774,22.4422320099205,46.6062435682489,31.7560794804414,40.3593619222047,31.3132704206171,43.5316916965774,72.4443990179707,26.1581048038756,51.6884915775701,36.6620910018622,0.48735765566431,36.5361505714671,"price.mod","status.quo"
2020,"Large",0.0759010076622205,0.0812600765901619,0.253146856615094,35.7402892340478,33.1279585409841,22.4422320099205,46.6062435682489,31.7560794804414,40.3593619222047,35.7402892340478,59.2978065129103,21.5415771619695,42.0474505515798,30.3792086744104,0.102417182658322,36.7006614265975,"price.mod","status.quo"
2020.5,"Large",0.357492098953856,0.0973114321884512,0.258746296207756,48.4714431356881,33.9022954421545,33.1279585409841,22.4422320099205,46.6062435682489,31.7560794804414,48.4714431356881,81.3261339436828,28.8896162368081,58.88566530352,39.899027845675,0.539734110112561,58.1611051167601,"price.mod","status.quo"
2021,"Large",-0.215318250511146,0.0945055473363853,0.257704151002684,42.153458556252,52.2811029296427,33.9022954421545,33.1279585409841,22.4422320099205,46.6062435682489,42.153458556252,70.5784626692276,25.1764348648584,50.9236692030551,34.8936770673046,-0.066429274021153,48.9209490709912,"price.mod","status.quo"
2021.5,"Large",0.134714277899276,0.0948032617012494,0.257813477917389,48.7515669858875,42.6071918726642,52.2811029296427,33.9022954421545,33.1279585409841,22.4422320099205,48.7515669858875,81.6436704634788,29.110833333279,58.9296207737177,40.3314199612071,0.0164079940755796,43.312057324851,"price.mod","status.quo"
2022,"Large",0.0999379576569367,0.083994255503574,0.254037725395784,41.2738941783202,37.3484809559886,42.6071918726642,52.2811029296427,33.9022954421545,33.1279585409841,41.2738941783202,68.6008996225965,24.8325364538229,48.8238395475726,34.8914455812779,0.585571660535611,67.0785218286594,"price.mod","status.quo"
2022.5,"Large",-0.291553873458917,0.167250118638427,0.292322994564629,46.9530008290426,62.8468611894902,37.3484809559886,42.6071918726642,52.2811029296427,33.9022954421545,46.9530008290426,84.2503824057308,26.1670537735402,65.6047010880646,33.6040596220803,-0.508941018326083,37.7792486423378,"price.mod","status.quo"
2023,"Large",0.349930507239406,0.132555313298678,0.273954452510586,51.699440891452,36.4345120881752,62.8468611894902,37.3484809559886,42.6071918726642,52.2811029296427,51.699440891452,89.4210284425528,29.8904210233487,67.3941078567978,39.6597309985629,NA,NA,"price.mod","status.quo"
2023.5,"Large",-0.348077310083717,0.123833444441915,0.269842274169584,34.8822691306823,49.4052138605628,36.4345120881752,62.8468611894902,37.3484809559886,42.6071918726642,34.8822691306823,59.8393338019873,20.3339947555522,44.6853425711519,27.2297945969172,NA,NA,"price.mod","status.quo"
2024,"Large",0.349459766773989,0.11708921511821,0.266814570935814,47.2781107921323,33.3343250260953,49.4052138605628,36.4345120881752,62.8468611894902,37.3484809559886,47.2781107921323,80.6143405631464,27.72732177003,59.7533851639707,37.4074163989106,NA,NA,"price.mod","status.quo"
2024.5,"Large",-0.281136798023584,0.105788342388579,0.262052102361319,34.1075787999854,45.1800857868634,33.3343250260953,49.4052138605628,36.4345120881752,62.8468611894902,34.1075787999854,57.6058322269856,20.1946033348382,42.1441673545938,27.6035096816406,NA,NA,"price.mod","status.quo"
2025,"Large",0.426488902148878,0.0851874559559514,0.254434733515122,49.9297745572645,32.5940125429458,45.1800857868634,33.3343250260953,49.4052138605628,36.4345120881752,49.9297745572645,83.0536659325985,30.016524368261,59.2041962061304,42.1082042674724,NA,NA,"price.mod","status.quo"
2025.5,"Large",-0.265487148858068,0.0910360937830963,0.256452142392979,36.5886965710813,47.7140786723517,32.5940125429458,45.1800857868634,33.3343250260953,49.4052138605628,36.5886965710813,61.1080519500213,21.9076320394826,43.8954883363347,30.4981848365157,NA,NA,"price.mod","status.quo"
2026,"Large",0.366746972504982,0.0821068307897519,0.253419933369499,50.4556798263486,34.9650276251322,47.7140786723517,32.5940125429458,45.1800857868634,33.3343250260953,50.4556798263486,83.7582933166579,30.3943111294592,59.4603072751866,42.8147068759159,NA,NA,"price.mod","status.quo"
2026.5,"Large",-0.258418167986716,0.0926964512507525,0.257046227440022,37.2363766769062,48.2166462406171,34.9650276251322,47.7140786723517,32.5940125429458,45.1800857868634,37.2363766769062,62.2637009068591,22.2689581221424,44.8211019251441,30.9351552833334,NA,NA,"price.mod","status.quo"
2027,"Large",0.327364229718159,0.0869147309394795,0.255018237428123,49.3658740236959,35.5839661202061,48.2166462406171,34.9650276251322,47.7140786723517,32.5940125429458,49.3658740236959,82.2115539423932,29.642907854911,58.73811520149,41.4890656563252,NA,NA,"price.mod","status.quo"
2027.5,"Large",-0.256026211932837,0.0942783074893125,0.2576209041008,36.5193464425437,47.1752019267494,35.5839661202061,48.2166462406171,34.9650276251322,47.7140786723517,36.5193464425437,61.1349654155923,21.8150555173191,44.097309638735,30.2436288180956,NA,NA,"price.mod","status.quo"
1987,"Medium",NA,NA,NA,NA,NA,NA,NA,NA,NA,NA,NA,NA,NA,NA,NA,61.588251470677,"price.mod","status.quo"
1987.5,"Medium",NA,NA,NA,NA,54.5415494554108,NA,NA,NA,NA,NA,NA,NA,NA,NA,-0.840375669347766,23.5373169544311,"price.mod","status.quo"
1988,"Medium",NA,NA,NA,NA,20.7723982842426,54.5415494554108,NA,NA,NA,NA,NA,NA,NA,NA,0.655793285526642,40.0215630621078,"price.mod","status.quo"
1988.5,"Medium",NA,NA,NA,NA,36.1814989387385,20.7723982842426,54.5415494554108,NA,NA,NA,NA,NA,NA,NA,-0.836167061539971,15.67991897669,"price.mod","status.quo"
1989,"Medium",NA,NA,NA,NA,13.9463370565353,36.1814989387385,20.7723982842426,54.5415494554108,NA,NA,NA,NA,NA,NA,2.59731038121477,187.265477978117,"price.mod","status.quo"
1989.5,"Medium",-1.12142398363182,0.271865011312746,0.577886616643792,55.3929126892749,170.013124906912,13.9463370565353,36.1814989387385,20.7723982842426,54.5415494554108,55.3929126892749,175.954403255405,17.4384654173602,95.4098362417348,32.1599417530437,-1.49357362067379,38.179625854383,"price.mod","status.quo"
1990,"Medium",1.05766590723172,0.241654094101611,0.564304047935153,97.8605593675321,33.9835877422949,170.013124906912,13.9463370565353,36.1814989387385,20.7723982842426,97.8605593675321,302.521302873189,31.656246977558,158.674001120694,60.3544941961971,1.36637839873634,133.253868343756,"price.mod","status.quo"
1990.5,"Medium",-1.22431024823222,0.229819279053277,0.559338232507395,35.9477848661083,122.287852633764,33.9835877422949,170.013124906912,13.9463370565353,36.1814989387385,35.9477848661083,110.0289959066,11.7445699302477,56.9233726143119,22.7014524514506,-1.23078180468435,35.7158978911478,"price.mod","status.quo"
1991,"Medium",0.989834272312606,0.184979724174994,0.54245723856889,85.589131785151,31.8081974383853,122.287852633764,33.9835877422949,170.013124906912,13.9463370565353,85.589131785151,253.27422299357,28.923193971942,123.90532405713,59.1217490893154,1.63503610538755,163.164703739858,"price.mod","status.quo"
1991.5,"Medium",-1.01754962643311,0.191561406612408,0.544736752774451,53.3052873069508,147.464158302076,31.8081974383853,122.287852633764,33.9835877422949,170.013124906912,53.3052873069508,158.461083120335,17.9315551738264,78.1912961151581,36.3397692077102,-1.17050854595926,45.7447305443982,"price.mod","status.quo"
1992,"Medium",1.1178660860957,0.129117785405883,0.526035892148101,125.272775578447,40.9612901600747,147.464158302076,31.8081974383853,122.287852633764,33.9835877422949,125.272775578447,358.728325554482,43.7469449251635,162.183617574711,96.7623520538311,0.293112285211066,54.9124315896693,"price.mod","status.quo"
1992.5,"Medium",-0.311058662633707,0.214584952635386,0.553253160151354,36.3872701168546,49.66386737168,40.9612901600747,147.464158302076,31.8081974383853,122.287852633764,36.3872701168546,110.026947351556,12.0337195425991,55.8901913341761,23.6899068503871,-0.286264087737031,37.3007549468887,"price.mod","status.quo"
1993,"Medium",0.861704878139582,0.176697208686761,0.53968904090932,79.6974786797589,33.6675030866149,49.66386737168,40.9612901600747,147.464158302076,31.8081974383853,79.6974786797589,234.537627158327,27.0817445578694,113.480653373633,55.9715503839918,0.135467204686241,38.5517030493375,"price.mod","status.quo"
1993.5,"Medium",0.259347337187757,0.231201729471012,0.559907668308192,45.8529168286537,35.3780466365298,33.6675030866149,49.66386737168,40.9612901600747,147.464158302076,45.8529168286537,140.506556063657,14.9636432675988,72.8091964717411,28.8767090364946,-0.0421084735460077,33.9192602734498,"price.mod","status.quo"
1994,"Medium",0.718528461198945,0.141613224767331,0.529241592043682,62.3835507978267,30.4100507460308,35.3780466365298,33.6675030866149,49.66386737168,40.9612901600747,62.3835507978267,179.789157247927,21.6459516787122,82.8082820501961,46.9965964006593,1.06781484955674,88.4633215171126,"price.mod","status.quo"
1994.5,"Medium",-0.622153163087698,0.169522278739586,0.53738269446363,40.8752067134558,76.1478503281092,30.4100507460308,35.3780466365298,33.6675030866149,49.66386737168,40.8752067134558,119.735970798186,13.9538896517892,57.3726806919383,29.1215697735824,-0.754970624200099,35.7913493271969,"price.mod","status.quo"
1995,"Medium",0.833378530231832,0.146834293008932,0.530662479287317,70.6908247911698,30.7207172996105,76.1478503281092,30.4100507460308,35.3780466365298,33.6675030866149,70.6908247911698,204.310469537265,24.4588185861146,94.8203808338495,52.7016730549972,1.4880676867975,136.047616312207,"price.mod","status.quo"
1995.5,"Medium",-1.0057627661557,0.187657617451704,0.543376240470246,44.9456114358434,122.880936444962,30.7207172996105,76.1478503281092,30.4100507460308,35.3780466365298,44.9456114358434,133.247140741221,15.1606103973748,65.4160969509646,30.8809005963177,-0.789002615599826,55.8245241973401,"price.mod","status.quo"
1996,"Medium",0.694505673981283,0.13355453377063,0.527142457795442,101.571971694015,50.7170402610042,122.880936444962,30.7207172996105,76.1478503281092,30.4100507460308,101.571971694015,291.503654771915,35.3918905129413,132.671572619073,77.7624417208927,-0.302350814319456,37.4838862126095,"price.mod","status.quo"
1996.5,"Medium",0.266138708870025,0.207494844973798,0.550541976610893,44.8534925118185,34.3727035365811,50.7170402610042,122.880936444962,30.7207172996105,76.1478503281092,44.8534925118185,134.893477260386,14.9142555397567,67.9241163729384,29.6188732064138,-0.0448715927883911,32.8644377846546,"price.mod","status.quo"
1997,"Medium",0.854640954735584,0.193403115517125,0.545387130771949,69.1687784492384,29.4268825084318,34.3727035365811,50.7170402610042,122.880936444962,30.7207172996105,69.1687784492384,205.886252483626,23.2376851511264,101.83519928572,46.9810040704728,0.0499857399194257,30.9351898961217,"price.mod","status.quo"
1997.5,"Medium",0.6388967370381,0.221948867270572,0.556150750249084,51.0863321023677,26.9671713650395,29.4268825084318,34.3727035365811,50.7170402610042,122.880936444962,51.0863321023677,155.371416870798,16.7972551208929,79.6318965041326,32.7734669428345,0.361322572011867,38.7039949299099,"price.mod","status.quo"
1998,"Medium",0.452565566354971,0.149203699364565,0.531322972610822,53.035830535221,33.7304896801974,26.9671713650395,29.4268825084318,34.3727035365811,50.7170402610042,53.035830535221,153.486663143014,18.3260177983008,71.4769579765041,39.3525326229651,0.888569526684885,82.020703187958,"price.mod","status.quo"
1998.5,"Medium",-0.634312991612881,0.186102685154273,0.54284119845638,40.0550466841097,75.5328504392239,33.7304896801974,26.9671713650395,29.4268825084318,34.3727035365811,40.0550466841097,118.62141937612,13.5254389409978,58.1171060896985,27.6064462395969,-0.821812143870236,33.2068281820347,"price.mod","status.quo"
1999,"Medium",0.78581144035792,0.165510976219253,0.5361308054654,67.0823117856608,30.5727460189817,75.5328504392239,33.7304896801974,26.9671713650395,29.4268825084318,67.0823117856608,196.013201274867,22.9578238875771,93.4047641452711,48.1778054437326,1.28396679834131,110.396204912346,"price.mod","status.quo"
1999.5,"Medium",-0.900925888386549,0.188977387894154,0.543833439993557,40.9972470528803,100.930363402557,30.5727460189817,75.5328504392239,33.7304896801974,26.9671713650395,40.9972470528803,121.652886807712,13.8161478121894,59.8271574116846,28.0938346167627,-1.05685399968385,35.0780931239712,"price.mod","status.quo"
2000,"Medium",1.09651951632377,0.129920907577932,0.52623359788767,93.1911408967943,31.1287909853578,100.930363402557,30.5727460189817,75.5328504392239,33.7304896801974,93.1911408967943,266.965612559392,32.530739290305,120.843277352792,71.86654427033,1.48716322685319,137.730155086589,"price.mod","status.quo"
2000.5,"Medium",-1.02836263161133,0.143083976497901,0.529637028209302,43.3417101322919,121.204364711982,31.1287909853578,100.930363402557,30.5727460189817,75.5328504392239,43.3417101322919,125.009471979713,15.0268920222019,57.7015136831283,32.5555382742217,-0.972383276453961,45.8371459346628,"price.mod","status.quo"
2001,"Medium",0.994159783063788,0.1206478574404,0.524021242722934,110.237491502991,40.7916445122629,121.204364711982,31.1287909853578,100.930363402557,30.5727460189817,110.237491502991,314.404237205527,38.6518471916397,140.321015694857,86.6035958526594,1.09741123561584,122.228042978677,"price.mod","status.quo"
2001.5,"Medium",-0.965333419933378,0.138853479315456,0.528509835327534,42.9538818784253,112.782416589734,40.7916445122629,121.204364711982,31.1287909853578,100.930363402557,42.9538818784253,123.611884873851,14.9260402453099,56.703389263299,32.5383719103349,-0.961463051193845,43.1204513748443,"price.mod","status.quo"
2002,"Medium",1.00170920976964,0.119528479848769,0.523764655942807,108.459195931817,39.8317693246401,112.782416589734,40.7916445122629,121.204364711982,31.1287909853578,108.459195931817,309.17372624589,38.0478552463435,137.748696829204,85.3975206514064,1.0353672254236,112.171846993247,"price.mod","status.quo"
2002.5,"Medium",-0.790135883438205,0.14132443716543,0.52916439209385,47.9172626209565,105.595072861715,39.8317693246401,112.782416589734,40.7916445122629,121.204364711982,47.9172626209565,138.076048909966,16.6289814577682,63.5689219650176,36.1192857470393,-1.01369087468194,38.3180412808233,"price.mod","status.quo"
2003,"Medium",1.08407279212873,0.120792542882887,0.52405457324218,105.715201423787,35.754491839006,105.595072861715,39.8317693246401,112.782416589734,40.7916445122629,105.715201423787,301.526481769056,37.0637555497747,134.603549149634,83.0268138000448,1.16132297432622,114.205434244688,"price.mod","status.quo"
2003.5,"Medium",-0.828256833204526,0.139309819326063,0.528629911261735,47.2447785688403,108.158633111086,35.754491839006,105.595072861715,39.8317693246401,112.782416589734,47.2447785688403,135.992802817664,16.4131413999273,62.4247467947367,35.756157880114,-1.14762154474076,34.328552071744,"price.mod","status.quo"
2004,"Medium",1.14426780915453,0.126584664284813,0.525419865014664,102.825334072662,32.7454477984885,108.158633111086,35.754491839006,105.595072861715,39.8317693246401,102.825334072662,294.08577988076,35.9522630827016,132.44945376497,79.827051200349,1.45294492931608,140.009304794235,"price.mod","status.quo"
2004.5,"Medium",-1.02247575520591,0.144584392670124,0.530044341469388,48.2172674795311,134.047331612359,32.7454477984885,108.158633111086,35.754491839006,105.595072861715,48.2172674795311,139.185264845707,16.703671080196,64.3853413688496,36.1092266308534,-1.31176930007263,36.1047219418449,"price.mod","status.quo"
2005,"Medium",1.18087649173167,0.129835397093346,0.526212492875564,111.801038790812,34.3239842971592,134.047331612359,32.7454477984885,108.158633111086,35.754491839006,111.801038790812,320.264058374712,39.028645106596,144.950404557002,86.232751905079,0.936599905004239,87.5705072004475,"price.mod","status.quo"
2005.5,"Medium",-0.82507814003426,0.160716977307125,0.534670276071775,36.3539760768863,82.9619211471786,34.3239842971592,134.047331612359,32.7454477984885,108.158633111086,36.3539760768863,105.91576763634,12.4779492807582,50.1359108995107,26.3605777353438,-0.693353820350655,41.4723898421355,"price.mod","status.quo"
2006,"Medium",0.935139647250289,0.132793999177585,0.526950285641355,100.266836420962,39.3578461616534,82.9619211471786,34.3239842971592,134.047331612359,32.7454477984885,100.266836420962,287.647441194274,34.9505576831397,130.767769065976,76.880094825169,2.06507791924449,310.372524645165,"price.mod","status.quo"
2006.5,"Medium",-1.57741259982054,0.344414405053892,0.615356514330153,61.9294310478041,299.887716933125,39.3578461616534,82.9619211471786,34.3239842971592,134.047331612359,61.9294310478041,212.02592534263,18.0886107380831,123.325146864745,31.098721772543,-1.84214565859417,47.5253127506441,"price.mod","status.quo"
2007,"Medium",1.03870188490228,0.300777576172455,0.592038434265974,129.769608256451,45.9272557990138,299.887716933125,39.3578461616534,82.9619211471786,34.3239842971592,129.769608256451,424.044118346876,39.7132055331499,236.823653553078,71.1084005941938,1.04504257516977,130.595051322414,"price.mod","status.quo"
2007.5,"Medium",-1.06976575025574,0.273202552000847,0.578517062617607,43.0797539532092,125.564414661902,45.9272557990138,299.887716933125,39.3578461616534,82.9619211471786,43.0797539532092,137.014569393883,13.5450208607662,74.4001713465207,24.9443672921841,-1.07418164873312,42.8899375467655,"price.mod","status.quo"
2008,"Medium",0.826156320191573,0.338154393101784,0.611874783672252,93.2934132221184,40.8371900612423,125.564414661902,45.9272557990138,299.887716933125,39.3578461616534,93.2934132221184,317.189400974385,27.4399488882537,183.471307657807,47.4388124320025,1.13156558939017,126.615986413483,"price.mod","status.quo"
2008.5,"Medium",-0.560605198741847,0.306455747172567,0.594943259727367,67.6163129305402,118.445681109188,40.8371900612423,125.564414661902,45.9272557990138,299.887716933125,67.6163129305402,222.235090756231,20.572654654866,124.806028969963,36.6325714555108,-0.479368665619495,73.3385068096262,"price.mod","status.quo"
2009,"Medium",0.810897824914682,0.159530474234487,0.534314822487089,156.58550473848,69.5958119239747,118.445681109188,40.8371900612423,125.564414661902,45.9272557990138,156.58550473848,455.881023417599,53.7838142732792,215.435845689869,113.811237938096,1.06030464318628,200.940538354323,"price.mod","status.quo"
2009.5,"Medium",-0.952075484271193,0.20140581476431,0.54827607967228,75.5044562166017,195.638224741288,69.5958119239747,118.445681109188,40.8371900612423,125.564414661902,75.5044562166017,226.047202163371,25.2200551654893,112.956558503872,50.470047813729,-0.986318172082644,72.9627465340127,"price.mod","status.quo"
2010,"Medium",0.953966548328239,0.174702945792801,0.539039401703263,183.804690830747,70.8034113645265,195.638224741288,69.5958119239747,118.445681109188,40.8371900612423,183.804690830747,540.207072901074,62.5392855187096,260.67635600669,129.601951204656,1.31604716898279,264.001385605037,"price.mod","status.quo"
2010.5,"Medium",-0.980946980372122,0.268883387717581,0.57648992489931,94.6040668167986,252.307213225298,70.8034113645265,195.638224741288,69.5958119239747,118.445681109188,94.6040668167986,299.669534111507,29.8659971718948,161.97908795067,55.2536106451158,-1.16404419218227,78.7755959577434,"price.mod","status.quo"
2011,"Medium",1.26786406105987,0.24341739531662,0.565061399905052,267.25067875271,75.212920293326,252.307213225298,70.8034113645265,195.638224741288,69.5958119239747,267.25067875271,827.417901366341,86.3202562765939,434.8590172589,164.24386400906,1.41365356420404,309.196374991293,"price.mod","status.quo"
2011.5,"Medium",-1.41197324877268,0.302035774197754,0.592678636543587,71.7027367704917,294.271310136314,75.212920293326,252.307213225298,70.8034113645265,195.638224741288,71.7027367704917,234.600997870124,21.9150067862229,131.18394059474,39.1914013031605,-1.77965073118159,49.6427041567417,"price.mod","status.quo"
2012,"Medium",1.2745705388799,0.30157822688166,0.59244559602466,166.701506375719,46.6015725971919,294.271310136314,75.212920293326,252.307213225298,70.8034113645265,166.701506375719,545.169098061962,50.9738947543493,304.710236243811,91.1994049510652,1.48905816892074,206.580972916685,"price.mod","status.quo"
2012.5,"Medium",-0.902626848678471,0.362542816416794,0.625683347273483,79.2969551453523,195.552049125755,46.6015725971919,294.271310136314,75.212920293326,252.307213225298,79.2969551453523,277.152092471267,22.6879293576898,163.740910419052,38.4021749923796,-0.792654232099038,88.5150282054868,"price.mod","status.quo"
2013,"Medium",0.489555811901381,0.378227374488883,0.634900231636974,136.866007867355,83.8849813223933,195.552049125755,46.6015725971919,294.271310136314,75.212920293326,136.866007867355,487.262438361366,38.4439731749951,291.621623323596,64.2349627440378,0.0982604397369244,92.5461121748542,"price.mod","status.quo"
2013.5,"Medium",-0.32064415642829,0.328455415242457,0.606568476861454,62.6063481850236,86.2724953967701,83.8849813223933,195.552049125755,46.6015725971919,294.271310136314,62.6063481850236,210.609063512186,18.6105705409854,120.756667953603,32.4582890492671,-0.479607553608924,53.4049417858416,"price.mod","status.quo"
2014,"Medium",0.860334114715391,0.219598982327935,0.555217138027451,113.921682646801,48.1912323599208,86.2724953967701,83.8849813223933,195.552049125755,46.6015725971919,113.921682646801,345.82936685442,37.5276104950962,176.745206226524,73.4285814826859,0.205412248651006,59.1803376194899,"price.mod","status.quo"
2014.5,"Medium",0.500844196368905,0.262916684035004,0.573731243757817,88.2582835865997,53.4861830630599,48.1912323599208,86.2724953967701,83.8849813223933,195.552049125755,88.2582835865997,278.030284255381,28.0168206946035,149.321384267912,52.1661693657801,0.401443679039149,79.9072861183883,"price.mod","status.quo"
2015,"Medium",0.233661846639266,0.168179169038469,0.536960510855686,93.2835236117809,73.8459856852104,53.4861830630599,48.1912323599208,86.2724953967701,83.8849813223933,93.2835236117809,273.025314548231,31.8718276795263,130.582059103008,66.6386779103043,0.886934751186687,179.274186314995,"price.mod","status.quo"
2015.5,"Medium",-0.890987820440264,0.205275309866222,0.549709296047104,70.6723396260609,172.26639399443,73.8459856852104,53.4861830630599,48.1912323599208,86.2724953967701,70.6723396260609,212.188037864227,23.5384597477506,106.548990091592,46.8758979688858,-0.732665367875821,82.7957484684519,"price.mod","status.quo"
2016,"Medium",0.242187855187853,0.219458315895399,0.555161516799907,101.225240328834,79.4525732642323,172.26639399443,73.8459856852104,53.4861830630599,48.1912323599208,101.225240328834,307.252894699892,33.3489104785765,157.002977150498,65.2634075200256,0.441365504939524,123.535156783815,"price.mod","status.quo"
2016.5,"Medium",-0.561034766265078,0.207366353318219,0.550493562004521,67.4209600455164,118.154219461139,79.4525732642323,172.26639399443,73.8459856852104,53.4861830630599,67.4209600455164,202.743791989666,22.4203454460929,102.073042108876,44.5326773802878,-0.823010567276352,51.8824274710595,"price.mod","status.quo"
2017,"Medium",1.20002849653406,0.172080687997803,0.538195243849039,160.075317047658,48.2123850593167,118.154219461139,79.4525732642323,172.26639399443,73.8459856852104,160.075317047658,469.672162028887,54.5574321825195,225.835263749609,113.463711124932,1.0842783375012,142.578721248489,"price.mod","status.quo"
2017.5,"Medium",-0.754567764552126,0.196060359080146,0.546335081907216,63.3929265750332,134.817235696407,48.2123850593167,118.154219461139,79.4525732642323,172.26639399443,63.3929265750332,189.052064527891,21.2569122150723,93.8289088441548,42.8296906492044,-0.500124784678094,81.7605838028627,"price.mod","status.quo"
2018,"Medium",0.94718504478037,0.161671961432743,0.534958110914714,197.828979705119,76.7242537231843,134.817235696407,48.2123850593167,118.154219461139,79.4525732642323,197.828979705119,576.698235186636,67.8627102066692,273.348309641254,143.173759744596,0.686520157352821,152.434962727962,"price.mod","status.quo"
2018.5,"Medium",-0.905929390930011,0.160169957839766,0.534506101662386,58.5746376949726,144.927148204488,76.7242537231843,134.817235696407,48.2123850593167,118.154219461139,58.5746376949726,170.598697870356,20.1114558547488,80.6921837329658,42.5194612708891,-0.86777408067576,60.8527559514239,"price.mod","status.quo"
2019,"Medium",0.960060502562938,0.143456739389215,0.529737853467273,150.37985962151,57.5758948484284,144.927148204488,76.7242537231843,134.817235696407,48.2123850593167,150.37985962151,433.824553340808,52.1272989406381,200.352430691792,112.87161379426,0.410907754363562,86.8351715912736,"price.mod","status.quo"
2019.5,"Medium",-0.146057321335299,0.181081979119892,0.541140499761297,71.2622296437441,82.4691075996264,57.5758948484284,144.927148204488,76.7242537231843,134.817235696407,71.2622296437441,210.323631762091,24.1451962922648,102.363520782958,49.6104992770352,-0.39470718126784,55.5740623887195,"price.mod","status.quo"
2020,"Medium",1.01668840119575,0.158112523437904,0.533893179753994,145.550831500461,52.6589903978365,82.4691075996264,57.5758948484284,144.927148204488,76.7242537231843,145.550831500461,423.397622107245,50.0358137228966,199.686858064806,106.091330975822,1.3135093253033,195.849460823275,"price.mod","status.quo"
2020.5,"Medium",-0.940220605606741,0.207460422488268,0.550529003976121,73.4836935335351,188.158394214572,52.6589903978365,82.4691075996264,57.5758948484284,144.927148204488,73.4836935335351,220.990901916258,24.4347308803541,111.272747259647,48.5280839047708,-0.64634065385475,98.5874012100744,"price.mod","status.quo"
2021,"Medium",0.663718165556365,0.223027899339425,0.556582250169448,183.250738761483,94.3618826992547,188.158394214572,52.6589903978365,82.4691075996264,57.5758948484284,183.250738761483,557.810819943814,60.2011148869643,286.263057880569,117.3076033815,1.17272774902473,304.863750055276,"price.mod","status.quo"
2021.5,"Medium",-1.15110880831203,0.289433624639656,0.586356700645587,90.7264720192122,286.849585587747,94.3618826992547,188.158394214572,52.6589903978365,82.4691075996264,90.7264720192122,293.114283582606,28.0821958740647,161.857517612092,50.8551771118845,-0.982402220840556,107.39952566157,"price.mod","status.quo"
2022,"Medium",0.963269674375833,0.323361675654808,0.603825414008233,265.913885164229,101.484171652068,286.849585587747,94.3618826992547,188.158394214572,52.6589903978365,265.913885164229,889.645745211113,79.481293204359,507.702612498292,139.274828575701,1.12985944154776,314.115980875312,"price.mod","status.quo"
2022.5,"Medium",-1.23595762649127,0.314893879362376,0.599333390175965,88.5220154823297,304.663811129274,101.484171652068,286.849585587747,94.3618826992547,188.158394214572,88.5220154823297,293.511864881517,26.6978891235523,166.174599915379,47.1561070647632,-1.10506884450112,100.901022951624,"price.mod","status.quo"
2023,"Medium",0.516579722282036,0.504851318239325,0.717577320466522,165.865742853502,98.9484453887355,304.663811129274,101.484171652068,286.849585587747,94.3618826992547,165.865742853502,696.684966787141,39.4890746375894,455.265752377385,60.429418441163,NA,NA,"price.mod","status.quo"
2023.5,"Medium",-1.19149280905666,0.44606789957658,0.677509356653169,48.1487351744135,158.505244090043,98.9484453887355,304.663811129274,101.484171652068,286.849585587747,48.1487351744135,186.664629715152,12.4196035554969,117.499099368759,19.7303699462414,NA,NA,"price.mod","status.quo"
2024,"Medium",1.03389297832816,0.419993194886626,0.660633514946831,129.3855676712,46.0120751286657,158.505244090043,98.9484453887355,304.663811129274,101.484171652068,129.3855676712,484.95876808225,34.5196874938434,299.700377207794,55.8578713766238,NA,NA,"price.mod","status.quo"
2024.5,"Medium",-0.763048156641139,0.39428891223729,0.644597629248817,57.6481226694839,123.643922082005,46.0120751286657,158.505244090043,98.9484453887355,304.663811129274,57.6481226694839,209.254861150917,15.8816193279212,126.841148758703,26.2005357081554,NA,NA,"price.mod","status.quo"
2025,"Medium",1.38096646197276,0.19289090110266,0.545205701591725,219.18872994441,55.0899154814016,123.643922082005,46.0120751286657,158.505244090043,98.9484453887355,219.18872994441,652.195616639278,73.6645541750338,322.374831484548,149.030552768033,NA,NA,"price.mod","status.quo"
2025.5,"Medium",-0.895620291807174,0.23874185546933,0.563063078946637,85.5346744490103,209.461957266915,55.0899154814016,123.643922082005,46.0120751286657,158.505244090043,85.5346744490103,263.762216113163,27.7377883796643,137.88300748944,53.0607844020122,NA,NA,"price.mod","status.quo"
2026,"Medium",1.05230852244907,0.20180130874333,0.548421485292516,234.121300833,81.7389668201552,209.461957266915,55.0899154814016,123.643922082005,46.0120751286657,234.121300833,701.122296067666,78.1786341857342,350.528486883381,156.371837253764,NA,NA,"price.mod","status.quo"
2026.5,"Medium",-0.86671960551173,0.287003397625195,0.585160924505674,94.0408018705931,223.731876738342,81.7389668201552,209.461957266915,55.0899154814016,123.643922082005,94.0408018705931,303.096306898384,29.1777636849566,166.956875043385,52.9698008193197,NA,NA,"price.mod","status.quo"
2027,"Medium",0.874281430687415,0.274069132556874,0.578926806030267,215.426369135837,89.8676242513031,223.731876738342,81.7389668201552,209.461957266915,55.0899154814016,215.426369135837,685.722336620479,67.6782978191583,372.693900905572,124.521813762679,NA,NA,"price.mod","status.quo"
2027.5,"Medium",-0.936872974810516,0.32125993190729,0.60270249806103,80.6690673182184,205.866555901581,89.8676242513031,223.731876738342,81.7389668201552,209.461957266915,80.6690673182184,269.282278890878,24.1660849306326,153.373337113041,42.4291375833795,NA,NA,"price.mod","status.quo"
1987,"Small",NA,NA,NA,NA,NA,NA,NA,NA,NA,NA,NA,NA,NA,NA,NA,135.941807538982,"price.mod","status.quo"
1987.5,"Small",NA,NA,NA,NA,127.362077753956,NA,NA,NA,NA,NA,NA,NA,NA,NA,-2.00013746357757,17.2342136269351,"price.mod","status.quo"
1988,"Small",NA,NA,NA,NA,16.0389717045278,127.362077753956,NA,NA,NA,NA,NA,NA,NA,NA,1.41369271096241,65.9379536171974,"price.mod","status.quo"
1988.5,"Small",NA,NA,NA,NA,62.2240403513642,16.0389717045278,127.362077753956,NA,NA,NA,NA,NA,NA,NA,-1.8004415712309,10.2810238838933,"price.mod","status.quo"
1989,"Small",NA,NA,NA,NA,9.62203529401983,62.2240403513642,16.0389717045278,127.362077753956,NA,NA,NA,NA,NA,NA,2.38873336329482,104.877098552171,"price.mod","status.quo"
1989.5,"Small",-1.5451532165037,0.287995116871175,0.908247411000698,21.1868853778736,99.3387366844121,9.62203529401983,62.2240403513642,16.0389717045278,127.362077753956,21.1868853778736,130.304914210784,3.44487477493772,37.6891633843527,11.9101638695837,-1.85208233072258,15.5872498348054,"price.mod","status.quo"
1990,"Small",2.08219741923585,0.260048490479856,0.899776299781608,117.677238859713,14.6691726574004,99.3387366844121,9.62203529401983,62.2240403513642,16.0389717045278,117.677238859713,711.587373956031,19.4606214956558,197.95556649219,69.9547519225346,2.20836690985407,133.501819039748,"price.mod","status.quo"
1990.5,"Small",-1.96523613571173,0.291266103009348,0.90928989602331,17.7589593368252,126.738546524116,14.6691726574004,99.3387366844121,9.62203529401983,62.2240403513642,17.7589593368252,109.450230723633,2.88149814433342,31.798602617237,9.91806591387932,-1.55260735616818,26.8299531831329,"price.mod","status.quo"
1991,"Small",1.75565546848154,0.200569774653174,0.884420944320211,145.727484964187,25.1808269023777,126.738546524116,14.6691726574004,99.3387366844121,9.62203529401983,145.727484964187,854.554452434212,24.850961589978,217.647740264132,97.572802034219,2.01301256277352,188.499514351502,"price.mod","status.quo"
1991.5,"Small",-1.95574162960304,0.299503411327227,0.911961877297771,25.1880271836112,178.058188660401,25.1808269023777,126.738546524116,14.6691726574004,99.3387366844121,25.1880271836112,156.068111548138,4.06512712372155,45.8500180560335,13.837218398191,-1.8097882992096,29.1461287712907,"price.mod","status.quo"
1992,"Small",1.82501664928467,0.203400286808714,0.885067143736393,169.637684224972,27.3481324757478,178.058188660401,25.1808269023777,126.738546524116,14.6691726574004,169.637684224972,996.051716936606,28.8910138097204,254.796571260584,112.940860102002,0.791312035971294,60.3378909338987,"price.mod","status.quo"
1992.5,"Small",-1.03192110456598,0.358458088382641,0.9329868023583,20.1709216084611,56.6087262599151,27.3481324757478,178.058188660401,25.1808269023777,126.738546524116,20.1709216084611,130.349023330223,3.12135885747251,41.3122150321648,9.84856605287095,-1.22386391175084,16.648152274738,"price.mod","status.quo"
1993,"Small",1.60917696931858,0.323976448701647,0.920289580274144,78.0205858959254,15.6081894974354,56.6087262599151,27.3481324757478,178.058188660401,25.1808269023777,78.0205858959254,491.544204829916,12.3838543181478,149.145987926949,40.8137819069257,1.33304437185782,59.1951797924563,"price.mod","status.quo"
1993.5,"Small",-0.6594182075439,0.386107922784433,0.943955242733859,28.983724885472,56.0448727597109,15.6081894974354,56.6087262599151,27.3481324757478,178.058188660401,28.983724885472,191.453497660209,4.3877825085633,62.7369323656347,13.3901400110038,-0.590347724489582,31.0564011911606,"price.mod","status.quo"
1994,"Small",1.08998947914677,0.24229146903538,0.894805748872431,87.1963515972495,29.3171600379621,56.0448727597109,15.6081894974354,56.6087262599151,27.3481324757478,87.1963515972495,522.055543974545,14.5639746950794,141.563082240959,53.7089445320884,1.51751349690671,133.711769354944,"price.mod","status.quo"
1994.5,"Small",-1.72536661669142,0.316008104543572,0.917514737966127,22.4302564864532,125.936448173202,29.3171600379621,56.0448727597109,15.6081894974354,56.6087262599151,22.4302564864532,140.532708075693,3.58006625601417,42.2002857576476,11.9221089861199,-1.83759329138192,20.0490968680319,"price.mod","status.quo"
1995,"Small",1.92039204245733,0.266788848032103,0.901747448946836,127.556136336901,18.6932876502702,125.936448173202,29.3171600379621,56.0448727597109,15.6081894974354,127.556136336901,774.371281620509,21.0113266121504,217.48594956936,74.8120416487364,2.09726430687832,152.235523316154,"price.mod","status.quo"
1995.5,"Small",-1.88321829277136,0.298759425172878,0.911717810716374,21.8164983669201,143.43540323167,18.6932876502702,125.936448173202,29.3171600379621,56.0448727597109,21.8164983669201,135.111736086133,3.52271101520303,39.6537428055186,12.0028922194852,-1.72286262605943,25.6110053629336,"price.mod","status.quo"
1996,"Small",1.97049380715899,0.184817178427004,0.880982157418383,172.669372896636,24.0680400034077,143.43540323167,18.6932876502702,125.936448173202,29.3171600379621,172.669372896636,1005.60330257262,29.6485823587121,249.888041478621,119.312281452525,1.37195094245593,94.9011441494009,"price.mod","status.quo"
1996.5,"Small",-1.56629186674754,0.249762448240536,0.896857543202339,18.77367965364,89.9044767485774,24.0680400034077,143.43540323167,18.6932876502702,125.936448173202,18.77367965364,112.862578241066,3.12283356654042,30.9378627945325,11.3922235054899,-1.46490695110306,20.7768790876211,"price.mod","status.quo"
1997,"Small",1.74432272762197,0.221439735777418,0.889386152820586,111.769076024736,19.5331338222726,89.9044767485774,24.0680400034077,143.43540323167,18.6932876502702,111.769076024736,661.961387534659,18.8716843469501,174.045088187762,71.776379819155,1.55484529517515,92.4767710466039,"price.mod","status.quo"
1997.5,"Small",-1.29232669717738,0.260271684879939,0.899840831590827,23.8663268974135,86.9032339534104,19.5331338222726,89.9044767485774,24.0680400034077,143.43540323167,23.8663268974135,144.336908933222,3.94633336534686,40.1656406042995,14.1813139540275,-1.19749912814246,26.2402926829673,"price.mod","status.quo"
1998,"Small",1.6506941665143,0.209574538207193,0.886506435009125,128.530372196185,24.6671172039892,86.9032339534104,19.5331338222726,89.9044767485774,24.0680400034077,128.530372196185,756.859856309677,21.8271010665551,195.451899799958,84.5223637825866,1.97003838376082,176.886706816679,"price.mod","status.quo"
1998.5,"Small",-1.92510705963612,0.277187749474136,0.904878566828923,24.4911101648145,167.908176398757,24.6671172039892,86.9032339534104,19.5331338222726,89.9044767485774,24.4911101648145,149.615300285541,4.00904503724106,42.6354343694288,14.0684500105661,-2.24213733748628,17.8370886833316,"price.mod","status.quo"
1999,"Small",2.17295690241385,0.254332781242985,0.898141044526204,148.33284374579,16.8862856162948,167.908176398757,24.6671172039892,86.9032339534104,19.5331338222726,148.33284374579,894.031296610362,24.6105842347285,246.687969191537,89.1921588467463,2.25989255302452,161.805394322125,"price.mod","status.quo"
1999.5,"Small",-2.02927704192353,0.280208319500056,0.905808409413864,20.171757853075,153.478507656188,16.8862856162948,167.908176398757,24.6671172039892,86.9032339534104,20.171757853075,123.4579137774,3.2958585029774,35.3288580702037,11.5174912835995,-1.25750925404661,43.643365949619,"price.mod","status.quo"
2000,"Small",1.66920736020522,0.271093408096661,0.903030347309155,217.822962026427,41.0370481397023,153.478507656188,16.8862856162948,167.908176398757,24.6671172039892,217.822962026427,1325.76287397194,35.7883326780883,374.603992599378,126.658668149083,1.58288839312437,199.809350612063,"price.mod","status.quo"
2000.5,"Small",-1.70037974614296,0.335056357328317,0.92424830799626,34.2016746692377,187.289276726315,41.0370481397023,153.478507656188,16.8862856162948,167.908176398757,34.2016746692377,217.189713160568,5.3858653485839,66.8457231349959,17.4993177621557,-1.8153205654004,30.488019115296,"price.mod","status.quo"
2001,"Small",1.77702819439436,0.232921142179682,0.892314087483839,168.798585629394,28.5506016307132,187.289276726315,41.0370481397023,153.478507656188,16.8862856162948,168.798585629394,1005.59469129636,28.3344400652636,268.956185596799,105.9390489468,1.0537222030465,81.8919103951151,"price.mod","status.quo"
2001.5,"Small",-1.06893095065483,0.306202168435436,0.914183756256034,26.433843077357,76.982342284776,28.5506016307132,187.289276726315,41.0370481397023,153.478507656188,26.433843077357,164.516790751785,4.24727504496835,48.766785727544,14.3283599567579,-1.10726646999672,25.4396658760333,"price.mod","status.quo"
2002,"Small",1.73323919054543,0.283579462822543,0.906856925861269,136.027894988191,24.0376363759603,76.982342284776,28.5506016307132,187.289276726315,41.0370481397023,136.027894988191,834.283962176342,22.179005055604,239.851240653269,77.1461017442364,1.68959681438552,130.218993526022,"price.mod","status.quo"
2002.5,"Small",-1.35541629615426,0.310206239609582,0.915532677374514,31.830841197171,123.451944243827,24.0376363759603,76.982342284776,28.5506016307132,187.289276726315,31.830841197171,198.64136710542,5.10066189174889,59.1956552395745,17.1161624483913,-1.27495001477121,34.4980206572267,"price.mod","status.quo"
2003,"Small",1.47219736651321,0.210725998884744,0.886779351842273,142.475375415227,32.6868159340866,123.451944243827,24.0376363759603,76.982342284776,28.5506016307132,142.475375415227,839.434024473991,24.1820464835577,217.15712686298,93.4771650967651,2.19128961679212,292.440559592219,"price.mod","status.quo"
2003.5,"Small",-2.23880856506976,0.470803402660388,0.981645565468733,29.7391239669267,279.016815126751,32.6868159340866,123.451944243827,24.0376363759603,76.982342284776,29.7391239669267,211.823761475541,4.17524213600728,76.2540317521555,11.5982784647349,-2.86909324383175,15.8343052618112,"price.mod","status.quo"
2004,"Small",2.05031138146726,0.423425950313772,0.959823789894244,117.700108277007,15.1473947389057,279.016815126751,32.6868159340866,123.451944243827,24.0376363759603,117.700108277007,802.54466758311,17.2617376303039,274.511137757204,50.4654040692219,2.00706199044843,112.718159928329,"price.mod","status.quo"
2004.5,"Small",-1.77422575816471,0.365477624352174,0.935706185802968,18.321182491105,108.016464198228,15.1473947389057,279.016815126751,32.6868159340866,123.451944243827,18.321182491105,119.04127422786,2.81974239648902,38.0542644270067,8.82071255157814,-1.53412995960013,23.2930190056054,"price.mod","status.quo"
2005,"Small",1.55960124290482,0.485187485543809,0.988624837021685,105.628193150722,22.2051462111749,108.016464198228,15.1473947389057,279.016815126751,32.6868159340866,105.628193150722,762.936642341616,14.6241700412265,278.745808898825,40.0268446451725,1.39772487258027,89.8416742269801,"price.mod","status.quo"
2005.5,"Small",-0.930412838065401,0.47070446489981,0.98159811813412,33.6532073929372,85.3295830230686,22.2051462111749,108.016464198228,15.1473947389057,279.016815126751,33.6532073929372,239.679976935892,4.72521060086288,86.2730526785318,13.1273709770312,-0.570604331545993,48.2268960301268,"price.mod","status.quo"
2006,"Small",1.02542717165616,0.274700898777687,0.904119879240081,127.645942221793,45.7793530731186,85.3295830230686,22.2051462111749,108.016464198228,15.1473947389057,127.645942221793,778.602085228001,20.9265899421757,221.110406219272,73.6893701399623,1.67042552755543,243.29111021851,"price.mod","status.quo"
2006.5,"Small",-1.66390130677486,0.456603801553264,0.97491497262106,44.0822853635335,232.748696588192,45.7793530731186,85.3295830230686,22.2051462111749,108.016464198228,44.0822853635335,309.787926268291,6.27283285788566,109.866458255865,17.6873625829134,-1.62973566061597,45.6144090924,"price.mod","status.quo"
2007,"Small",1.47793588111372,0.316436892595276,0.917662508356522,191.139587238078,43.6004775487357,232.748696588192,45.7793530731186,85.3295830230686,22.2051462111749,191.139587238078,1197.90443024625,30.4985446977875,359.918554930945,101.507247428665,1.24436857868005,151.326035089233,"price.mod","status.quo"
2007.5,"Small",-1.88542441424726,0.355140134446124,0.93171706399649,21.9067506938825,144.346874614325,43.6004775487357,232.748696588192,45.7793530731186,85.3295830230686,21.9067506938825,141.207292196693,3.39859024628446,44.5706294272845,10.7673086992606,-1.93776878356497,20.7895502963218,"price.mod","status.quo"
2008,"Small",1.99219329340912,0.352868616691035,0.930853604436956,145.377903455588,19.8289559160785,144.346874614325,43.6004775487357,232.748696588192,45.7793530731186,145.377903455588,935.465055965644,22.5927571301162,294.439578659726,71.7795308271619,2.3299153508902,203.783598736402,"price.mod","status.quo"
2008.5,"Small",-1.50258859106644,0.469104798357631,0.980832036635215,43.2888614203623,194.510073007381,19.8289559160785,144.346874614325,43.6004775487357,232.748696588192,43.2888614203623,307.833617214692,6.08746224673832,110.620448237662,16.9401367733143,-1.20566812028085,58.2541789018972,"price.mod","status.quo"
2009,"Small",1.86457933966866,0.308212699732998,0.914859136984778,358.931153540572,55.6204676969495,194.510073007381,19.8289559160785,144.346874614325,43.6004775487357,358.931153540572,2236.90584600154,57.5936502701942,664.846373514629,193.77645440241,1.09643455810792,166.498419297926,"price.mod","status.quo"
2009.5,"Small",-1.87600709234021,0.310707909034889,0.91570277764385,24.4480751823117,159.582109124102,55.6204676969495,194.510073007381,19.8289559160785,144.346874614325,24.4480751823117,152.620896125966,3.91629452644967,45.5116030821822,13.133098806488,-1.86008527501953,24.8404483269851,"price.mod","status.quo"
2010,"Small",1.73054427086435,0.283023825878653,0.906683328545761,133.962834546135,23.7365994245249,159.582109124102,55.6204676969495,194.510073007381,19.8289559160785,133.962834546135,821.333356703583,21.8498870077083,235.947673764544,76.0594107723379,1.69740586320292,129.596269617249,"price.mod","status.quo"
2010.5,"Small",-1.45867865154944,0.298323121854143,0.911574932345461,28.5804691174402,122.903837186013,23.7365994245249,159.582109124102,55.6204676969495,194.510073007381,28.5804691174402,176.951104959339,4.616208614016,51.9026490482537,15.7379869804629,-2.48561925382424,10.2346905511429,"price.mod","status.quo"
2011,"Small",2.35229922064171,0.330902548387224,0.922750599445478,102.634845223573,9.76571982586884,122.903837186013,23.7365994245249,159.582109124102,55.6204676969495,102.634845223573,649.809144567327,16.210777490798,198.935886399097,52.951288200129,2.74742179104912,152.368216377339,"price.mod","status.quo"
2011.5,"Small",-1.82589841831773,0.263341607762425,0.900733575829572,23.5252565920152,146.053502627952,9.76571982586884,122.903837186013,23.7365994245249,159.582109124102,23.5252565920152,142.528466443875,3.88299763218239,39.8354734541465,13.8930869833191,-2.25232919463993,15.3581121965458,"price.mod","status.quo"
2012,"Small",2.18885353971582,0.233460722669464,0.892455086420139,130.43204016398,14.6142749358519,146.053502627952,9.76571982586884,122.903837186013,23.7365994245249,130.43204016398,777.250349756353,21.8880790554435,208.049029657178,81.7716724243862,2.43336010350909,166.560547153361,"price.mod","status.quo"
2012.5,"Small",-2.01518809831633,0.274289525453623,0.903994975661592,21.1505771352009,158.674556656344,14.6142749358519,146.053502627952,9.76571982586884,122.903837186013,21.1505771352009,128.979972988662,3.46834398229721,36.607247639612,12.2201733808585,-2.45631864902047,13.6063506339861,"price.mod","status.quo"
2013,"Small",2.01534834218941,0.267467979234751,0.901948608382845,97.3205033546758,12.970289876836,158.674556656344,14.6142749358519,146.053502627952,9.76571982586884,97.3205033546758,591.053718089687,16.0243986008904,166.159080965642,57.0012804486195,2.4972468222625,157.576045472077,"price.mod","status.quo"
2013.5,"Small",-1.95546050594128,0.269427272586915,0.902531565908613,21.2240678987365,149.99415428755,12.970289876836,158.674556656344,14.6142749358519,146.053502627952,21.2240678987365,129.04987374165,3.49059665933476,36.378951836835,12.3824639090912,-1.96737976948217,20.9725943072535,"price.mod","status.quo"
2014,"Small",1.87319059496858,0.227355174866946,0.890877403342687,127.875647261601,19.6458808613596,149.99415428755,12.970289876836,158.674556656344,14.6142749358519,127.875647261601,759.616038121038,21.5269035169685,201.495819780869,81.1539474136826,1.77728034118069,116.180850392033,"price.mod","status.quo"
2014.5,"Small",-1.69845351723995,0.270832648522988,0.902952100475881,19.8843554897572,108.677717628301,19.6458808613596,149.99415428755,12.970289876836,158.674556656344,19.8843554897572,121.005677647883,3.26751273930783,34.1785605605444,11.5682927179639,-1.23470684263748,31.6165254398685,"price.mod","status.quo"
2015,"Small",1.53755101107651,0.218648756905476,0.888695364646479,139.682216674685,30.0186528631441,108.677717628301,19.6458808613596,149.99415428755,12.970289876836,139.682216674685,826.137059143555,23.6172938124585,216.300247118876,90.2038805551186,1.89756465812663,200.213362153961,"price.mod","status.quo"
2015.5,"Small",-1.7231074903726,0.315842594995713,0.917457746744478,34.2068802415624,191.623841375467,30.0186528631441,108.677717628301,19.6458808613596,149.99415428755,34.2068802415624,214.292583526476,5.46034135481887,64.3355265097321,18.1876285054353,-1.78121273141121,32.2759238114381,"price.mod","status.quo"
2016,"Small",1.79630966097842,0.214783775314325,0.887752354199133,185.884678132309,30.8401314314963,191.623841375467,30.0186528631441,108.677717628301,19.6458808613596,185.884678132309,1097.32554959764,31.4884799474703,285.629073146174,120.971976640029,1.17872749275385,100.237693762124,"price.mod","status.quo"
2016.5,"Small",-1.54611616847111,0.266826947431,0.901758721678463,20.4975241713083,96.1991262692924,30.8401314314963,191.623841375467,30.0186528631441,108.677717628301,20.4975241713083,124.43973594445,3.3763210277216,34.9513817022257,12.0209409954919,-1.62793332816687,18.8872472760786,"price.mod","status.quo"
2017,"Small",1.76908345898382,0.27765597228028,0.905022105360271,105.289747018295,17.9507623748429,96.1991262692924,30.8401314314963,191.623841375467,30.0186528631441,105.289747018295,643.395908676093,17.2303408798294,183.465747824202,60.425070939123,1.91724956837105,122.105100641466,"price.mod","status.quo"
2017.5,"Small",-1.34966622896384,0.288467628018061,0.908397349545999,30.328180552066,116.949657037916,17.9507623748429,96.1991262692924,30.8401314314963,191.623841375467,30.328180552066,186.58222573881,4.92972217453505,54.0015412349578,17.0328200744627,-1.1208125122833,38.1273185761101,"price.mod","status.quo"
2018,"Small",1.48247806778312,0.206782089962736,0.885850441653209,160.147816849343,36.365451025562,116.949657037916,17.9507623748429,96.1991262692924,30.8401314314963,160.147816849343,941.804887528542,27.2320982628511,242.175198259935,105.904004315432,0.869022929225291,86.7163203578054,"price.mod","status.quo"
2018.5,"Small",-1.45823849223071,0.261549690018788,0.900211315523613,19.3435099048483,83.145779776665,36.365451025562,116.949657037916,17.9507623748429,96.1991262692924,19.3435099048483,117.070882984636,3.19610962093856,32.6373173543032,11.4645260631273,-0.953316780088465,32.0494066496181,"price.mod","status.quo"
2019,"Small",1.40263628516764,0.222308517572278,0.889602860400647,124.798850165064,30.6939926810589,83.145779776665,36.365451025562,116.949657037916,17.9507623748429,124.798850165064,739.451698267514,21.0625697919321,194.672815009931,80.0047659542379,1.80757657633297,187.100056196842,"price.mod","status.quo"
2019.5,"Small",-1.79370175305974,0.28447611043858,0.907137712620356,29.7877383868601,179.073905115168,30.6939926810589,83.145779776665,36.365451025562,116.949657037916,29.7877383868601,182.796273025585,4.85408889096895,52.6175158986325,16.8633836670172,-1.76149788035285,30.7626323497436,"price.mod","status.quo"
2020,"Small",1.83306447709026,0.242456263384372,0.894850385205338,183.600846173671,29.3619497486624,179.073905115168,30.6939926810589,83.145779776665,36.365451025562,183.600846173671,1099.33953680536,30.6632023929984,298.17382258941,113.052414940215,2.2431118176698,276.666117600586,"price.mod","status.quo"
2020.5,"Small",-2.01806080802005,0.448661227809125,0.971220402167819,35.1391057285502,264.376822035698,29.3619497486624,179.073905115168,30.6939926810589,83.145779776665,35.1391057285502,245.121851006391,5.03731815965291,86.1971478241889,14.3247982395042,-1.89389134611451,39.7847668086075,"price.mod","status.quo"
2021,"Small",1.91565996501371,0.354358952943173,0.931419583098193,257.439634658492,37.9066022626132,264.376822035698,29.3619497486624,179.073905115168,30.6939926810589,257.439634658492,1658.42631766561,39.9626831696605,522.959053805296,126.731079633957,2.26814220204207,366.232179004331,"price.mod","status.quo"
2021.5,"Small",-2.33266597064921,0.687934012701115,1.10237261308456,33.783372189872,348.150446906087,37.9066022626132,264.376822035698,29.3619497486624,179.073905115168,33.783372189872,306.345625780765,3.725583590791,133.731861255811,8.53436290949567,-2.42801559739015,30.7109450596497,"price.mod","status.quo"
2022,"Small",1.6819135202722,0.564336674787161,1.02978058573546,157.385502559341,29.2764870983752,348.150446906087,37.9066022626132,264.376822035698,29.3619497486624,157.385502559341,1234.30013668668,20.0682116769011,486.565523297215,50.9082440695774,1.54440437792127,137.165617650088,"price.mod","status.quo"
2022.5,"Small",-1.59738795623716,0.563491343234222,1.02931757302969,26.696140764345,131.881919175455,29.2764870983752,348.150446906087,37.9066022626132,264.376822035698,26.696140764345,209.171431123345,3.4071762471686,82.3931004301964,8.64980111184808,-1.39704354512576,32.6179720194644,"price.mod","status.quo"
2023,"Small",1.11618317386834,0.780383009685033,1.16231227045614,95.6020777495792,31.3123121534306,131.881919175455,29.2764870983752,348.150446906087,37.9066022626132,95.6020777495792,977.324850290029,9.3518109841618,455.301835150775,20.0740620055043,NA,NA,"price.mod","status.quo"
2023.5,"Small",-0.662253645580448,0.620110798959476,1.06137155380856,47.113043908146,91.3596165701098,31.3123121534306,131.881919175455,29.2764870983752,348.150446906087,47.113043908146,393.583408474433,5.63956421561169,162.840550024051,13.6307504854476,NA,NA,"price.mod","status.quo"
2024,"Small",1.28706692017054,0.262219162463239,0.900406053628446,163.077544198275,45.0223439512841,91.3596165701098,31.3123121534306,131.881919175455,29.2764870983752,163.077544198275,987.363171054314,26.9346540375236,275.521080769927,96.5235957532689,NA,NA,"price.mod","status.quo"
2024.5,"Small",-1.71205932393979,0.248449330123114,0.896492745027227,28.1282804066481,155.840775220129,45.0223439512841,91.3596165701098,31.3123121534306,131.881919175455,28.1282804066481,168.976724478416,4.6823026134353,46.2320902280601,17.1136575208277,NA,NA,"price.mod","status.quo"
2025,"Small",1.81990319338561,0.21649286751026,0.888167401974788,165.883822548708,26.880052957209,155.840775220129,45.0223439512841,91.3596165701098,31.3123121534306,165.883822548708,980.068515623671,28.0770600674388,255.768672825884,107.587228253337,NA,NA,"price.mod","status.quo"
2025.5,"Small",-1.92538003423454,0.306567878758811,0.914306314390591,23.1158063318706,158.522521476274,26.880052957209,155.840775220129,45.0223439512841,91.3596165701098,23.1158063318706,143.901533292831,3.71323703191682,42.6766698695244,12.5206700524242,NA,NA,"price.mod","status.quo"
2026,"Small",2.16232488347045,0.230808575900625,0.891764975179618,191.991388445507,22.0900136576573,158.522521476274,26.880052957209,155.840775220129,45.0223439512841,191.991388445507,1142.50725120369,32.2629840628133,304.620783724139,121.00518154603,NA,NA,"price.mod","status.quo"
2026.5,"Small",-1.82387910414395,0.29417042902365,0.910224375393116,29.6120214934095,183.471531644841,22.0900136576573,158.522521476274,26.880052957209,155.840775220129,29.6120214934095,182.843237711431,4.79575743626929,53.3311862777046,16.4420084781188,NA,NA,"price.mod","status.quo"
2027,"Small",1.92504560152558,0.225192813730349,0.890328015735561,193.995508614563,28.2979511866901,183.471531644841,22.0900136576573,158.522521476274,26.880052957209,193.995508614563,1151.12043551478,32.693588091669,304.362868142784,123.649305817974,NA,NA,"price.mod","status.quo"
2027.5,"Small",-1.79583100362155,0.330147852961411,0.922480231258567,30.7722404376277,185.386716487214,28.2979511866901,183.471531644841,22.0900136576573,158.522521476274,30.7722404376277,194.722109289296,4.86298543605198,59.5555032225686,15.8999711246219,NA,NA,"price.mod","status.quo"
1987,"Large",NA,NA,NA,NA,NA,NA,NA,NA,NA,NA,NA,NA,NA,NA,NA,7.14587041101213,"price.mod","farmed"
1987.5,"Large",NA,NA,NA,NA,4.66395382096754,NA,NA,NA,NA,NA,NA,NA,NA,NA,0.610136435090352,8.5848582505894,"price.mod","farmed"
1988,"Large",NA,NA,NA,NA,5.75337832616216,4.66395382096754,NA,NA,NA,NA,NA,NA,NA,NA,-0.512831085078008,3.44511102628187,"price.mod","farmed"
1988.5,"Large",NA,NA,NA,NA,2.24669069726174,5.75337832616216,4.66395382096754,NA,NA,NA,NA,NA,NA,NA,1.54489120541646,10.5312764352957,"price.mod","farmed"
1989,"Large",NA,NA,NA,NA,6.88493530487261,2.24669069726174,5.75337832616216,4.66395382096754,NA,NA,NA,NA,NA,NA,1.05239836278623,19.721986874617,"price.mod","farmed"
1989.5,"Large",0.0814392223865132,0.0699315754614831,0.249740978241836,15.7458499081692,14.514347025376,6.88493530487261,2.24669069726174,5.75337832616216,4.66395382096754,15.7458499081692,25.94707247389,9.55528950636259,18.1095601439316,13.6906577167017,0.137053480975411,16.646351965429,"price.mod","farmed"
1990,"Large",0.15446259039606,0.0719798323116924,0.25032224676661,15.164215676497,12.993845601371,14.514347025376,6.88493530487261,2.24669069726174,5.75337832616216,15.164215676497,25.0176834798384,9.19163587902278,17.5122053273877,13.1310381978956,-0.0209747081748427,12.7241418482513,"price.mod","farmed"
1990.5,"Large",0.348888032878715,0.0595933776769367,0.247045545658306,14.255200718191,10.0566466079658,12.993845601371,14.514347025376,6.88493530487261,2.24669069726174,14.255200718191,23.3643859285851,8.69745723842434,16.0596282096393,12.6535150666777,0.258337017950222,13.021095693464,"price.mod","farmed"
1991,"Large",0.417221361012559,0.0511010879847932,0.245135579139165,14.5707745741875,9.60031989241862,10.0566466079658,12.993845601371,14.514347025376,6.88493530487261,14.5707745741875,23.790561807997,8.92402093759817,16.1386974607224,13.1551801010269,1.07655607502253,28.1726738311641,"price.mod","farmed"
1991.5,"Large",-0.0459767606215863,0.0724881690409297,0.250468891516632,20.4500784735838,21.4122562584429,9.60031989241862,10.0566466079658,12.993845601371,14.514347025376,20.4500784735838,33.7481129395717,12.3919731549009,23.6405405433959,17.6901923544452,-0.158033482212266,18.2822381976969,"price.mod","farmed"
1992,"Large",0.219325803641008,0.0582750025091032,0.24673083894013,17.7304922465906,14.2386497355295,21.4122562584429,9.60031989241862,10.0566466079658,12.993845601371,17.7304922465906,29.0421307751866,10.824631213871,19.9222239141995,15.7798826406293,-0.409529699655694,9.45392859910533,"price.mod","farmed"
1992.5,"Large",0.515167190489334,0.0663682751530348,0.248766715847304,11.8503599621654,7.07941341429134,14.2386497355295,21.4122562584429,9.60031989241862,10.0566466079658,11.8503599621654,19.4898082553795,7.20535725096896,13.532508042244,10.3773100148557,0.745153566057287,14.9146599608939,"price.mod","farmed"
1993,"Large",0.37096953545773,0.0692395045775306,0.24954807144277,16.3110884628846,11.2557106688933,7.07941341429134,14.2386497355295,21.4122562584429,9.60031989241862,16.3110884628846,26.8681425568518,9.9021213052258,18.7337022197435,14.2017634167183,-0.527888131417845,6.63917350400357,"price.mod","farmed"
1993.5,"Large",0.652895857240642,0.0854561883787054,0.254524833953155,9.59386196376194,4.99395238798526,11.2557106688933,7.07941341429134,14.2386497355295,21.4122562584429,9.59386196376194,15.961398015084,5.76654922662386,11.3820310932272,8.08662238099902,0.66044053333144,9.66651828429478,"price.mod","farmed"
1994,"Large",0.431488503708379,0.061155474296128,0.247427005403712,11.1768818983846,7.2598489668284,4.99395238798526,11.2557106688933,7.07941341429134,14.2386497355295,11.1768818983846,18.3329784603521,6.81409675141451,12.6310551680585,9.89012297930128,0.434469950886364,11.2102549065887,"price.mod","farmed"
1994.5,"Large",0.483723081613612,0.0538937093118706,0.245732909619482,12.9457036626365,7.98081780454423,7.2598489668284,4.99395238798526,11.2557106688933,7.07941341429134,12.9457036626365,21.1624797131421,7.91926303498006,14.4190664269882,11.6228914104397,0.625487799327689,14.9174055262332,"price.mod","farmed"
1995,"Large",0.254041831598234,0.0546506093139153,0.24590002046573,13.7561986601862,10.6701241703459,7.98081780454423,7.2598489668284,4.99395238798526,11.2557106688933,13.7561986601862,22.4949215559274,8.41225434407638,15.3450163383454,12.3318866142643,0.283183857837616,14.1629805993173,"price.mod","farmed"
1995.5,"Large",0.344399053711215,0.0501547224139925,0.24494004806705,14.2779898445226,10.1180415874083,10.6701241703459,7.98081780454423,7.2598489668284,4.99395238798526,14.2779898445226,23.3034000762922,8.74812230545229,15.7845028218531,12.9152622861236,0.536858314891243,17.308166480047,"price.mod","farmed"
1996,"Large",0.173187462650484,0.0504882091021662,0.245008551330373,15.5234236477768,13.0548880080025,10.1180415874083,10.6701241703459,7.98081780454423,7.2598489668284,15.5234236477768,25.3395695798611,9.50989640881176,17.1727960115919,14.0324663255589,-0.651906664558627,6.80226713675773,"price.mod","farmed"
1996.5,"Large",0.675975695573421,0.0705065592428965,0.249902592749528,9.757736751341,4.96336921688209,13.0548880080025,10.1180415874083,10.6701241703459,7.98081780454423,9.757736751341,16.0846543066789,5.9195196050272,11.2354459951125,8.47437890315074,0.779176665386796,10.8185413426617,"price.mod","farmed"
1997,"Large",0.431701499253105,0.0545043524320286,0.245867556624901,12.1013463353453,7.85865297512453,4.96336921688209,13.0548880080025,10.1180415874083,10.6701241703459,12.1013463353453,19.7875277389189,7.40075188068824,13.4950832939738,10.8515508898985,-0.240618304862747,6.17801430322705,"price.mod","farmed"
1997.5,"Large",0.700541163613016,0.080041896229609,0.252758454099355,8.55645726556392,4.24671214255765,7.85865297512453,4.96336921688209,13.0548880080025,10.1180415874083,8.55645726556392,14.1852563760212,5.16120110886265,10.0419370216624,7.29072098136917,1.04060731692264,12.0221692989969,"price.mod","farmed"
1998,"Large",0.354991234141148,0.0620951429648118,0.247660933024336,11.9026643908326,8.34590533298364,4.24671214255765,7.85865297512453,4.96336921688209,13.0548880080025,11.9026643908326,19.5325858378143,7.25318300286282,13.4765691551197,10.5125731905566,-0.0980708023631223,7.56627019220878,"price.mod","farmed"
1998.5,"Large",0.624005594196776,0.0735122280833815,0.250767180158105,10.094329864051,5.4084809746588,8.34590533298364,4.24671214255765,7.85865297512453,4.96336921688209,10.094329864051,16.6682919152498,6.11313360255274,11.6930929668888,8.71416106010681,0.973279375904727,14.3141369712653,"price.mod","farmed"
1999,"Large",0.225489489951078,0.059200349232688,0.246951032222861,13.5973202105074,10.8523672946907,5.4084809746588,8.34590533298364,4.24671214255765,7.85865297512453,13.5973202105074,22.2819023335282,8.29763608778005,15.3064365342483,12.0790437730811,0.151007381393711,12.6213600588856,"price.mod","farmed"
1999.5,"Large",0.419000575762795,0.0518088181912513,0.245284089596203,13.9840005984982,9.19733056477768,10.8523672946907,5.4084809746588,8.34590533298364,4.24671214255765,13.9840005984982,22.8392841169216,8.56210167261391,15.510721556036,12.6075548472921,0.367480505757245,13.2817882412885,"price.mod","farmed"
2000,"Large",0.330996726509151,0.0524547798336804,0.245421341561943,13.3102386695945,9.55951350659522,9.19733056477768,10.8523672946907,5.4084809746588,8.34590533298364,13.3102386695945,21.7448347586425,8.14733500658845,14.782486323247,11.9846181195489,0.65182611476802,18.3451081312111,"price.mod","farmed"
2000.5,"Large",0.205905064083272,0.0524913556969721,0.245429161652747,16.1316684487527,13.1297317831816,9.55951350659522,9.19733056477768,10.8523672946907,5.4084809746588,16.1316684487527,26.3545951218542,9.87420697367078,17.9173055408551,14.5239877919759,0.313252237697957,17.9597204573771,"price.mod","farmed"
2001,"Large",0.17439931439248,0.0494307481861202,0.244792830436073,16.3325892861761,13.718744921723,13.1297317831816,9.55951350659522,9.19733056477768,10.8523672946907,16.3325892861761,26.6489064332279,10.0099219252879,18.0297640547315,14.7951726922855,0.0792879318291049,14.8507604387454,"price.mod","farmed"
2001.5,"Large",0.305654130789478,0.0438391112978426,0.243725252376623,15.1570198057646,11.1652876372669,13.718744921723,13.1297317831816,9.55951350659522,9.19733056477768,15.1570198057646,24.6780524268134,9.30929416223811,16.5459606202987,13.8846728010762,0.182584334443387,13.4018664130013,"price.mod","farmed"
2002,"Large",0.345853800714642,0.0455168338938558,0.244032606703254,15.182053939172,10.7430632552523,11.1652876372669,13.718744921723,13.1297317831816,9.55951350659522,15.182053939172,24.7340115387093,9.31893968963336,16.6289929677178,13.8610174566428,0.217131796108908,13.3483404174564,"price.mod","farmed"
2002.5,"Large",0.327151279107281,0.0470147471940228,0.244316428879398,15.6083260558953,11.2532076707808,10.7430632552523,11.1652876372669,13.718744921723,13.1297317831816,15.6083260558953,25.4429159140692,9.57515416432385,17.1471844444104,14.2075711063198,0.218507774293999,14.0014513009392,"price.mod","farmed"
2003,"Large",0.275907633766283,0.0455131070306446,0.24403191159815,15.4815597164111,11.7486928335576,11.2532076707808,10.7430632552523,11.1652876372669,13.718744921723,15.4815597164111,25.2219196333189,9.5027933931,16.9569170142788,14.1345676841478,0.295022181441905,15.7803290514298,"price.mod","farmed"
2003.5,"Large",0.193936256966364,0.0473065401095693,0.244372747465429,16.2804768779747,13.4103982580291,11.7486928335576,11.2532076707808,10.7430632552523,11.1652876372669,16.2804768779747,26.54156904954,9.98636994216672,17.8960448910195,14.8107544984578,0.519418399177725,22.5435455053521,"price.mod","farmed"
2004,"Large",-0.0234228756559451,0.0656584271577934,0.24857827745702,19.3180981705424,19.775924454676,13.4103982580291,11.7486928335576,11.2532076707808,10.7430632552523,19.3180981705424,31.7597238193018,11.7503829394105,22.0289883849766,16.9408104632358,0.577299721395942,35.2253143784838,"price.mod","farmed"
2004.5,"Large",-0.104589368644245,0.0902185771214369,0.256163078183568,27.3149206869888,30.3265166522648,19.775924454676,13.4103982580291,11.7486928335576,11.2532076707808,27.3149206869888,45.5932306374595,16.364378696242,32.7161962171054,22.8053679341364,-0.220757798310307,24.3191636845117,"price.mod","farmed"
2005,"Large",0.0910352185393409,0.0748792592526564,0.251171324861917,22.8841196182297,20.8928706804357,30.3265166522648,19.775924454676,13.4103982580291,11.7486928335576,22.8841196182297,37.8180254709258,13.8474424346678,26.5811341600626,19.7013012141621,-0.35686653251583,14.6222077599464,"price.mod","farmed"
2005.5,"Large",0.337132850421153,0.0760138810708368,0.251511910418007,17.9772348656326,12.8324019843284,20.8928706804357,30.3265166522648,19.775924454676,13.4103982580291,17.9772348656326,29.7292095370655,10.8708229531358,20.9289630163415,15.44180536617,0.701632052152539,25.8834929969359,"price.mod","farmed"
2006,"Large",0.245012872779167,0.0881365358155995,0.255437232822936,29.4795176482465,23.0734552270583,12.8324019843284,20.8928706804357,30.3265166522648,19.775924454676,29.4795176482465,49.1349291974485,17.6868467090089,35.1620992553668,24.7153036700627,0.736700771047751,48.2011848862208,"price.mod","farmed"
2006.5,"Large",-0.0812946093136518,0.0895919016999508,0.25594304018058,40.9878619835796,44.4591407952258,23.0734552270583,12.8324019843284,20.8928706804357,30.3265166522648,40.9878619835796,68.3855848118561,24.5666515042173,49.0313444910914,34.2638948089667,0.078062246088644,48.0687764989239,"price.mod","farmed"
2007,"Large",-0.0813990174258974,0.118888887825443,0.267609227447476,41.6235634112567,45.1533941716121,44.4591407952258,23.0734552270583,12.8324019843284,20.8928706804357,41.6235634112567,71.0856074857535,24.3723180026017,52.7964635745007,32.8150961968534,-0.485535663415218,27.7859303224289,"price.mod","farmed"
2007.5,"Large",0.234078315800363,0.103625586911682,0.261186510427807,31.4898187589068,24.9178886144639,45.1533941716121,44.4591407952258,23.0734552270583,12.8324019843284,31.4898187589068,53.0925862809585,18.6769708339569,38.7416579303657,25.5954117206631,0.281550781790758,33.0207696088209,"price.mod","farmed"
2008,"Large",0.269258499003883,0.10559317794458,0.26197337688227,38.1704334174942,29.1601404195457,24.9178886144639,45.1533941716121,44.4591407952258,23.0734552270583,38.1704334174942,64.4576214051107,22.6037193976232,47.1459249274688,30.9036674860199,-0.22676424981767,23.2438009992854,"price.mod","farmed"
2008.5,"Large",0.745499261492022,0.100557834731407,0.259984632416097,41.5685242434802,19.7241542869151,29.1601404195457,24.9178886144639,45.1533941716121,44.4591407952258,41.5685242434802,69.9172581830253,24.7141013919266,50.8285864434914,33.9954802737203,1.00019844442605,53.6264509942925,"price.mod","farmed"
2009,"Large",-0.242519861128922,0.0841478248203833,0.254088542419107,38.5371499567539,49.1139236068657,19.7241542869151,29.1601404195457,24.9178886144639,45.1533941716121,38.5371499567539,64.0586964334611,23.1836114294326,45.6004853282316,32.5678973830986,-0.116125142913405,43.7292593414929,"price.mod","farmed"
2009.5,"Large",0.181871708677053,0.094123884232575,0.257564431841222,50.5838575183544,42.1721814086092,49.1139236068657,19.7241542869151,29.1601404195457,24.9178886144639,50.5838575183544,84.6700016973911,30.219990435125,61.0614218094793,41.9041444763731,0.629694503935974,79.1587475834059,"price.mod","farmed"
2010,"Large",-0.10220753949938,0.131028281197044,0.273218852644022,67.8056254540337,75.1024140180614,42.1721814086092,49.1139236068657,19.7241542869151,29.1601404195457,67.8056254540337,117.106393540288,39.2600498078782,88.1201941517319,52.1742250737238,0.166922443989248,88.7457150702596,"price.mod","farmed"
2010.5,"Large",0.177412963771403,0.171811244151519,0.294956326569811,89.8552650313398,75.2478435257279,75.1024140180614,42.1721814086092,49.1139236068657,19.7241542869151,89.8552650313398,162.083699058485,49.8135759533657,126.70007735041,63.7250491293893,0.317418617225061,103.358741387125,"price.mod","farmed"
2011,"Large",-0.0319604692500012,0.182056422422233,0.301039319544552,87.6539630893241,90.5006736688775,75.2478435257279,75.1024140180614,42.1721814086092,49.1139236068657,87.6539630893241,160.04827114226,48.0056247432707,126.154793165426,60.9030941471215,-0.0593987840866889,85.2815819611417,"price.mod","farmed"
2011.5,"Large",0.0994925191026034,0.171134690717334,0.294562749399142,81.3741476326226,73.6677491297408,90.5006736688775,75.2478435257279,75.1024140180614,42.1721814086092,81.3741476326226,146.669700713246,45.1473744797642,114.586157507583,57.788410458721,0.141629776772767,84.8762984025984,"price.mod","farmed"
2012,"Large",-0.0635261804452282,0.176170133016285,0.29751646464295,69.6311794895524,74.1981063266677,73.6677491297408,90.5006736688775,75.2478435257279,75.1024140180614,69.6311794895524,126.247640324829,38.4046873639087,99.0428628217701,48.9535643353852,-0.176969622104378,62.1635618998823,"price.mod","farmed"
2012.5,"Large",-0.00391377906672674,0.180501158632284,0.300101314949237,55.7190740219417,55.9375734678365,74.1981063266677,73.6677491297408,90.5006736688775,75.2478435257279,55.7190740219417,101.547346759725,30.573080527732,79.9438767315678,38.8349344163926,0.125883974326512,63.4416308366028,"price.mod","farmed"
2013,"Large",-0.295907796866049,0.169302454419185,0.293502047759508,42.6397603262546,57.3225996861142,55.9375734678365,74.1981063266677,73.6677491297408,90.5006736688775,42.6397603262546,76.691528655347,23.7073010873369,59.8231115950079,30.3920861386982,-0.319911181224012,41.6284477882174,"price.mod","farmed"
2013.5,"Large",0.148557000347511,0.166594469346597,0.291948365612035,40.278343132943,34.7179530776213,57.3225996861142,55.9375734678365,74.1981063266677,73.6677491297408,40.278343132943,72.2195413061552,22.4640713052663,56.20483987463,28.8648616231962,0.306652805376711,47.177153448199,"price.mod","farmed"
2014,"Large",-0.169925069347303,0.134211477377706,0.274759625175481,31.7445626448648,37.6241647971511,34.7179530776213,57.3225996861142,55.9375734678365,74.1981063266677,31.7445626448648,54.9949138633168,18.3238264545391,41.5187200117231,24.2713951015159,-0.726590908875589,18.1933404151374,"price.mod","farmed"
2014.5,"Large",1.0274215863098,0.152949402248963,0.284382929542157,38.9610763043344,13.9452858319875,37.6241647971511,34.7179530776213,57.3225996861142,55.9375734678365,38.9610763043344,68.8086155666321,22.0606889746563,52.9030984388536,28.6933187580054,1.46490058198245,60.3428279737265,"price.mod","farmed"
2015,"Large",-0.35990501984231,0.11623767757172,0.266441979901688,34.6115745444331,49.6050761570718,13.9452858319875,37.6241647971511,34.7179530776213,57.3225996861142,34.6115745444331,58.9725517059417,20.313875825118,43.6700933741766,27.4320707808067,-0.353594322472505,34.8306883702158,"price.mod","farmed"
2015.5,"Large",0.55924310244565,0.0974191822400128,0.258786838991045,56.9589162988767,32.5600845809288,49.6050761570718,13.9452858319875,37.6241647971511,34.7179530776213,56.9589162988767,95.5742965391065,33.9455090272619,69.2116087980362,46.8753465247365,0.75110031279805,69.0055855708675,"price.mod","farmed"
2016,"Large",-0.190042995226141,0.119495602766631,0.267879319931988,52.9603533163552,64.0450395113498,32.5600845809288,49.6050761570718,13.9452858319875,37.6241647971511,52.9603533163552,90.4956897818503,30.9937305318569,67.257920501522,41.702137123459,-0.294199043202684,47.7217627034916,"price.mod","farmed"
2016.5,"Large",0.178959994938044,0.147800570186791,0.28164718978574,52.3264133994981,43.7521732109983,64.0450395113498,32.5600845809288,49.6050761570718,13.9452858319875,52.3264133994981,91.908696918788,29.7910168574641,70.3232465312706,38.9352550445412,0.0416126615842015,45.6112294717389,"price.mod","farmed"
2017,"Large",-0.0747434826857304,0.108525308082878,0.263168906714201,36.8688201138523,39.7301240905552,43.7521732109983,64.0450395113498,32.5600845809288,49.6050761570718,36.8688201138523,62.4086585092721,21.7807901829142,45.8060796906683,29.6753161538188,-0.149805983511594,34.2026699473219,"price.mod","farmed"
2017.5,"Large",0.314150261456912,0.127894901699583,0.27173008086594,42.8708558498187,31.3132704206171,39.7301240905552,43.7521732109983,64.0450395113498,32.5600845809288,42.8708558498187,73.8216763516886,24.8966207776165,55.3669058344951,33.1951055164594,0.348835628620957,44.3839364102981,"price.mod","farmed"
2018,"Large",-0.127252782085138,0.106135920801645,0.262192609833071,35.536864831153,40.3593619222047,31.3132704206171,39.7301240905552,43.7521732109983,64.0450395113498,35.536864831153,60.0366868751694,21.0349509234819,43.9407636075623,28.7402552515109,-0.159019725660945,34.4257096933832,"price.mod","farmed"
2018.5,"Large",0.41603116400198,0.0818363373215829,0.253332424045711,48.1400923496885,31.7560794804414,40.3593619222047,31.3132704206171,39.7301240905552,43.7521732109983,48.1400923496885,79.900347248465,29.0044858532334,56.7007832943181,40.8718955328571,0.475584896353227,51.0941026773258,"price.mod","farmed"
2019,"Large",-0.193477798563638,0.08061505536765,0.252940542654975,38.4076521985369,46.6062435682489,31.7560794804414,40.3593619222047,31.3132704206171,39.7301240905552,38.4076521985369,63.6970213605807,23.1588183543646,45.1272748007644,32.6886069215681,-0.643862787899628,24.4803737822038,"price.mod","farmed"
2019.5,"Large",0.662544676192802,0.0858729695523354,0.25466506997702,43.5316916965774,22.4422320099205,46.6062435682489,31.7560794804414,40.3593619222047,31.3132704206171,43.5316916965774,72.4443990179707,26.1581048038756,51.6884915775701,36.6620910018622,0.48735765566431,36.5361505714671,"price.mod","farmed"
2020,"Large",0.0759010076622205,0.0812600765901619,0.253146856615094,35.7402892340478,33.1279585409841,22.4422320099205,46.6062435682489,31.7560794804414,40.3593619222047,35.7402892340478,59.2978065129103,21.5415771619695,42.0474505515798,30.3792086744104,0.102417182658322,36.7006614265975,"price.mod","farmed"
2020.5,"Large",0.357492098953856,0.0973114321884512,0.258746296207756,48.4714431356881,33.9022954421545,33.1279585409841,22.4422320099205,46.6062435682489,31.7560794804414,48.4714431356881,81.3261339436828,28.8896162368081,58.88566530352,39.899027845675,0.539734110112561,58.1611051167601,"price.mod","farmed"
2021,"Large",-0.215318250511146,0.0945055473363853,0.257704151002684,42.153458556252,52.2811029296427,33.9022954421545,33.1279585409841,22.4422320099205,46.6062435682489,42.153458556252,70.5784626692276,25.1764348648584,50.9236692030551,34.8936770673046,-0.066429274021153,48.9209490709912,"price.mod","farmed"
2021.5,"Large",0.134714277899276,0.0948032617012494,0.257813477917389,48.7515669858875,42.6071918726642,52.2811029296427,33.9022954421545,33.1279585409841,22.4422320099205,48.7515669858875,81.6436704634788,29.110833333279,58.9296207737177,40.3314199612071,0.0164079940755796,43.312057324851,"price.mod","farmed"
2022,"Large",0.0999379576569367,0.083994255503574,0.254037725395784,41.2738941783202,37.3484809559886,42.6071918726642,52.2811029296427,33.9022954421545,33.1279585409841,41.2738941783202,68.6008996225965,24.8325364538229,48.8238395475726,34.8914455812779,0.585571660535611,67.0785218286594,"price.mod","farmed"
2022.5,"Large",-0.291553873458917,0.167250118638427,0.292322994564629,46.9530008290426,62.8468611894902,37.3484809559886,42.6071918726642,52.2811029296427,33.9022954421545,46.9530008290426,84.2503824057308,26.1670537735402,65.6047010880646,33.6040596220803,-0.508941018326083,37.7792486423378,"price.mod","farmed"
2023,"Large",0.349930507239406,0.132555313298678,0.273954452510586,51.699440891452,36.4345120881752,62.8468611894902,37.3484809559886,42.6071918726642,52.2811029296427,51.699440891452,89.4210284425528,29.8904210233487,67.3941078567978,39.6597309985629,NA,NA,"price.mod","farmed"
2023.5,"Large",-0.351059029355435,0.124633446481022,0.270210338344783,34.9505017421463,49.6496754608313,36.4345120881752,62.8468611894902,37.3484809559886,42.6071918726642,34.9505017421463,60.0005363449593,20.358777545001,44.8444447311819,27.239440232792,NA,NA,"price.mod","farmed"
2024,"Large",0.340996532041467,0.117651360978639,0.267061741376016,47.2037927185642,33.5647937147749,49.6496754608313,36.4345120881752,62.8468611894902,37.3484809559886,47.2037927185642,80.5274182910357,27.6700544274772,59.726569134659,37.3066472643607,NA,NA,"price.mod","farmed"
2024.5,"Large",-0.284522487055124,0.106442135241816,0.262316715291842,34.106795415006,45.3322695291385,33.5647937147749,49.6496754608313,36.4345120881752,62.8468611894902,34.106795415006,57.6350029969731,20.1834550705614,42.1983412734082,27.5668061439687,NA,NA,"price.mod","farmed"
2025,"Large",0.419405308730589,0.0856832073211034,0.254601144898242,49.8215110295609,32.7545384275907,45.3322695291385,33.5647937147749,49.6496754608313,36.4345120881752,49.8215110295609,82.9011661465644,29.9414721969086,59.1344256890881,41.9752611502353,NA,NA,"price.mod","farmed"
2025.5,"Large",-0.269415497685766,0.0920379584793223,0.256809495088686,36.546163994615,47.8462012535017,32.7545384275907,45.3322695291385,33.5647937147749,49.6496754608313,36.546163994615,61.0806558956568,21.866531770761,43.9324024827856,30.4017542233126,NA,NA,"price.mod","farmed"
2026,"Large",0.361405117816861,0.0824956111602217,0.253546163109132,50.3765723755686,35.0971915824136,47.8462012535017,32.7545384275907,45.3322695291385,33.5647937147749,50.3765723755686,83.6480871116595,30.3389967653804,59.413261291154,42.7143534820356,NA,NA,"price.mod","farmed"
2026.5,"Large",-0.262060223253731,0.0936323988572779,0.257385230894145,37.2261286165765,48.379255677591,35.0971915824136,47.8462012535017,32.7545384275907,45.3322695291385,37.2261286165765,62.2887828286945,22.2477401041703,44.8927222934348,30.8688041397873,NA,NA,"price.mod","farmed"
2027,"Large",0.320713075910521,0.0874618596077521,0.255205226930622,49.2677081704862,35.7501971511995,48.379255677591,35.0971915824136,47.8462012535017,32.7545384275907,49.2677081704862,82.0787632437176,29.5729001320933,58.6854942129737,41.3612784713601,NA,NA,"price.mod","farmed"
2027.5,"Large",-0.259650825118698,0.0951866741795682,0.257954712901376,36.4945495335121,47.3143554201963,35.7501971511995,48.379255677591,35.0971915824136,47.8462012535017,36.4945495335121,61.1342550009302,21.7856935630229,44.1474986598118,30.1682357117635,NA,NA,"price.mod","farmed"
1987,"Medium",NA,NA,NA,NA,NA,NA,NA,NA,NA,NA,NA,NA,NA,NA,NA,61.588251470677,"price.mod","farmed"
1987.5,"Medium",NA,NA,NA,NA,54.5415494554108,NA,NA,NA,NA,NA,NA,NA,NA,NA,-0.840375669347766,23.5373169544311,"price.mod","farmed"
1988,"Medium",NA,NA,NA,NA,20.7723982842426,54.5415494554108,NA,NA,NA,NA,NA,NA,NA,NA,0.655793285526642,40.0215630621078,"price.mod","farmed"
1988.5,"Medium",NA,NA,NA,NA,36.1814989387385,20.7723982842426,54.5415494554108,NA,NA,NA,NA,NA,NA,NA,-0.836167061539971,15.67991897669,"price.mod","farmed"
1989,"Medium",NA,NA,NA,NA,13.9463370565353,36.1814989387385,20.7723982842426,54.5415494554108,NA,NA,NA,NA,NA,NA,2.59731038121477,187.265477978117,"price.mod","farmed"
1989.5,"Medium",-1.12142398363182,0.271865011312746,0.577886616643792,55.3929126892749,170.013124906912,13.9463370565353,36.1814989387385,20.7723982842426,54.5415494554108,55.3929126892749,175.954403255405,17.4384654173602,95.4098362417348,32.1599417530437,-1.49357362067379,38.179625854383,"price.mod","farmed"
1990,"Medium",1.05766590723172,0.241654094101611,0.564304047935153,97.8605593675321,33.9835877422949,170.013124906912,13.9463370565353,36.1814989387385,20.7723982842426,97.8605593675321,302.521302873189,31.656246977558,158.674001120694,60.3544941961971,1.36637839873634,133.253868343756,"price.mod","farmed"
1990.5,"Medium",-1.22431024823222,0.229819279053277,0.559338232507395,35.9477848661083,122.287852633764,33.9835877422949,170.013124906912,13.9463370565353,36.1814989387385,35.9477848661083,110.0289959066,11.7445699302477,56.9233726143119,22.7014524514506,-1.23078180468435,35.7158978911478,"price.mod","farmed"
1991,"Medium",0.989834272312606,0.184979724174994,0.54245723856889,85.589131785151,31.8081974383853,122.287852633764,33.9835877422949,170.013124906912,13.9463370565353,85.589131785151,253.27422299357,28.923193971942,123.90532405713,59.1217490893154,1.63503610538755,163.164703739858,"price.mod","farmed"
1991.5,"Medium",-1.01754962643311,0.191561406612408,0.544736752774451,53.3052873069508,147.464158302076,31.8081974383853,122.287852633764,33.9835877422949,170.013124906912,53.3052873069508,158.461083120335,17.9315551738264,78.1912961151581,36.3397692077102,-1.17050854595926,45.7447305443982,"price.mod","farmed"
1992,"Medium",1.1178660860957,0.129117785405883,0.526035892148101,125.272775578447,40.9612901600747,147.464158302076,31.8081974383853,122.287852633764,33.9835877422949,125.272775578447,358.728325554482,43.7469449251635,162.183617574711,96.7623520538311,0.293112285211066,54.9124315896693,"price.mod","farmed"
1992.5,"Medium",-0.311058662633707,0.214584952635386,0.553253160151354,36.3872701168546,49.66386737168,40.9612901600747,147.464158302076,31.8081974383853,122.287852633764,36.3872701168546,110.026947351556,12.0337195425991,55.8901913341761,23.6899068503871,-0.286264087737031,37.3007549468887,"price.mod","farmed"
1993,"Medium",0.861704878139582,0.176697208686761,0.53968904090932,79.6974786797589,33.6675030866149,49.66386737168,40.9612901600747,147.464158302076,31.8081974383853,79.6974786797589,234.537627158327,27.0817445578694,113.480653373633,55.9715503839918,0.135467204686241,38.5517030493375,"price.mod","farmed"
1993.5,"Medium",0.259347337187757,0.231201729471012,0.559907668308192,45.8529168286537,35.3780466365298,33.6675030866149,49.66386737168,40.9612901600747,147.464158302076,45.8529168286537,140.506556063657,14.9636432675988,72.8091964717411,28.8767090364946,-0.0421084735460077,33.9192602734498,"price.mod","farmed"
1994,"Medium",0.718528461198945,0.141613224767331,0.529241592043682,62.3835507978267,30.4100507460308,35.3780466365298,33.6675030866149,49.66386737168,40.9612901600747,62.3835507978267,179.789157247927,21.6459516787122,82.8082820501961,46.9965964006593,1.06781484955674,88.4633215171126,"price.mod","farmed"
1994.5,"Medium",-0.622153163087698,0.169522278739586,0.53738269446363,40.8752067134558,76.1478503281092,30.4100507460308,35.3780466365298,33.6675030866149,49.66386737168,40.8752067134558,119.735970798186,13.9538896517892,57.3726806919383,29.1215697735824,-0.754970624200099,35.7913493271969,"price.mod","farmed"
1995,"Medium",0.833378530231832,0.146834293008932,0.530662479287317,70.6908247911698,30.7207172996105,76.1478503281092,30.4100507460308,35.3780466365298,33.6675030866149,70.6908247911698,204.310469537265,24.4588185861146,94.8203808338495,52.7016730549972,1.4880676867975,136.047616312207,"price.mod","farmed"
1995.5,"Medium",-1.0057627661557,0.187657617451704,0.543376240470246,44.9456114358434,122.880936444962,30.7207172996105,76.1478503281092,30.4100507460308,35.3780466365298,44.9456114358434,133.247140741221,15.1606103973748,65.4160969509646,30.8809005963177,-0.789002615599826,55.8245241973401,"price.mod","farmed"
1996,"Medium",0.694505673981283,0.13355453377063,0.527142457795442,101.571971694015,50.7170402610042,122.880936444962,30.7207172996105,76.1478503281092,30.4100507460308,101.571971694015,291.503654771915,35.3918905129413,132.671572619073,77.7624417208927,-0.302350814319456,37.4838862126095,"price.mod","farmed"
1996.5,"Medium",0.266138708870025,0.207494844973798,0.550541976610893,44.8534925118185,34.3727035365811,50.7170402610042,122.880936444962,30.7207172996105,76.1478503281092,44.8534925118185,134.893477260386,14.9142555397567,67.9241163729384,29.6188732064138,-0.0448715927883911,32.8644377846546,"price.mod","farmed"
1997,"Medium",0.854640954735584,0.193403115517125,0.545387130771949,69.1687784492384,29.4268825084318,34.3727035365811,50.7170402610042,122.880936444962,30.7207172996105,69.1687784492384,205.886252483626,23.2376851511264,101.83519928572,46.9810040704728,0.0499857399194257,30.9351898961217,"price.mod","farmed"
1997.5,"Medium",0.6388967370381,0.221948867270572,0.556150750249084,51.0863321023677,26.9671713650395,29.4268825084318,34.3727035365811,50.7170402610042,122.880936444962,51.0863321023677,155.371416870798,16.7972551208929,79.6318965041326,32.7734669428345,0.361322572011867,38.7039949299099,"price.mod","farmed"
1998,"Medium",0.452565566354971,0.149203699364565,0.531322972610822,53.035830535221,33.7304896801974,26.9671713650395,29.4268825084318,34.3727035365811,50.7170402610042,53.035830535221,153.486663143014,18.3260177983008,71.4769579765041,39.3525326229651,0.888569526684885,82.020703187958,"price.mod","farmed"
1998.5,"Medium",-0.634312991612881,0.186102685154273,0.54284119845638,40.0550466841097,75.5328504392239,33.7304896801974,26.9671713650395,29.4268825084318,34.3727035365811,40.0550466841097,118.62141937612,13.5254389409978,58.1171060896985,27.6064462395969,-0.821812143870236,33.2068281820347,"price.mod","farmed"
1999,"Medium",0.78581144035792,0.165510976219253,0.5361308054654,67.0823117856608,30.5727460189817,75.5328504392239,33.7304896801974,26.9671713650395,29.4268825084318,67.0823117856608,196.013201274867,22.9578238875771,93.4047641452711,48.1778054437326,1.28396679834131,110.396204912346,"price.mod","farmed"
1999.5,"Medium",-0.900925888386549,0.188977387894154,0.543833439993557,40.9972470528803,100.930363402557,30.5727460189817,75.5328504392239,33.7304896801974,26.9671713650395,40.9972470528803,121.652886807712,13.8161478121894,59.8271574116846,28.0938346167627,-1.05685399968385,35.0780931239712,"price.mod","farmed"
2000,"Medium",1.09651951632377,0.129920907577932,0.52623359788767,93.1911408967943,31.1287909853578,100.930363402557,30.5727460189817,75.5328504392239,33.7304896801974,93.1911408967943,266.965612559392,32.530739290305,120.843277352792,71.86654427033,1.48716322685319,137.730155086589,"price.mod","farmed"
2000.5,"Medium",-1.02836263161133,0.143083976497901,0.529637028209302,43.3417101322919,121.204364711982,31.1287909853578,100.930363402557,30.5727460189817,75.5328504392239,43.3417101322919,125.009471979713,15.0268920222019,57.7015136831283,32.5555382742217,-0.972383276453961,45.8371459346628,"price.mod","farmed"
2001,"Medium",0.994159783063788,0.1206478574404,0.524021242722934,110.237491502991,40.7916445122629,121.204364711982,31.1287909853578,100.930363402557,30.5727460189817,110.237491502991,314.404237205527,38.6518471916397,140.321015694857,86.6035958526594,1.09741123561584,122.228042978677,"price.mod","farmed"
2001.5,"Medium",-0.965333419933378,0.138853479315456,0.528509835327534,42.9538818784253,112.782416589734,40.7916445122629,121.204364711982,31.1287909853578,100.930363402557,42.9538818784253,123.611884873851,14.9260402453099,56.703389263299,32.5383719103349,-0.961463051193845,43.1204513748443,"price.mod","farmed"
2002,"Medium",1.00170920976964,0.119528479848769,0.523764655942807,108.459195931817,39.8317693246401,112.782416589734,40.7916445122629,121.204364711982,31.1287909853578,108.459195931817,309.17372624589,38.0478552463435,137.748696829204,85.3975206514064,1.0353672254236,112.171846993247,"price.mod","farmed"
2002.5,"Medium",-0.790135883438205,0.14132443716543,0.52916439209385,47.9172626209565,105.595072861715,39.8317693246401,112.782416589734,40.7916445122629,121.204364711982,47.9172626209565,138.076048909966,16.6289814577682,63.5689219650176,36.1192857470393,-1.01369087468194,38.3180412808233,"price.mod","farmed"
2003,"Medium",1.08407279212873,0.120792542882887,0.52405457324218,105.715201423787,35.754491839006,105.595072861715,39.8317693246401,112.782416589734,40.7916445122629,105.715201423787,301.526481769056,37.0637555497747,134.603549149634,83.0268138000448,1.16132297432622,114.205434244688,"price.mod","farmed"
2003.5,"Medium",-0.828256833204526,0.139309819326063,0.528629911261735,47.2447785688403,108.158633111086,35.754491839006,105.595072861715,39.8317693246401,112.782416589734,47.2447785688403,135.992802817664,16.4131413999273,62.4247467947367,35.756157880114,-1.14762154474076,34.328552071744,"price.mod","farmed"
2004,"Medium",1.14426780915453,0.126584664284813,0.525419865014664,102.825334072662,32.7454477984885,108.158633111086,35.754491839006,105.595072861715,39.8317693246401,102.825334072662,294.08577988076,35.9522630827016,132.44945376497,79.827051200349,1.45294492931608,140.009304794235,"price.mod","farmed"
2004.5,"Medium",-1.02247575520591,0.144584392670124,0.530044341469388,48.2172674795311,134.047331612359,32.7454477984885,108.158633111086,35.754491839006,105.595072861715,48.2172674795311,139.185264845707,16.703671080196,64.3853413688496,36.1092266308534,-1.31176930007263,36.1047219418449,"price.mod","farmed"
2005,"Medium",1.18087649173167,0.129835397093346,0.526212492875564,111.801038790812,34.3239842971592,134.047331612359,32.7454477984885,108.158633111086,35.754491839006,111.801038790812,320.264058374712,39.028645106596,144.950404557002,86.232751905079,0.936599905004239,87.5705072004475,"price.mod","farmed"
2005.5,"Medium",-0.82507814003426,0.160716977307125,0.534670276071775,36.3539760768863,82.9619211471786,34.3239842971592,134.047331612359,32.7454477984885,108.158633111086,36.3539760768863,105.91576763634,12.4779492807582,50.1359108995107,26.3605777353438,-0.693353820350655,41.4723898421355,"price.mod","farmed"
2006,"Medium",0.935139647250289,0.132793999177585,0.526950285641355,100.266836420962,39.3578461616534,82.9619211471786,34.3239842971592,134.047331612359,32.7454477984885,100.266836420962,287.647441194274,34.9505576831397,130.767769065976,76.880094825169,2.06507791924449,310.372524645165,"price.mod","farmed"
2006.5,"Medium",-1.57741259982054,0.344414405053892,0.615356514330153,61.9294310478041,299.887716933125,39.3578461616534,82.9619211471786,34.3239842971592,134.047331612359,61.9294310478041,212.02592534263,18.0886107380831,123.325146864745,31.098721772543,-1.84214565859417,47.5253127506441,"price.mod","farmed"
2007,"Medium",1.03870188490228,0.300777576172455,0.592038434265974,129.769608256451,45.9272557990138,299.887716933125,39.3578461616534,82.9619211471786,34.3239842971592,129.769608256451,424.044118346876,39.7132055331499,236.823653553078,71.1084005941938,1.04504257516977,130.595051322414,"price.mod","farmed"
2007.5,"Medium",-1.06976575025574,0.273202552000847,0.578517062617607,43.0797539532092,125.564414661902,45.9272557990138,299.887716933125,39.3578461616534,82.9619211471786,43.0797539532092,137.014569393883,13.5450208607662,74.4001713465207,24.9443672921841,-1.07418164873312,42.8899375467655,"price.mod","farmed"
2008,"Medium",0.826156320191573,0.338154393101784,0.611874783672252,93.2934132221184,40.8371900612423,125.564414661902,45.9272557990138,299.887716933125,39.3578461616534,93.2934132221184,317.189400974385,27.4399488882537,183.471307657807,47.4388124320025,1.13156558939017,126.615986413483,"price.mod","farmed"
2008.5,"Medium",-0.560605198741847,0.306455747172567,0.594943259727367,67.6163129305402,118.445681109188,40.8371900612423,125.564414661902,45.9272557990138,299.887716933125,67.6163129305402,222.235090756231,20.572654654866,124.806028969963,36.6325714555108,-0.479368665619495,73.3385068096262,"price.mod","farmed"
2009,"Medium",0.810897824914682,0.159530474234487,0.534314822487089,156.58550473848,69.5958119239747,118.445681109188,40.8371900612423,125.564414661902,45.9272557990138,156.58550473848,455.881023417599,53.7838142732792,215.435845689869,113.811237938096,1.06030464318628,200.940538354323,"price.mod","farmed"
2009.5,"Medium",-0.952075484271193,0.20140581476431,0.54827607967228,75.5044562166017,195.638224741288,69.5958119239747,118.445681109188,40.8371900612423,125.564414661902,75.5044562166017,226.047202163371,25.2200551654893,112.956558503872,50.470047813729,-0.986318172082644,72.9627465340127,"price.mod","farmed"
2010,"Medium",0.953966548328239,0.174702945792801,0.539039401703263,183.804690830747,70.8034113645265,195.638224741288,69.5958119239747,118.445681109188,40.8371900612423,183.804690830747,540.207072901074,62.5392855187096,260.67635600669,129.601951204656,1.31604716898279,264.001385605037,"price.mod","farmed"
2010.5,"Medium",-0.980946980372122,0.268883387717581,0.57648992489931,94.6040668167986,252.307213225298,70.8034113645265,195.638224741288,69.5958119239747,118.445681109188,94.6040668167986,299.669534111507,29.8659971718948,161.97908795067,55.2536106451158,-1.16404419218227,78.7755959577434,"price.mod","farmed"
2011,"Medium",1.26786406105987,0.24341739531662,0.565061399905052,267.25067875271,75.212920293326,252.307213225298,70.8034113645265,195.638224741288,69.5958119239747,267.25067875271,827.417901366341,86.3202562765939,434.8590172589,164.24386400906,1.41365356420404,309.196374991293,"price.mod","farmed"
2011.5,"Medium",-1.41197324877268,0.302035774197754,0.592678636543587,71.7027367704917,294.271310136314,75.212920293326,252.307213225298,70.8034113645265,195.638224741288,71.7027367704917,234.600997870124,21.9150067862229,131.18394059474,39.1914013031605,-1.77965073118159,49.6427041567417,"price.mod","farmed"
2012,"Medium",1.2745705388799,0.30157822688166,0.59244559602466,166.701506375719,46.6015725971919,294.271310136314,75.212920293326,252.307213225298,70.8034113645265,166.701506375719,545.169098061962,50.9738947543493,304.710236243811,91.1994049510652,1.48905816892074,206.580972916685,"price.mod","farmed"
2012.5,"Medium",-0.902626848678471,0.362542816416794,0.625683347273483,79.2969551453523,195.552049125755,46.6015725971919,294.271310136314,75.212920293326,252.307213225298,79.2969551453523,277.152092471267,22.6879293576898,163.740910419052,38.4021749923796,-0.792654232099038,88.5150282054868,"price.mod","farmed"
2013,"Medium",0.489555811901381,0.378227374488883,0.634900231636974,136.866007867355,83.8849813223933,195.552049125755,46.6015725971919,294.271310136314,75.212920293326,136.866007867355,487.262438361366,38.4439731749951,291.621623323596,64.2349627440378,0.0982604397369244,92.5461121748542,"price.mod","farmed"
2013.5,"Medium",-0.32064415642829,0.328455415242457,0.606568476861454,62.6063481850236,86.2724953967701,83.8849813223933,195.552049125755,46.6015725971919,294.271310136314,62.6063481850236,210.609063512186,18.6105705409854,120.756667953603,32.4582890492671,-0.479607553608924,53.4049417858416,"price.mod","farmed"
2014,"Medium",0.860334114715391,0.219598982327935,0.555217138027451,113.921682646801,48.1912323599208,86.2724953967701,83.8849813223933,195.552049125755,46.6015725971919,113.921682646801,345.82936685442,37.5276104950962,176.745206226524,73.4285814826859,0.205412248651006,59.1803376194899,"price.mod","farmed"
2014.5,"Medium",0.500844196368905,0.262916684035004,0.573731243757817,88.2582835865997,53.4861830630599,48.1912323599208,86.2724953967701,83.8849813223933,195.552049125755,88.2582835865997,278.030284255381,28.0168206946035,149.321384267912,52.1661693657801,0.401443679039149,79.9072861183883,"price.mod","farmed"
2015,"Medium",0.233661846639266,0.168179169038469,0.536960510855686,93.2835236117809,73.8459856852104,53.4861830630599,48.1912323599208,86.2724953967701,83.8849813223933,93.2835236117809,273.025314548231,31.8718276795263,130.582059103008,66.6386779103043,0.886934751186687,179.274186314995,"price.mod","farmed"
2015.5,"Medium",-0.890987820440264,0.205275309866222,0.549709296047104,70.6723396260609,172.26639399443,73.8459856852104,53.4861830630599,48.1912323599208,86.2724953967701,70.6723396260609,212.188037864227,23.5384597477506,106.548990091592,46.8758979688858,-0.732665367875821,82.7957484684519,"price.mod","farmed"
2016,"Medium",0.242187855187853,0.219458315895399,0.555161516799907,101.225240328834,79.4525732642323,172.26639399443,73.8459856852104,53.4861830630599,48.1912323599208,101.225240328834,307.252894699892,33.3489104785765,157.002977150498,65.2634075200256,0.441365504939524,123.535156783815,"price.mod","farmed"
2016.5,"Medium",-0.561034766265078,0.207366353318219,0.550493562004521,67.4209600455164,118.154219461139,79.4525732642323,172.26639399443,73.8459856852104,53.4861830630599,67.4209600455164,202.743791989666,22.4203454460929,102.073042108876,44.5326773802878,-0.823010567276352,51.8824274710595,"price.mod","farmed"
2017,"Medium",1.20002849653406,0.172080687997803,0.538195243849039,160.075317047658,48.2123850593167,118.154219461139,79.4525732642323,172.26639399443,73.8459856852104,160.075317047658,469.672162028887,54.5574321825195,225.835263749609,113.463711124932,1.0842783375012,142.578721248489,"price.mod","farmed"
2017.5,"Medium",-0.754567764552126,0.196060359080146,0.546335081907216,63.3929265750332,134.817235696407,48.2123850593167,118.154219461139,79.4525732642323,172.26639399443,63.3929265750332,189.052064527891,21.2569122150723,93.8289088441548,42.8296906492044,-0.500124784678094,81.7605838028627,"price.mod","farmed"
2018,"Medium",0.94718504478037,0.161671961432743,0.534958110914714,197.828979705119,76.7242537231843,134.817235696407,48.2123850593167,118.154219461139,79.4525732642323,197.828979705119,576.698235186636,67.8627102066692,273.348309641254,143.173759744596,0.686520157352821,152.434962727962,"price.mod","farmed"
2018.5,"Medium",-0.905929390930011,0.160169957839766,0.534506101662386,58.5746376949726,144.927148204488,76.7242537231843,134.817235696407,48.2123850593167,118.154219461139,58.5746376949726,170.598697870356,20.1114558547488,80.6921837329658,42.5194612708891,-0.86777408067576,60.8527559514239,"price.mod","farmed"
2019,"Medium",0.960060502562938,0.143456739389215,0.529737853467273,150.37985962151,57.5758948484284,144.927148204488,76.7242537231843,134.817235696407,48.2123850593167,150.37985962151,433.824553340808,52.1272989406381,200.352430691792,112.87161379426,0.410907754363562,86.8351715912736,"price.mod","farmed"
2019.5,"Medium",-0.146057321335299,0.181081979119892,0.541140499761297,71.2622296437441,82.4691075996264,57.5758948484284,144.927148204488,76.7242537231843,134.817235696407,71.2622296437441,210.323631762091,24.1451962922648,102.363520782958,49.6104992770352,-0.39470718126784,55.5740623887195,"price.mod","farmed"
2020,"Medium",1.01668840119575,0.158112523437904,0.533893179753994,145.550831500461,52.6589903978365,82.4691075996264,57.5758948484284,144.927148204488,76.7242537231843,145.550831500461,423.397622107245,50.0358137228966,199.686858064806,106.091330975822,1.3135093253033,195.849460823275,"price.mod","farmed"
2020.5,"Medium",-0.940220605606741,0.207460422488268,0.550529003976121,73.4836935335351,188.158394214572,52.6589903978365,82.4691075996264,57.5758948484284,144.927148204488,73.4836935335351,220.990901916258,24.4347308803541,111.272747259647,48.5280839047708,-0.64634065385475,98.5874012100744,"price.mod","farmed"
2021,"Medium",0.663718165556365,0.223027899339425,0.556582250169448,183.250738761483,94.3618826992547,188.158394214572,52.6589903978365,82.4691075996264,57.5758948484284,183.250738761483,557.810819943814,60.2011148869643,286.263057880569,117.3076033815,1.17272774902473,304.863750055276,"price.mod","farmed"
2021.5,"Medium",-1.15110880831203,0.289433624639656,0.586356700645587,90.7264720192122,286.849585587747,94.3618826992547,188.158394214572,52.6589903978365,82.4691075996264,90.7264720192122,293.114283582606,28.0821958740647,161.857517612092,50.8551771118845,-0.982402220840556,107.39952566157,"price.mod","farmed"
2022,"Medium",0.963269674375833,0.323361675654808,0.603825414008233,265.913885164229,101.484171652068,286.849585587747,94.3618826992547,188.158394214572,52.6589903978365,265.913885164229,889.645745211113,79.481293204359,507.702612498292,139.274828575701,1.12985944154776,314.115980875312,"price.mod","farmed"
2022.5,"Medium",-1.23595762649127,0.314893879362376,0.599333390175965,88.5220154823297,304.663811129274,101.484171652068,286.849585587747,94.3618826992547,188.158394214572,88.5220154823297,293.511864881517,26.6978891235523,166.174599915379,47.1561070647632,-1.10506884450112,100.901022951624,"price.mod","farmed"
2023,"Medium",0.516579722282036,0.504851318239325,0.717577320466522,165.865742853502,98.9484453887355,304.663811129274,101.484171652068,286.849585587747,94.3618826992547,165.865742853502,696.684966787141,39.4890746375894,455.265752377385,60.429418441163,NA,NA,"price.mod","farmed"
2023.5,"Medium",-1.1905206111037,0.446219711077627,0.677609318024871,48.4340441979659,159.289542802535,98.9484453887355,304.663811129274,101.484171652068,286.849585587747,48.4340441979659,187.808268688043,12.4906994444802,118.231241570276,19.841258589644,NA,NA,"price.mod","farmed"
2024,"Medium",1.02885065504729,0.418997868075929,0.660001189977793,130.138400187344,46.5137443310759,159.289542802535,98.9484453887355,304.663811129274,101.484171652068,130.138400187344,487.164028691202,34.7644780933864,300.844715755813,56.2948335681178,NA,NA,"price.mod","farmed"
2024.5,"Medium",-0.784216489416202,0.394417861939809,0.644676513560948,57.0499328069983,124.97870814231,46.5137443310759,159.289542802535,98.9484453887355,304.663811129274,57.0499328069983,207.116186996197,15.7143431447142,125.557349509339,25.9219778531638,NA,NA,"price.mod","farmed"
2025,"Medium",1.38967790786888,0.193340451811967,0.545364912353907,219.894897450687,54.7880325219925,124.97870814231,46.5137443310759,159.289542802535,98.9484453887355,219.894897450687,654.505191970216,73.8783534769095,323.704349272134,149.376324518265,NA,NA,"price.mod","farmed"
2025.5,"Medium",-0.893188899221097,0.243598206881413,0.565139313546464,86.4447672483518,211.176564111055,54.7880325219925,124.97870814231,46.5137443310759,159.289542802535,86.4447672483518,267.677877553631,27.9167552168166,140.710149157364,53.1070276690887,NA,NA,"price.mod","farmed"
2026,"Medium",1.0624980032192,0.20568502689832,0.549862426075915,240.218414821541,83.0174285284659,211.176564111055,54.7880325219925,124.97870814231,46.5137443310759,240.218414821541,721.457465352051,79.9837684002836,362.461631675798,159.202745274258,NA,NA,"price.mod","farmed"
2026.5,"Medium",-0.862276963698464,0.287759478349421,0.585532129519687,97.3990536515659,230.694300169441,83.0174285284659,211.176564111055,54.7880325219925,124.97870814231,97.3990536515659,314.153196394712,30.19729151602,173.180681495373,54.7784866666788,NA,NA,"price.mod","farmed"
2027,"Medium",0.829456269299577,0.287055967535891,0.58518671021982,214.394473172553,93.5374023511327,230.694300169441,83.0174285284659,211.176564111055,54.7880325219925,214.394473172553,691.035412876877,66.5161137481767,380.668754353163,120.74799836157,NA,NA,"price.mod","farmed"
2027.5,"Medium",-0.936310464018069,0.330381251484043,0.607613469775063,80.7253032878123,205.894219165012,93.5374023511327,230.694300169441,83.0174285284659,211.176564111055,80.7253032878123,272.129760509878,23.9465708517123,156.305836230191,41.6911789609208,NA,NA,"price.mod","farmed"
1987,"Small",NA,NA,NA,NA,NA,NA,NA,NA,NA,NA,NA,NA,NA,NA,NA,135.941807538982,"price.mod","farmed"
1987.5,"Small",NA,NA,NA,NA,127.362077753956,NA,NA,NA,NA,NA,NA,NA,NA,NA,-2.00013746357757,17.2342136269351,"price.mod","farmed"
1988,"Small",NA,NA,NA,NA,16.0389717045278,127.362077753956,NA,NA,NA,NA,NA,NA,NA,NA,1.41369271096241,65.9379536171974,"price.mod","farmed"
1988.5,"Small",NA,NA,NA,NA,62.2240403513642,16.0389717045278,127.362077753956,NA,NA,NA,NA,NA,NA,NA,-1.8004415712309,10.2810238838933,"price.mod","farmed"
1989,"Small",NA,NA,NA,NA,9.62203529401983,62.2240403513642,16.0389717045278,127.362077753956,NA,NA,NA,NA,NA,NA,2.38873336329482,104.877098552171,"price.mod","farmed"
1989.5,"Small",-1.5451532165037,0.287995116871175,0.908247411000698,21.1868853778736,99.3387366844121,9.62203529401983,62.2240403513642,16.0389717045278,127.362077753956,21.1868853778736,130.304914210784,3.44487477493772,37.6891633843527,11.9101638695837,-1.85208233072258,15.5872498348054,"price.mod","farmed"
1990,"Small",2.08219741923585,0.260048490479856,0.899776299781608,117.677238859713,14.6691726574004,99.3387366844121,9.62203529401983,62.2240403513642,16.0389717045278,117.677238859713,711.587373956031,19.4606214956558,197.95556649219,69.9547519225346,2.20836690985407,133.501819039748,"price.mod","farmed"
1990.5,"Small",-1.96523613571173,0.291266103009348,0.90928989602331,17.7589593368252,126.738546524116,14.6691726574004,99.3387366844121,9.62203529401983,62.2240403513642,17.7589593368252,109.450230723633,2.88149814433342,31.798602617237,9.91806591387932,-1.55260735616818,26.8299531831329,"price.mod","farmed"
1991,"Small",1.75565546848154,0.200569774653174,0.884420944320211,145.727484964187,25.1808269023777,126.738546524116,14.6691726574004,99.3387366844121,9.62203529401983,145.727484964187,854.554452434212,24.850961589978,217.647740264132,97.572802034219,2.01301256277352,188.499514351502,"price.mod","farmed"
1991.5,"Small",-1.95574162960304,0.299503411327227,0.911961877297771,25.1880271836112,178.058188660401,25.1808269023777,126.738546524116,14.6691726574004,99.3387366844121,25.1880271836112,156.068111548138,4.06512712372155,45.8500180560335,13.837218398191,-1.8097882992096,29.1461287712907,"price.mod","farmed"
1992,"Small",1.82501664928467,0.203400286808714,0.885067143736393,169.637684224972,27.3481324757478,178.058188660401,25.1808269023777,126.738546524116,14.6691726574004,169.637684224972,996.051716936606,28.8910138097204,254.796571260584,112.940860102002,0.791312035971294,60.3378909338987,"price.mod","farmed"
1992.5,"Small",-1.03192110456598,0.358458088382641,0.9329868023583,20.1709216084611,56.6087262599151,27.3481324757478,178.058188660401,25.1808269023777,126.738546524116,20.1709216084611,130.349023330223,3.12135885747251,41.3122150321648,9.84856605287095,-1.22386391175084,16.648152274738,"price.mod","farmed"
1993,"Small",1.60917696931858,0.323976448701647,0.920289580274144,78.0205858959254,15.6081894974354,56.6087262599151,27.3481324757478,178.058188660401,25.1808269023777,78.0205858959254,491.544204829916,12.3838543181478,149.145987926949,40.8137819069257,1.33304437185782,59.1951797924563,"price.mod","farmed"
1993.5,"Small",-0.6594182075439,0.386107922784433,0.943955242733859,28.983724885472,56.0448727597109,15.6081894974354,56.6087262599151,27.3481324757478,178.058188660401,28.983724885472,191.453497660209,4.3877825085633,62.7369323656347,13.3901400110038,-0.590347724489582,31.0564011911606,"price.mod","farmed"
1994,"Small",1.08998947914677,0.24229146903538,0.894805748872431,87.1963515972495,29.3171600379621,56.0448727597109,15.6081894974354,56.6087262599151,27.3481324757478,87.1963515972495,522.055543974545,14.5639746950794,141.563082240959,53.7089445320884,1.51751349690671,133.711769354944,"price.mod","farmed"
1994.5,"Small",-1.72536661669142,0.316008104543572,0.917514737966127,22.4302564864532,125.936448173202,29.3171600379621,56.0448727597109,15.6081894974354,56.6087262599151,22.4302564864532,140.532708075693,3.58006625601417,42.2002857576476,11.9221089861199,-1.83759329138192,20.0490968680319,"price.mod","farmed"
1995,"Small",1.92039204245733,0.266788848032103,0.901747448946836,127.556136336901,18.6932876502702,125.936448173202,29.3171600379621,56.0448727597109,15.6081894974354,127.556136336901,774.371281620509,21.0113266121504,217.48594956936,74.8120416487364,2.09726430687832,152.235523316154,"price.mod","farmed"
1995.5,"Small",-1.88321829277136,0.298759425172878,0.911717810716374,21.8164983669201,143.43540323167,18.6932876502702,125.936448173202,29.3171600379621,56.0448727597109,21.8164983669201,135.111736086133,3.52271101520303,39.6537428055186,12.0028922194852,-1.72286262605943,25.6110053629336,"price.mod","farmed"
1996,"Small",1.97049380715899,0.184817178427004,0.880982157418383,172.669372896636,24.0680400034077,143.43540323167,18.6932876502702,125.936448173202,29.3171600379621,172.669372896636,1005.60330257262,29.6485823587121,249.888041478621,119.312281452525,1.37195094245593,94.9011441494009,"price.mod","farmed"
1996.5,"Small",-1.56629186674754,0.249762448240536,0.896857543202339,18.77367965364,89.9044767485774,24.0680400034077,143.43540323167,18.6932876502702,125.936448173202,18.77367965364,112.862578241066,3.12283356654042,30.9378627945325,11.3922235054899,-1.46490695110306,20.7768790876211,"price.mod","farmed"
1997,"Small",1.74432272762197,0.221439735777418,0.889386152820586,111.769076024736,19.5331338222726,89.9044767485774,24.0680400034077,143.43540323167,18.6932876502702,111.769076024736,661.961387534659,18.8716843469501,174.045088187762,71.776379819155,1.55484529517515,92.4767710466039,"price.mod","farmed"
1997.5,"Small",-1.29232669717738,0.260271684879939,0.899840831590827,23.8663268974135,86.9032339534104,19.5331338222726,89.9044767485774,24.0680400034077,143.43540323167,23.8663268974135,144.336908933222,3.94633336534686,40.1656406042995,14.1813139540275,-1.19749912814246,26.2402926829673,"price.mod","farmed"
1998,"Small",1.6506941665143,0.209574538207193,0.886506435009125,128.530372196185,24.6671172039892,86.9032339534104,19.5331338222726,89.9044767485774,24.0680400034077,128.530372196185,756.859856309677,21.8271010665551,195.451899799958,84.5223637825866,1.97003838376082,176.886706816679,"price.mod","farmed"
1998.5,"Small",-1.92510705963612,0.277187749474136,0.904878566828923,24.4911101648145,167.908176398757,24.6671172039892,86.9032339534104,19.5331338222726,89.9044767485774,24.4911101648145,149.615300285541,4.00904503724106,42.6354343694288,14.0684500105661,-2.24213733748628,17.8370886833316,"price.mod","farmed"
1999,"Small",2.17295690241385,0.254332781242985,0.898141044526204,148.33284374579,16.8862856162948,167.908176398757,24.6671172039892,86.9032339534104,19.5331338222726,148.33284374579,894.031296610362,24.6105842347285,246.687969191537,89.1921588467463,2.25989255302452,161.805394322125,"price.mod","farmed"
1999.5,"Small",-2.02927704192353,0.280208319500056,0.905808409413864,20.171757853075,153.478507656188,16.8862856162948,167.908176398757,24.6671172039892,86.9032339534104,20.171757853075,123.4579137774,3.2958585029774,35.3288580702037,11.5174912835995,-1.25750925404661,43.643365949619,"price.mod","farmed"
2000,"Small",1.66920736020522,0.271093408096661,0.903030347309155,217.822962026427,41.0370481397023,153.478507656188,16.8862856162948,167.908176398757,24.6671172039892,217.822962026427,1325.76287397194,35.7883326780883,374.603992599378,126.658668149083,1.58288839312437,199.809350612063,"price.mod","farmed"
2000.5,"Small",-1.70037974614296,0.335056357328317,0.92424830799626,34.2016746692377,187.289276726315,41.0370481397023,153.478507656188,16.8862856162948,167.908176398757,34.2016746692377,217.189713160568,5.3858653485839,66.8457231349959,17.4993177621557,-1.8153205654004,30.488019115296,"price.mod","farmed"
2001,"Small",1.77702819439436,0.232921142179682,0.892314087483839,168.798585629394,28.5506016307132,187.289276726315,41.0370481397023,153.478507656188,16.8862856162948,168.798585629394,1005.59469129636,28.3344400652636,268.956185596799,105.9390489468,1.0537222030465,81.8919103951151,"price.mod","farmed"
2001.5,"Small",-1.06893095065483,0.306202168435436,0.914183756256034,26.433843077357,76.982342284776,28.5506016307132,187.289276726315,41.0370481397023,153.478507656188,26.433843077357,164.516790751785,4.24727504496835,48.766785727544,14.3283599567579,-1.10726646999672,25.4396658760333,"price.mod","farmed"
2002,"Small",1.73323919054543,0.283579462822543,0.906856925861269,136.027894988191,24.0376363759603,76.982342284776,28.5506016307132,187.289276726315,41.0370481397023,136.027894988191,834.283962176342,22.179005055604,239.851240653269,77.1461017442364,1.68959681438552,130.218993526022,"price.mod","farmed"
2002.5,"Small",-1.35541629615426,0.310206239609582,0.915532677374514,31.830841197171,123.451944243827,24.0376363759603,76.982342284776,28.5506016307132,187.289276726315,31.830841197171,198.64136710542,5.10066189174889,59.1956552395745,17.1161624483913,-1.27495001477121,34.4980206572267,"price.mod","farmed"
2003,"Small",1.47219736651321,0.210725998884744,0.886779351842273,142.475375415227,32.6868159340866,123.451944243827,24.0376363759603,76.982342284776,28.5506016307132,142.475375415227,839.434024473991,24.1820464835577,217.15712686298,93.4771650967651,2.19128961679212,292.440559592219,"price.mod","farmed"
2003.5,"Small",-2.23880856506976,0.470803402660388,0.981645565468733,29.7391239669267,279.016815126751,32.6868159340866,123.451944243827,24.0376363759603,76.982342284776,29.7391239669267,211.823761475541,4.17524213600728,76.2540317521555,11.5982784647349,-2.86909324383175,15.8343052618112,"price.mod","farmed"
2004,"Small",2.05031138146726,0.423425950313772,0.959823789894244,117.700108277007,15.1473947389057,279.016815126751,32.6868159340866,123.451944243827,24.0376363759603,117.700108277007,802.54466758311,17.2617376303039,274.511137757204,50.4654040692219,2.00706199044843,112.718159928329,"price.mod","farmed"
2004.5,"Small",-1.77422575816471,0.365477624352174,0.935706185802968,18.321182491105,108.016464198228,15.1473947389057,279.016815126751,32.6868159340866,123.451944243827,18.321182491105,119.04127422786,2.81974239648902,38.0542644270067,8.82071255157814,-1.53412995960013,23.2930190056054,"price.mod","farmed"
2005,"Small",1.55960124290482,0.485187485543809,0.988624837021685,105.628193150722,22.2051462111749,108.016464198228,15.1473947389057,279.016815126751,32.6868159340866,105.628193150722,762.936642341616,14.6241700412265,278.745808898825,40.0268446451725,1.39772487258027,89.8416742269801,"price.mod","farmed"
2005.5,"Small",-0.930412838065401,0.47070446489981,0.98159811813412,33.6532073929372,85.3295830230686,22.2051462111749,108.016464198228,15.1473947389057,279.016815126751,33.6532073929372,239.679976935892,4.72521060086288,86.2730526785318,13.1273709770312,-0.570604331545993,48.2268960301268,"price.mod","farmed"
2006,"Small",1.02542717165616,0.274700898777687,0.904119879240081,127.645942221793,45.7793530731186,85.3295830230686,22.2051462111749,108.016464198228,15.1473947389057,127.645942221793,778.602085228001,20.9265899421757,221.110406219272,73.6893701399623,1.67042552755543,243.29111021851,"price.mod","farmed"
2006.5,"Small",-1.66390130677486,0.456603801553264,0.97491497262106,44.0822853635335,232.748696588192,45.7793530731186,85.3295830230686,22.2051462111749,108.016464198228,44.0822853635335,309.787926268291,6.27283285788566,109.866458255865,17.6873625829134,-1.62973566061597,45.6144090924,"price.mod","farmed"
2007,"Small",1.47793588111372,0.316436892595276,0.917662508356522,191.139587238078,43.6004775487357,232.748696588192,45.7793530731186,85.3295830230686,22.2051462111749,191.139587238078,1197.90443024625,30.4985446977875,359.918554930945,101.507247428665,1.24436857868005,151.326035089233,"price.mod","farmed"
2007.5,"Small",-1.88542441424726,0.355140134446124,0.93171706399649,21.9067506938825,144.346874614325,43.6004775487357,232.748696588192,45.7793530731186,85.3295830230686,21.9067506938825,141.207292196693,3.39859024628446,44.5706294272845,10.7673086992606,-1.93776878356497,20.7895502963218,"price.mod","farmed"
2008,"Small",1.99219329340912,0.352868616691035,0.930853604436956,145.377903455588,19.8289559160785,144.346874614325,43.6004775487357,232.748696588192,45.7793530731186,145.377903455588,935.465055965644,22.5927571301162,294.439578659726,71.7795308271619,2.3299153508902,203.783598736402,"price.mod","farmed"
2008.5,"Small",-1.50258859106644,0.469104798357631,0.980832036635215,43.2888614203623,194.510073007381,19.8289559160785,144.346874614325,43.6004775487357,232.748696588192,43.2888614203623,307.833617214692,6.08746224673832,110.620448237662,16.9401367733143,-1.20566812028085,58.2541789018972,"price.mod","farmed"
2009,"Small",1.86457933966866,0.308212699732998,0.914859136984778,358.931153540572,55.6204676969495,194.510073007381,19.8289559160785,144.346874614325,43.6004775487357,358.931153540572,2236.90584600154,57.5936502701942,664.846373514629,193.77645440241,1.09643455810792,166.498419297926,"price.mod","farmed"
2009.5,"Small",-1.87600709234021,0.310707909034889,0.91570277764385,24.4480751823117,159.582109124102,55.6204676969495,194.510073007381,19.8289559160785,144.346874614325,24.4480751823117,152.620896125966,3.91629452644967,45.5116030821822,13.133098806488,-1.86008527501953,24.8404483269851,"price.mod","farmed"
2010,"Small",1.73054427086435,0.283023825878653,0.906683328545761,133.962834546135,23.7365994245249,159.582109124102,55.6204676969495,194.510073007381,19.8289559160785,133.962834546135,821.333356703583,21.8498870077083,235.947673764544,76.0594107723379,1.69740586320292,129.596269617249,"price.mod","farmed"
2010.5,"Small",-1.45867865154944,0.298323121854143,0.911574932345461,28.5804691174402,122.903837186013,23.7365994245249,159.582109124102,55.6204676969495,194.510073007381,28.5804691174402,176.951104959339,4.616208614016,51.9026490482537,15.7379869804629,-2.48561925382424,10.2346905511429,"price.mod","farmed"
2011,"Small",2.35229922064171,0.330902548387224,0.922750599445478,102.634845223573,9.76571982586884,122.903837186013,23.7365994245249,159.582109124102,55.6204676969495,102.634845223573,649.809144567327,16.210777490798,198.935886399097,52.951288200129,2.74742179104912,152.368216377339,"price.mod","farmed"
2011.5,"Small",-1.82589841831773,0.263341607762425,0.900733575829572,23.5252565920152,146.053502627952,9.76571982586884,122.903837186013,23.7365994245249,159.582109124102,23.5252565920152,142.528466443875,3.88299763218239,39.8354734541465,13.8930869833191,-2.25232919463993,15.3581121965458,"price.mod","farmed"
2012,"Small",2.18885353971582,0.233460722669464,0.892455086420139,130.43204016398,14.6142749358519,146.053502627952,9.76571982586884,122.903837186013,23.7365994245249,130.43204016398,777.250349756353,21.8880790554435,208.049029657178,81.7716724243862,2.43336010350909,166.560547153361,"price.mod","farmed"
2012.5,"Small",-2.01518809831633,0.274289525453623,0.903994975661592,21.1505771352009,158.674556656344,14.6142749358519,146.053502627952,9.76571982586884,122.903837186013,21.1505771352009,128.979972988662,3.46834398229721,36.607247639612,12.2201733808585,-2.45631864902047,13.6063506339861,"price.mod","farmed"
2013,"Small",2.01534834218941,0.267467979234751,0.901948608382845,97.3205033546758,12.970289876836,158.674556656344,14.6142749358519,146.053502627952,9.76571982586884,97.3205033546758,591.053718089687,16.0243986008904,166.159080965642,57.0012804486195,2.4972468222625,157.576045472077,"price.mod","farmed"
2013.5,"Small",-1.95546050594128,0.269427272586915,0.902531565908613,21.2240678987365,149.99415428755,12.970289876836,158.674556656344,14.6142749358519,146.053502627952,21.2240678987365,129.04987374165,3.49059665933476,36.378951836835,12.3824639090912,-1.96737976948217,20.9725943072535,"price.mod","farmed"
2014,"Small",1.87319059496858,0.227355174866946,0.890877403342687,127.875647261601,19.6458808613596,149.99415428755,12.970289876836,158.674556656344,14.6142749358519,127.875647261601,759.616038121038,21.5269035169685,201.495819780869,81.1539474136826,1.77728034118069,116.180850392033,"price.mod","farmed"
2014.5,"Small",-1.69845351723995,0.270832648522988,0.902952100475881,19.8843554897572,108.677717628301,19.6458808613596,149.99415428755,12.970289876836,158.674556656344,19.8843554897572,121.005677647883,3.26751273930783,34.1785605605444,11.5682927179639,-1.23470684263748,31.6165254398685,"price.mod","farmed"
2015,"Small",1.53755101107651,0.218648756905476,0.888695364646479,139.682216674685,30.0186528631441,108.677717628301,19.6458808613596,149.99415428755,12.970289876836,139.682216674685,826.137059143555,23.6172938124585,216.300247118876,90.2038805551186,1.89756465812663,200.213362153961,"price.mod","farmed"
2015.5,"Small",-1.7231074903726,0.315842594995713,0.917457746744478,34.2068802415624,191.623841375467,30.0186528631441,108.677717628301,19.6458808613596,149.99415428755,34.2068802415624,214.292583526476,5.46034135481887,64.3355265097321,18.1876285054353,-1.78121273141121,32.2759238114381,"price.mod","farmed"
2016,"Small",1.79630966097842,0.214783775314325,0.887752354199133,185.884678132309,30.8401314314963,191.623841375467,30.0186528631441,108.677717628301,19.6458808613596,185.884678132309,1097.32554959764,31.4884799474703,285.629073146174,120.971976640029,1.17872749275385,100.237693762124,"price.mod","farmed"
2016.5,"Small",-1.54611616847111,0.266826947431,0.901758721678463,20.4975241713083,96.1991262692924,30.8401314314963,191.623841375467,30.0186528631441,108.677717628301,20.4975241713083,124.43973594445,3.3763210277216,34.9513817022257,12.0209409954919,-1.62793332816687,18.8872472760786,"price.mod","farmed"
2017,"Small",1.76908345898382,0.27765597228028,0.905022105360271,105.289747018295,17.9507623748429,96.1991262692924,30.8401314314963,191.623841375467,30.0186528631441,105.289747018295,643.395908676093,17.2303408798294,183.465747824202,60.425070939123,1.91724956837105,122.105100641466,"price.mod","farmed"
2017.5,"Small",-1.34966622896384,0.288467628018061,0.908397349545999,30.328180552066,116.949657037916,17.9507623748429,96.1991262692924,30.8401314314963,191.623841375467,30.328180552066,186.58222573881,4.92972217453505,54.0015412349578,17.0328200744627,-1.1208125122833,38.1273185761101,"price.mod","farmed"
2018,"Small",1.48247806778312,0.206782089962736,0.885850441653209,160.147816849343,36.365451025562,116.949657037916,17.9507623748429,96.1991262692924,30.8401314314963,160.147816849343,941.804887528542,27.2320982628511,242.175198259935,105.904004315432,0.869022929225291,86.7163203578054,"price.mod","farmed"
2018.5,"Small",-1.45823849223071,0.261549690018788,0.900211315523613,19.3435099048483,83.145779776665,36.365451025562,116.949657037916,17.9507623748429,96.1991262692924,19.3435099048483,117.070882984636,3.19610962093856,32.6373173543032,11.4645260631273,-0.953316780088465,32.0494066496181,"price.mod","farmed"
2019,"Small",1.40263628516764,0.222308517572278,0.889602860400647,124.798850165064,30.6939926810589,83.145779776665,36.365451025562,116.949657037916,17.9507623748429,124.798850165064,739.451698267514,21.0625697919321,194.672815009931,80.0047659542379,1.80757657633297,187.100056196842,"price.mod","farmed"
2019.5,"Small",-1.79370175305974,0.28447611043858,0.907137712620356,29.7877383868601,179.073905115168,30.6939926810589,83.145779776665,36.365451025562,116.949657037916,29.7877383868601,182.796273025585,4.85408889096895,52.6175158986325,16.8633836670172,-1.76149788035285,30.7626323497436,"price.mod","farmed"
2020,"Small",1.83306447709026,0.242456263384372,0.894850385205338,183.600846173671,29.3619497486624,179.073905115168,30.6939926810589,83.145779776665,36.365451025562,183.600846173671,1099.33953680536,30.6632023929984,298.17382258941,113.052414940215,2.2431118176698,276.666117600586,"price.mod","farmed"
2020.5,"Small",-2.01806080802005,0.448661227809125,0.971220402167819,35.1391057285502,264.376822035698,29.3619497486624,179.073905115168,30.6939926810589,83.145779776665,35.1391057285502,245.121851006391,5.03731815965291,86.1971478241889,14.3247982395042,-1.89389134611451,39.7847668086075,"price.mod","farmed"
2021,"Small",1.91565996501371,0.354358952943173,0.931419583098193,257.439634658492,37.9066022626132,264.376822035698,29.3619497486624,179.073905115168,30.6939926810589,257.439634658492,1658.42631766561,39.9626831696605,522.959053805296,126.731079633957,2.26814220204207,366.232179004331,"price.mod","farmed"
2021.5,"Small",-2.33266597064921,0.687934012701115,1.10237261308456,33.783372189872,348.150446906087,37.9066022626132,264.376822035698,29.3619497486624,179.073905115168,33.783372189872,306.345625780765,3.725583590791,133.731861255811,8.53436290949567,-2.42801559739015,30.7109450596497,"price.mod","farmed"
2022,"Small",1.6819135202722,0.564336674787161,1.02978058573546,157.385502559341,29.2764870983752,348.150446906087,37.9066022626132,264.376822035698,29.3619497486624,157.385502559341,1234.30013668668,20.0682116769011,486.565523297215,50.9082440695774,1.54440437792127,137.165617650088,"price.mod","farmed"
2022.5,"Small",-1.59738795623716,0.563491343234222,1.02931757302969,26.696140764345,131.881919175455,29.2764870983752,348.150446906087,37.9066022626132,264.376822035698,26.696140764345,209.171431123345,3.4071762471686,82.3931004301964,8.64980111184808,-1.39704354512576,32.6179720194644,"price.mod","farmed"
2023,"Small",1.11618317386834,0.780383009685033,1.16231227045614,95.6020777495792,31.3123121534306,131.881919175455,29.2764870983752,348.150446906087,37.9066022626132,95.6020777495792,977.324850290029,9.3518109841618,455.301835150775,20.0740620055043,NA,NA,"price.mod","farmed"
2023.5,"Small",-0.666474177217573,0.619321380253425,1.06091052605148,47.1467587497619,91.81167246303,31.3123121534306,131.881919175455,29.2764870983752,348.150446906087,47.1467587497619,393.502064930027,5.64880608950174,162.700001565357,13.6620580161171,NA,NA,"price.mod","farmed"
2024,"Small",1.28528222152485,0.262993889971747,0.9006319772306,163.709312738893,45.2774968276846,91.81167246303,31.3123121534306,131.881919175455,29.2764870983752,163.709312738893,991.636219959829,27.0267851637432,277.017353367472,96.7475096835855,NA,NA,"price.mod","farmed"
2024.5,"Small",-1.72027253184392,0.248275861365427,0.896444686293903,28.1448595008234,157.218610245081,45.2774968276846,91.81167246303,31.3123121534306,131.881919175455,28.1448595008234,169.060070669483,4.68551274812686,46.2432935748784,17.1296863844364,NA,NA,"price.mod","farmed"
2025,"Small",1.82007092860436,0.216830162109457,0.888249678552288,166.830869623215,27.0289797338528,157.218610245081,45.2774968276846,91.81167246303,31.3123121534306,166.830869623215,985.826030706361,28.2327086040685,257.402463726649,108.128487413373,NA,NA,"price.mod","farmed"
2025.5,"Small",-1.93499865446216,0.311993684207627,0.916139853533988,23.1391682062452,160.216404487469,27.0289797338528,157.218610245081,45.2774968276846,91.81167246303,23.1391682062452,144.576167881552,3.70338426534839,43.1859038999775,12.3980525339239,NA,NA,"price.mod","farmed"
2026,"Small",2.16553775552005,0.233019579989101,0.892339787808504,193.75789532151,22.2217527320225,160.216404487469,27.0289797338528,157.218610245081,45.2774968276846,193.75789532151,1154.34572786057,32.5224246890061,308.786029980834,121.57972950315,NA,NA,"price.mod","farmed"
2026.5,"Small",-1.80508021379435,0.303377541797549,0.913241537116525,30.6022669824741,186.075834763569,22.2217527320225,160.216404487469,27.0289797338528,157.218610245081,30.6022669824741,190.101314612098,4.92631387835243,56.1389110781476,16.6818117145696,NA,NA,"price.mod","farmed"
2027,"Small",1.91498592931816,0.229942593282803,0.891541232054609,199.458243145444,29.3889565892146,186.075834763569,22.2217527320225,160.216404487469,27.0289797338528,199.458243145444,1186.4101795525,33.5327456256935,315.920340077833,125.929184391438,NA,NA,"price.mod","farmed"
2027.5,"Small",-1.74653213659108,0.353088321701957,0.93093691256182,33.4020627561823,191.550176740814,29.3889565892146,186.075834763569,22.2217527320225,160.216404487469,33.4020627561823,214.968494969852,5.19005260061208,67.6802426568362,16.4848374144423,NA,NA,"price.mod","farmed"
1987,"Large",NA,NA,NA,NA,NA,NA,NA,NA,NA,NA,NA,NA,NA,NA,NA,7.14587041101213,"price.mod","tariffs"
1987.5,"Large",NA,NA,NA,NA,4.66395382096754,NA,NA,NA,NA,NA,NA,NA,NA,NA,0.610136435090352,8.5848582505894,"price.mod","tariffs"
1988,"Large",NA,NA,NA,NA,5.75337832616216,4.66395382096754,NA,NA,NA,NA,NA,NA,NA,NA,-0.512831085078008,3.44511102628187,"price.mod","tariffs"
1988.5,"Large",NA,NA,NA,NA,2.24669069726174,5.75337832616216,4.66395382096754,NA,NA,NA,NA,NA,NA,NA,1.54489120541646,10.5312764352957,"price.mod","tariffs"
1989,"Large",NA,NA,NA,NA,6.88493530487261,2.24669069726174,5.75337832616216,4.66395382096754,NA,NA,NA,NA,NA,NA,1.05239836278623,19.721986874617,"price.mod","tariffs"
1989.5,"Large",0.0814392223865132,0.0699315754614831,0.249740978241836,15.7458499081692,14.514347025376,6.88493530487261,2.24669069726174,5.75337832616216,4.66395382096754,15.7458499081692,25.94707247389,9.55528950636259,18.1095601439316,13.6906577167017,0.137053480975411,16.646351965429,"price.mod","tariffs"
1990,"Large",0.15446259039606,0.0719798323116924,0.25032224676661,15.164215676497,12.993845601371,14.514347025376,6.88493530487261,2.24669069726174,5.75337832616216,15.164215676497,25.0176834798384,9.19163587902278,17.5122053273877,13.1310381978956,-0.0209747081748427,12.7241418482513,"price.mod","tariffs"
1990.5,"Large",0.348888032878715,0.0595933776769367,0.247045545658306,14.255200718191,10.0566466079658,12.993845601371,14.514347025376,6.88493530487261,2.24669069726174,14.255200718191,23.3643859285851,8.69745723842434,16.0596282096393,12.6535150666777,0.258337017950222,13.021095693464,"price.mod","tariffs"
1991,"Large",0.417221361012559,0.0511010879847932,0.245135579139165,14.5707745741875,9.60031989241862,10.0566466079658,12.993845601371,14.514347025376,6.88493530487261,14.5707745741875,23.790561807997,8.92402093759817,16.1386974607224,13.1551801010269,1.07655607502253,28.1726738311641,"price.mod","tariffs"
1991.5,"Large",-0.0459767606215863,0.0724881690409297,0.250468891516632,20.4500784735838,21.4122562584429,9.60031989241862,10.0566466079658,12.993845601371,14.514347025376,20.4500784735838,33.7481129395717,12.3919731549009,23.6405405433959,17.6901923544452,-0.158033482212266,18.2822381976969,"price.mod","tariffs"
1992,"Large",0.219325803641008,0.0582750025091032,0.24673083894013,17.7304922465906,14.2386497355295,21.4122562584429,9.60031989241862,10.0566466079658,12.993845601371,17.7304922465906,29.0421307751866,10.824631213871,19.9222239141995,15.7798826406293,-0.409529699655694,9.45392859910533,"price.mod","tariffs"
1992.5,"Large",0.515167190489334,0.0663682751530348,0.248766715847304,11.8503599621654,7.07941341429134,14.2386497355295,21.4122562584429,9.60031989241862,10.0566466079658,11.8503599621654,19.4898082553795,7.20535725096896,13.532508042244,10.3773100148557,0.745153566057287,14.9146599608939,"price.mod","tariffs"
1993,"Large",0.37096953545773,0.0692395045775306,0.24954807144277,16.3110884628846,11.2557106688933,7.07941341429134,14.2386497355295,21.4122562584429,9.60031989241862,16.3110884628846,26.8681425568518,9.9021213052258,18.7337022197435,14.2017634167183,-0.527888131417845,6.63917350400357,"price.mod","tariffs"
1993.5,"Large",0.652895857240642,0.0854561883787054,0.254524833953155,9.59386196376194,4.99395238798526,11.2557106688933,7.07941341429134,14.2386497355295,21.4122562584429,9.59386196376194,15.961398015084,5.76654922662386,11.3820310932272,8.08662238099902,0.66044053333144,9.66651828429478,"price.mod","tariffs"
1994,"Large",0.431488503708379,0.061155474296128,0.247427005403712,11.1768818983846,7.2598489668284,4.99395238798526,11.2557106688933,7.07941341429134,14.2386497355295,11.1768818983846,18.3329784603521,6.81409675141451,12.6310551680585,9.89012297930128,0.434469950886364,11.2102549065887,"price.mod","tariffs"
1994.5,"Large",0.483723081613612,0.0538937093118706,0.245732909619482,12.9457036626365,7.98081780454423,7.2598489668284,4.99395238798526,11.2557106688933,7.07941341429134,12.9457036626365,21.1624797131421,7.91926303498006,14.4190664269882,11.6228914104397,0.625487799327689,14.9174055262332,"price.mod","tariffs"
1995,"Large",0.254041831598234,0.0546506093139153,0.24590002046573,13.7561986601862,10.6701241703459,7.98081780454423,7.2598489668284,4.99395238798526,11.2557106688933,13.7561986601862,22.4949215559274,8.41225434407638,15.3450163383454,12.3318866142643,0.283183857837616,14.1629805993173,"price.mod","tariffs"
1995.5,"Large",0.344399053711215,0.0501547224139925,0.24494004806705,14.2779898445226,10.1180415874083,10.6701241703459,7.98081780454423,7.2598489668284,4.99395238798526,14.2779898445226,23.3034000762922,8.74812230545229,15.7845028218531,12.9152622861236,0.536858314891243,17.308166480047,"price.mod","tariffs"
1996,"Large",0.173187462650484,0.0504882091021662,0.245008551330373,15.5234236477768,13.0548880080025,10.1180415874083,10.6701241703459,7.98081780454423,7.2598489668284,15.5234236477768,25.3395695798611,9.50989640881176,17.1727960115919,14.0324663255589,-0.651906664558627,6.80226713675773,"price.mod","tariffs"
1996.5,"Large",0.675975695573421,0.0705065592428965,0.249902592749528,9.757736751341,4.96336921688209,13.0548880080025,10.1180415874083,10.6701241703459,7.98081780454423,9.757736751341,16.0846543066789,5.9195196050272,11.2354459951125,8.47437890315074,0.779176665386796,10.8185413426617,"price.mod","tariffs"
1997,"Large",0.431701499253105,0.0545043524320286,0.245867556624901,12.1013463353453,7.85865297512453,4.96336921688209,13.0548880080025,10.1180415874083,10.6701241703459,12.1013463353453,19.7875277389189,7.40075188068824,13.4950832939738,10.8515508898985,-0.240618304862747,6.17801430322705,"price.mod","tariffs"
1997.5,"Large",0.700541163613016,0.080041896229609,0.252758454099355,8.55645726556392,4.24671214255765,7.85865297512453,4.96336921688209,13.0548880080025,10.1180415874083,8.55645726556392,14.1852563760212,5.16120110886265,10.0419370216624,7.29072098136917,1.04060731692264,12.0221692989969,"price.mod","tariffs"
1998,"Large",0.354991234141148,0.0620951429648118,0.247660933024336,11.9026643908326,8.34590533298364,4.24671214255765,7.85865297512453,4.96336921688209,13.0548880080025,11.9026643908326,19.5325858378143,7.25318300286282,13.4765691551197,10.5125731905566,-0.0980708023631223,7.56627019220878,"price.mod","tariffs"
1998.5,"Large",0.624005594196776,0.0735122280833815,0.250767180158105,10.094329864051,5.4084809746588,8.34590533298364,4.24671214255765,7.85865297512453,4.96336921688209,10.094329864051,16.6682919152498,6.11313360255274,11.6930929668888,8.71416106010681,0.973279375904727,14.3141369712653,"price.mod","tariffs"
1999,"Large",0.225489489951078,0.059200349232688,0.246951032222861,13.5973202105074,10.8523672946907,5.4084809746588,8.34590533298364,4.24671214255765,7.85865297512453,13.5973202105074,22.2819023335282,8.29763608778005,15.3064365342483,12.0790437730811,0.151007381393711,12.6213600588856,"price.mod","tariffs"
1999.5,"Large",0.419000575762795,0.0518088181912513,0.245284089596203,13.9840005984982,9.19733056477768,10.8523672946907,5.4084809746588,8.34590533298364,4.24671214255765,13.9840005984982,22.8392841169216,8.56210167261391,15.510721556036,12.6075548472921,0.367480505757245,13.2817882412885,"price.mod","tariffs"
2000,"Large",0.330996726509151,0.0524547798336804,0.245421341561943,13.3102386695945,9.55951350659522,9.19733056477768,10.8523672946907,5.4084809746588,8.34590533298364,13.3102386695945,21.7448347586425,8.14733500658845,14.782486323247,11.9846181195489,0.65182611476802,18.3451081312111,"price.mod","tariffs"
2000.5,"Large",0.205905064083272,0.0524913556969721,0.245429161652747,16.1316684487527,13.1297317831816,9.55951350659522,9.19733056477768,10.8523672946907,5.4084809746588,16.1316684487527,26.3545951218542,9.87420697367078,17.9173055408551,14.5239877919759,0.313252237697957,17.9597204573771,"price.mod","tariffs"
2001,"Large",0.17439931439248,0.0494307481861202,0.244792830436073,16.3325892861761,13.718744921723,13.1297317831816,9.55951350659522,9.19733056477768,10.8523672946907,16.3325892861761,26.6489064332279,10.0099219252879,18.0297640547315,14.7951726922855,0.0792879318291049,14.8507604387454,"price.mod","tariffs"
2001.5,"Large",0.305654130789478,0.0438391112978426,0.243725252376623,15.1570198057646,11.1652876372669,13.718744921723,13.1297317831816,9.55951350659522,9.19733056477768,15.1570198057646,24.6780524268134,9.30929416223811,16.5459606202987,13.8846728010762,0.182584334443387,13.4018664130013,"price.mod","tariffs"
2002,"Large",0.345853800714642,0.0455168338938558,0.244032606703254,15.182053939172,10.7430632552523,11.1652876372669,13.718744921723,13.1297317831816,9.55951350659522,15.182053939172,24.7340115387093,9.31893968963336,16.6289929677178,13.8610174566428,0.217131796108908,13.3483404174564,"price.mod","tariffs"
2002.5,"Large",0.327151279107281,0.0470147471940228,0.244316428879398,15.6083260558953,11.2532076707808,10.7430632552523,11.1652876372669,13.718744921723,13.1297317831816,15.6083260558953,25.4429159140692,9.57515416432385,17.1471844444104,14.2075711063198,0.218507774293999,14.0014513009392,"price.mod","tariffs"
2003,"Large",0.275907633766283,0.0455131070306446,0.24403191159815,15.4815597164111,11.7486928335576,11.2532076707808,10.7430632552523,11.1652876372669,13.718744921723,15.4815597164111,25.2219196333189,9.5027933931,16.9569170142788,14.1345676841478,0.295022181441905,15.7803290514298,"price.mod","tariffs"
2003.5,"Large",0.193936256966364,0.0473065401095693,0.244372747465429,16.2804768779747,13.4103982580291,11.7486928335576,11.2532076707808,10.7430632552523,11.1652876372669,16.2804768779747,26.54156904954,9.98636994216672,17.8960448910195,14.8107544984578,0.519418399177725,22.5435455053521,"price.mod","tariffs"
2004,"Large",-0.0234228756559451,0.0656584271577934,0.24857827745702,19.3180981705424,19.775924454676,13.4103982580291,11.7486928335576,11.2532076707808,10.7430632552523,19.3180981705424,31.7597238193018,11.7503829394105,22.0289883849766,16.9408104632358,0.577299721395942,35.2253143784838,"price.mod","tariffs"
2004.5,"Large",-0.104589368644245,0.0902185771214369,0.256163078183568,27.3149206869888,30.3265166522648,19.775924454676,13.4103982580291,11.7486928335576,11.2532076707808,27.3149206869888,45.5932306374595,16.364378696242,32.7161962171054,22.8053679341364,-0.220757798310307,24.3191636845117,"price.mod","tariffs"
2005,"Large",0.0910352185393409,0.0748792592526564,0.251171324861917,22.8841196182297,20.8928706804357,30.3265166522648,19.775924454676,13.4103982580291,11.7486928335576,22.8841196182297,37.8180254709258,13.8474424346678,26.5811341600626,19.7013012141621,-0.35686653251583,14.6222077599464,"price.mod","tariffs"
2005.5,"Large",0.337132850421153,0.0760138810708368,0.251511910418007,17.9772348656326,12.8324019843284,20.8928706804357,30.3265166522648,19.775924454676,13.4103982580291,17.9772348656326,29.7292095370655,10.8708229531358,20.9289630163415,15.44180536617,0.701632052152539,25.8834929969359,"price.mod","tariffs"
2006,"Large",0.245012872779167,0.0881365358155995,0.255437232822936,29.4795176482465,23.0734552270583,12.8324019843284,20.8928706804357,30.3265166522648,19.775924454676,29.4795176482465,49.1349291974485,17.6868467090089,35.1620992553668,24.7153036700627,0.736700771047751,48.2011848862208,"price.mod","tariffs"
2006.5,"Large",-0.0812946093136518,0.0895919016999508,0.25594304018058,40.9878619835796,44.4591407952258,23.0734552270583,12.8324019843284,20.8928706804357,30.3265166522648,40.9878619835796,68.3855848118561,24.5666515042173,49.0313444910914,34.2638948089667,0.078062246088644,48.0687764989239,"price.mod","tariffs"
2007,"Large",-0.0813990174258974,0.118888887825443,0.267609227447476,41.6235634112567,45.1533941716121,44.4591407952258,23.0734552270583,12.8324019843284,20.8928706804357,41.6235634112567,71.0856074857535,24.3723180026017,52.7964635745007,32.8150961968534,-0.485535663415218,27.7859303224289,"price.mod","tariffs"
2007.5,"Large",0.234078315800363,0.103625586911682,0.261186510427807,31.4898187589068,24.9178886144639,45.1533941716121,44.4591407952258,23.0734552270583,12.8324019843284,31.4898187589068,53.0925862809585,18.6769708339569,38.7416579303657,25.5954117206631,0.281550781790758,33.0207696088209,"price.mod","tariffs"
2008,"Large",0.269258499003883,0.10559317794458,0.26197337688227,38.1704334174942,29.1601404195457,24.9178886144639,45.1533941716121,44.4591407952258,23.0734552270583,38.1704334174942,64.4576214051107,22.6037193976232,47.1459249274688,30.9036674860199,-0.22676424981767,23.2438009992854,"price.mod","tariffs"
2008.5,"Large",0.745499261492022,0.100557834731407,0.259984632416097,41.5685242434802,19.7241542869151,29.1601404195457,24.9178886144639,45.1533941716121,44.4591407952258,41.5685242434802,69.9172581830253,24.7141013919266,50.8285864434914,33.9954802737203,1.00019844442605,53.6264509942925,"price.mod","tariffs"
2009,"Large",-0.242519861128922,0.0841478248203833,0.254088542419107,38.5371499567539,49.1139236068657,19.7241542869151,29.1601404195457,24.9178886144639,45.1533941716121,38.5371499567539,64.0586964334611,23.1836114294326,45.6004853282316,32.5678973830986,-0.116125142913405,43.7292593414929,"price.mod","tariffs"
2009.5,"Large",0.181871708677053,0.094123884232575,0.257564431841222,50.5838575183544,42.1721814086092,49.1139236068657,19.7241542869151,29.1601404195457,24.9178886144639,50.5838575183544,84.6700016973911,30.219990435125,61.0614218094793,41.9041444763731,0.629694503935974,79.1587475834059,"price.mod","tariffs"
2010,"Large",-0.10220753949938,0.131028281197044,0.273218852644022,67.8056254540337,75.1024140180614,42.1721814086092,49.1139236068657,19.7241542869151,29.1601404195457,67.8056254540337,117.106393540288,39.2600498078782,88.1201941517319,52.1742250737238,0.166922443989248,88.7457150702596,"price.mod","tariffs"
2010.5,"Large",0.177412963771403,0.171811244151519,0.294956326569811,89.8552650313398,75.2478435257279,75.1024140180614,42.1721814086092,49.1139236068657,19.7241542869151,89.8552650313398,162.083699058485,49.8135759533657,126.70007735041,63.7250491293893,0.317418617225061,103.358741387125,"price.mod","tariffs"
2011,"Large",-0.0319604692500012,0.182056422422233,0.301039319544552,87.6539630893241,90.5006736688775,75.2478435257279,75.1024140180614,42.1721814086092,49.1139236068657,87.6539630893241,160.04827114226,48.0056247432707,126.154793165426,60.9030941471215,-0.0593987840866889,85.2815819611417,"price.mod","tariffs"
2011.5,"Large",0.0994925191026034,0.171134690717334,0.294562749399142,81.3741476326226,73.6677491297408,90.5006736688775,75.2478435257279,75.1024140180614,42.1721814086092,81.3741476326226,146.669700713246,45.1473744797642,114.586157507583,57.788410458721,0.141629776772767,84.8762984025984,"price.mod","tariffs"
2012,"Large",-0.0635261804452282,0.176170133016285,0.29751646464295,69.6311794895524,74.1981063266677,73.6677491297408,90.5006736688775,75.2478435257279,75.1024140180614,69.6311794895524,126.247640324829,38.4046873639087,99.0428628217701,48.9535643353852,-0.176969622104378,62.1635618998823,"price.mod","tariffs"
2012.5,"Large",-0.00391377906672674,0.180501158632284,0.300101314949237,55.7190740219417,55.9375734678365,74.1981063266677,73.6677491297408,90.5006736688775,75.2478435257279,55.7190740219417,101.547346759725,30.573080527732,79.9438767315678,38.8349344163926,0.125883974326512,63.4416308366028,"price.mod","tariffs"
2013,"Large",-0.295907796866049,0.169302454419185,0.293502047759508,42.6397603262546,57.3225996861142,55.9375734678365,74.1981063266677,73.6677491297408,90.5006736688775,42.6397603262546,76.691528655347,23.7073010873369,59.8231115950079,30.3920861386982,-0.319911181224012,41.6284477882174,"price.mod","tariffs"
2013.5,"Large",0.148557000347511,0.166594469346597,0.291948365612035,40.278343132943,34.7179530776213,57.3225996861142,55.9375734678365,74.1981063266677,73.6677491297408,40.278343132943,72.2195413061552,22.4640713052663,56.20483987463,28.8648616231962,0.306652805376711,47.177153448199,"price.mod","tariffs"
2014,"Large",-0.169925069347303,0.134211477377706,0.274759625175481,31.7445626448648,37.6241647971511,34.7179530776213,57.3225996861142,55.9375734678365,74.1981063266677,31.7445626448648,54.9949138633168,18.3238264545391,41.5187200117231,24.2713951015159,-0.726590908875589,18.1933404151374,"price.mod","tariffs"
2014.5,"Large",1.0274215863098,0.152949402248963,0.284382929542157,38.9610763043344,13.9452858319875,37.6241647971511,34.7179530776213,57.3225996861142,55.9375734678365,38.9610763043344,68.8086155666321,22.0606889746563,52.9030984388536,28.6933187580054,1.46490058198245,60.3428279737265,"price.mod","tariffs"
2015,"Large",-0.35990501984231,0.11623767757172,0.266441979901688,34.6115745444331,49.6050761570718,13.9452858319875,37.6241647971511,34.7179530776213,57.3225996861142,34.6115745444331,58.9725517059417,20.313875825118,43.6700933741766,27.4320707808067,-0.353594322472505,34.8306883702158,"price.mod","tariffs"
2015.5,"Large",0.55924310244565,0.0974191822400128,0.258786838991045,56.9589162988767,32.5600845809288,49.6050761570718,13.9452858319875,37.6241647971511,34.7179530776213,56.9589162988767,95.5742965391065,33.9455090272619,69.2116087980362,46.8753465247365,0.75110031279805,69.0055855708675,"price.mod","tariffs"
2016,"Large",-0.190042995226141,0.119495602766631,0.267879319931988,52.9603533163552,64.0450395113498,32.5600845809288,49.6050761570718,13.9452858319875,37.6241647971511,52.9603533163552,90.4956897818503,30.9937305318569,67.257920501522,41.702137123459,-0.294199043202684,47.7217627034916,"price.mod","tariffs"
2016.5,"Large",0.178959994938044,0.147800570186791,0.28164718978574,52.3264133994981,43.7521732109983,64.0450395113498,32.5600845809288,49.6050761570718,13.9452858319875,52.3264133994981,91.908696918788,29.7910168574641,70.3232465312706,38.9352550445412,0.0416126615842015,45.6112294717389,"price.mod","tariffs"
2017,"Large",-0.0747434826857304,0.108525308082878,0.263168906714201,36.8688201138523,39.7301240905552,43.7521732109983,64.0450395113498,32.5600845809288,49.6050761570718,36.8688201138523,62.4086585092721,21.7807901829142,45.8060796906683,29.6753161538188,-0.149805983511594,34.2026699473219,"price.mod","tariffs"
2017.5,"Large",0.314150261456912,0.127894901699583,0.27173008086594,42.8708558498187,31.3132704206171,39.7301240905552,43.7521732109983,64.0450395113498,32.5600845809288,42.8708558498187,73.8216763516886,24.8966207776165,55.3669058344951,33.1951055164594,0.348835628620957,44.3839364102981,"price.mod","tariffs"
2018,"Large",-0.127252782085138,0.106135920801645,0.262192609833071,35.536864831153,40.3593619222047,31.3132704206171,39.7301240905552,43.7521732109983,64.0450395113498,35.536864831153,60.0366868751694,21.0349509234819,43.9407636075623,28.7402552515109,-0.159019725660945,34.4257096933832,"price.mod","tariffs"
2018.5,"Large",0.41603116400198,0.0818363373215829,0.253332424045711,48.1400923496885,31.7560794804414,40.3593619222047,31.3132704206171,39.7301240905552,43.7521732109983,48.1400923496885,79.900347248465,29.0044858532334,56.7007832943181,40.8718955328571,0.475584896353227,51.0941026773258,"price.mod","tariffs"
2019,"Large",-0.193477798563638,0.08061505536765,0.252940542654975,38.4076521985369,46.6062435682489,31.7560794804414,40.3593619222047,31.3132704206171,39.7301240905552,38.4076521985369,63.6970213605807,23.1588183543646,45.1272748007644,32.6886069215681,-0.643862787899628,24.4803737822038,"price.mod","tariffs"
2019.5,"Large",0.662544676192802,0.0858729695523354,0.25466506997702,43.5316916965774,22.4422320099205,46.6062435682489,31.7560794804414,40.3593619222047,31.3132704206171,43.5316916965774,72.4443990179707,26.1581048038756,51.6884915775701,36.6620910018622,0.48735765566431,36.5361505714671,"price.mod","tariffs"
2020,"Large",0.0759010076622205,0.0812600765901619,0.253146856615094,35.7402892340478,33.1279585409841,22.4422320099205,46.6062435682489,31.7560794804414,40.3593619222047,35.7402892340478,59.2978065129103,21.5415771619695,42.0474505515798,30.3792086744104,0.102417182658322,36.7006614265975,"price.mod","tariffs"
2020.5,"Large",0.357492098953856,0.0973114321884512,0.258746296207756,48.4714431356881,33.9022954421545,33.1279585409841,22.4422320099205,46.6062435682489,31.7560794804414,48.4714431356881,81.3261339436828,28.8896162368081,58.88566530352,39.899027845675,0.539734110112561,58.1611051167601,"price.mod","tariffs"
2021,"Large",-0.215318250511146,0.0945055473363853,0.257704151002684,42.153458556252,52.2811029296427,33.9022954421545,33.1279585409841,22.4422320099205,46.6062435682489,42.153458556252,70.5784626692276,25.1764348648584,50.9236692030551,34.8936770673046,-0.066429274021153,48.9209490709912,"price.mod","tariffs"
2021.5,"Large",0.134714277899276,0.0948032617012494,0.257813477917389,48.7515669858875,42.6071918726642,52.2811029296427,33.9022954421545,33.1279585409841,22.4422320099205,48.7515669858875,81.6436704634788,29.110833333279,58.9296207737177,40.3314199612071,0.0164079940755796,43.312057324851,"price.mod","tariffs"
2022,"Large",0.0999379576569367,0.083994255503574,0.254037725395784,41.2738941783202,37.3484809559886,42.6071918726642,52.2811029296427,33.9022954421545,33.1279585409841,41.2738941783202,68.6008996225965,24.8325364538229,48.8238395475726,34.8914455812779,0.585571660535611,67.0785218286594,"price.mod","tariffs"
2022.5,"Large",-0.291553873458917,0.167250118638427,0.292322994564629,46.9530008290426,62.8468611894902,37.3484809559886,42.6071918726642,52.2811029296427,33.9022954421545,46.9530008290426,84.2503824057308,26.1670537735402,65.6047010880646,33.6040596220803,-0.508941018326083,37.7792486423378,"price.mod","tariffs"
2023,"Large",0.349930507239406,0.132555313298678,0.273954452510586,51.699440891452,36.4345120881752,62.8468611894902,37.3484809559886,42.6071918726642,52.2811029296427,51.699440891452,89.4210284425528,29.8904210233487,67.3941078567978,39.6597309985629,NA,NA,"price.mod","tariffs"
2023.5,"Large",-0.344922212710805,0.123028729028291,0.269473930340174,34.8193537403266,49.1607522602942,36.4345120881752,62.8468611894902,37.3484809559886,42.6071918726642,34.8193537403266,59.6874174279881,20.3122776480776,44.5330153565089,27.2244622374711,NA,NA,"price.mod","tariffs"
2024,"Large",0.357658944786814,0.11657686755703,0.266590129254767,47.3459337185753,33.1095577355608,49.1607522602942,36.4345120881752,62.8468611894902,37.3484809559886,47.3459337185753,80.6937558420226,27.7795650517528,59.777819091249,37.4994851562238,NA,NA,"price.mod","tariffs"
2024.5,"Large",-0.277484242129619,0.105141001417725,0.261791445898803,34.1118665556046,45.0210230117987,33.1095577355608,49.1607522602942,36.4345120881752,62.8468611894902,34.1118665556046,57.5830473985269,20.207673828967,42.0949305699454,27.6427451988285,NA,NA,"price.mod","tariffs"
2025,"Large",0.433242312164514,0.0847159424131309,0.254277253928874,50.0256687471491,32.4368115391662,45.0210230117987,33.1095577355608,49.1607522602942,36.4345120881752,50.0256687471491,83.1869726213479,30.0836471714234,59.2619906550655,42.2288807030747,NA,NA,"price.mod","tariffs"
2025.5,"Large",-0.261302928605432,0.0900231247725222,0.256094306770911,36.6305261252645,47.5691702952393,32.4368115391662,45.0210230117987,33.1095577355608,49.1607522602942,36.6305261252645,61.134145330563,21.948379861342,43.8567302043683,30.5949722644858,NA,NA,"price.mod","tariffs"
2026,"Large",0.371910184306457,0.0817162505067943,0.253293656777175,50.523609612876,34.8317929354261,47.5691702952393,32.4368115391662,45.0210230117987,33.1095577355608,50.523609612876,83.8498800443628,30.4429192619449,59.4938678044058,42.905852695717,NA,NA,"price.mod","tariffs"
2026.5,"Large",-0.254487326625374,0.0917298395950832,0.256699229525147,37.2481409939796,48.0426598943178,34.8317929354261,47.5691702952393,32.4368115391662,45.0210230117987,37.2481409939796,62.2401628548129,22.2914585031504,44.7486696849552,31.004810137939,NA,NA,"price.mod","tariffs"
2027,"Large",0.33382529463844,0.0863614863834274,0.254830212684876,49.4556323709221,35.4190799743117,48.0426598943178,34.8317929354261,47.5691702952393,32.4368115391662,49.4556323709221,82.3300671783413,29.7079749480787,58.779839159368,41.6105183033321,NA,NA,"price.mod","tariffs"
2027.5,"Large",-0.252078429193746,0.0933396300381497,0.257278871076353,36.5487191789653,47.0271254183926,35.4190799743117,48.0426598943178,34.8317929354261,47.5691702952393,36.5487191789653,61.1422969683126,21.8475415523751,44.0500022153941,30.3248310202365,NA,NA,"price.mod","tariffs"
1987,"Medium",NA,NA,NA,NA,NA,NA,NA,NA,NA,NA,NA,NA,NA,NA,NA,61.588251470677,"price.mod","tariffs"
1987.5,"Medium",NA,NA,NA,NA,54.5415494554108,NA,NA,NA,NA,NA,NA,NA,NA,NA,-0.840375669347766,23.5373169544311,"price.mod","tariffs"
1988,"Medium",NA,NA,NA,NA,20.7723982842426,54.5415494554108,NA,NA,NA,NA,NA,NA,NA,NA,0.655793285526642,40.0215630621078,"price.mod","tariffs"
1988.5,"Medium",NA,NA,NA,NA,36.1814989387385,20.7723982842426,54.5415494554108,NA,NA,NA,NA,NA,NA,NA,-0.836167061539971,15.67991897669,"price.mod","tariffs"
1989,"Medium",NA,NA,NA,NA,13.9463370565353,36.1814989387385,20.7723982842426,54.5415494554108,NA,NA,NA,NA,NA,NA,2.59731038121477,187.265477978117,"price.mod","tariffs"
1989.5,"Medium",-1.12142398363182,0.271865011312746,0.577886616643792,55.3929126892749,170.013124906912,13.9463370565353,36.1814989387385,20.7723982842426,54.5415494554108,55.3929126892749,175.954403255405,17.4384654173602,95.4098362417348,32.1599417530437,-1.49357362067379,38.179625854383,"price.mod","tariffs"
1990,"Medium",1.05766590723172,0.241654094101611,0.564304047935153,97.8605593675321,33.9835877422949,170.013124906912,13.9463370565353,36.1814989387385,20.7723982842426,97.8605593675321,302.521302873189,31.656246977558,158.674001120694,60.3544941961971,1.36637839873634,133.253868343756,"price.mod","tariffs"
1990.5,"Medium",-1.22431024823222,0.229819279053277,0.559338232507395,35.9477848661083,122.287852633764,33.9835877422949,170.013124906912,13.9463370565353,36.1814989387385,35.9477848661083,110.0289959066,11.7445699302477,56.9233726143119,22.7014524514506,-1.23078180468435,35.7158978911478,"price.mod","tariffs"
1991,"Medium",0.989834272312606,0.184979724174994,0.54245723856889,85.589131785151,31.8081974383853,122.287852633764,33.9835877422949,170.013124906912,13.9463370565353,85.589131785151,253.27422299357,28.923193971942,123.90532405713,59.1217490893154,1.63503610538755,163.164703739858,"price.mod","tariffs"
1991.5,"Medium",-1.01754962643311,0.191561406612408,0.544736752774451,53.3052873069508,147.464158302076,31.8081974383853,122.287852633764,33.9835877422949,170.013124906912,53.3052873069508,158.461083120335,17.9315551738264,78.1912961151581,36.3397692077102,-1.17050854595926,45.7447305443982,"price.mod","tariffs"
1992,"Medium",1.1178660860957,0.129117785405883,0.526035892148101,125.272775578447,40.9612901600747,147.464158302076,31.8081974383853,122.287852633764,33.9835877422949,125.272775578447,358.728325554482,43.7469449251635,162.183617574711,96.7623520538311,0.293112285211066,54.9124315896693,"price.mod","tariffs"
1992.5,"Medium",-0.311058662633707,0.214584952635386,0.553253160151354,36.3872701168546,49.66386737168,40.9612901600747,147.464158302076,31.8081974383853,122.287852633764,36.3872701168546,110.026947351556,12.0337195425991,55.8901913341761,23.6899068503871,-0.286264087737031,37.3007549468887,"price.mod","tariffs"
1993,"Medium",0.861704878139582,0.176697208686761,0.53968904090932,79.6974786797589,33.6675030866149,49.66386737168,40.9612901600747,147.464158302076,31.8081974383853,79.6974786797589,234.537627158327,27.0817445578694,113.480653373633,55.9715503839918,0.135467204686241,38.5517030493375,"price.mod","tariffs"
1993.5,"Medium",0.259347337187757,0.231201729471012,0.559907668308192,45.8529168286537,35.3780466365298,33.6675030866149,49.66386737168,40.9612901600747,147.464158302076,45.8529168286537,140.506556063657,14.9636432675988,72.8091964717411,28.8767090364946,-0.0421084735460077,33.9192602734498,"price.mod","tariffs"
1994,"Medium",0.718528461198945,0.141613224767331,0.529241592043682,62.3835507978267,30.4100507460308,35.3780466365298,33.6675030866149,49.66386737168,40.9612901600747,62.3835507978267,179.789157247927,21.6459516787122,82.8082820501961,46.9965964006593,1.06781484955674,88.4633215171126,"price.mod","tariffs"
1994.5,"Medium",-0.622153163087698,0.169522278739586,0.53738269446363,40.8752067134558,76.1478503281092,30.4100507460308,35.3780466365298,33.6675030866149,49.66386737168,40.8752067134558,119.735970798186,13.9538896517892,57.3726806919383,29.1215697735824,-0.754970624200099,35.7913493271969,"price.mod","tariffs"
1995,"Medium",0.833378530231832,0.146834293008932,0.530662479287317,70.6908247911698,30.7207172996105,76.1478503281092,30.4100507460308,35.3780466365298,33.6675030866149,70.6908247911698,204.310469537265,24.4588185861146,94.8203808338495,52.7016730549972,1.4880676867975,136.047616312207,"price.mod","tariffs"
1995.5,"Medium",-1.0057627661557,0.187657617451704,0.543376240470246,44.9456114358434,122.880936444962,30.7207172996105,76.1478503281092,30.4100507460308,35.3780466365298,44.9456114358434,133.247140741221,15.1606103973748,65.4160969509646,30.8809005963177,-0.789002615599826,55.8245241973401,"price.mod","tariffs"
1996,"Medium",0.694505673981283,0.13355453377063,0.527142457795442,101.571971694015,50.7170402610042,122.880936444962,30.7207172996105,76.1478503281092,30.4100507460308,101.571971694015,291.503654771915,35.3918905129413,132.671572619073,77.7624417208927,-0.302350814319456,37.4838862126095,"price.mod","tariffs"
1996.5,"Medium",0.266138708870025,0.207494844973798,0.550541976610893,44.8534925118185,34.3727035365811,50.7170402610042,122.880936444962,30.7207172996105,76.1478503281092,44.8534925118185,134.893477260386,14.9142555397567,67.9241163729384,29.6188732064138,-0.0448715927883911,32.8644377846546,"price.mod","tariffs"
1997,"Medium",0.854640954735584,0.193403115517125,0.545387130771949,69.1687784492384,29.4268825084318,34.3727035365811,50.7170402610042,122.880936444962,30.7207172996105,69.1687784492384,205.886252483626,23.2376851511264,101.83519928572,46.9810040704728,0.0499857399194257,30.9351898961217,"price.mod","tariffs"
1997.5,"Medium",0.6388967370381,0.221948867270572,0.556150750249084,51.0863321023677,26.9671713650395,29.4268825084318,34.3727035365811,50.7170402610042,122.880936444962,51.0863321023677,155.371416870798,16.7972551208929,79.6318965041326,32.7734669428345,0.361322572011867,38.7039949299099,"price.mod","tariffs"
1998,"Medium",0.452565566354971,0.149203699364565,0.531322972610822,53.035830535221,33.7304896801974,26.9671713650395,29.4268825084318,34.3727035365811,50.7170402610042,53.035830535221,153.486663143014,18.3260177983008,71.4769579765041,39.3525326229651,0.888569526684885,82.020703187958,"price.mod","tariffs"
1998.5,"Medium",-0.634312991612881,0.186102685154273,0.54284119845638,40.0550466841097,75.5328504392239,33.7304896801974,26.9671713650395,29.4268825084318,34.3727035365811,40.0550466841097,118.62141937612,13.5254389409978,58.1171060896985,27.6064462395969,-0.821812143870236,33.2068281820347,"price.mod","tariffs"
1999,"Medium",0.78581144035792,0.165510976219253,0.5361308054654,67.0823117856608,30.5727460189817,75.5328504392239,33.7304896801974,26.9671713650395,29.4268825084318,67.0823117856608,196.013201274867,22.9578238875771,93.4047641452711,48.1778054437326,1.28396679834131,110.396204912346,"price.mod","tariffs"
1999.5,"Medium",-0.900925888386549,0.188977387894154,0.543833439993557,40.9972470528803,100.930363402557,30.5727460189817,75.5328504392239,33.7304896801974,26.9671713650395,40.9972470528803,121.652886807712,13.8161478121894,59.8271574116846,28.0938346167627,-1.05685399968385,35.0780931239712,"price.mod","tariffs"
2000,"Medium",1.09651951632377,0.129920907577932,0.52623359788767,93.1911408967943,31.1287909853578,100.930363402557,30.5727460189817,75.5328504392239,33.7304896801974,93.1911408967943,266.965612559392,32.530739290305,120.843277352792,71.86654427033,1.48716322685319,137.730155086589,"price.mod","tariffs"
2000.5,"Medium",-1.02836263161133,0.143083976497901,0.529637028209302,43.3417101322919,121.204364711982,31.1287909853578,100.930363402557,30.5727460189817,75.5328504392239,43.3417101322919,125.009471979713,15.0268920222019,57.7015136831283,32.5555382742217,-0.972383276453961,45.8371459346628,"price.mod","tariffs"
2001,"Medium",0.994159783063788,0.1206478574404,0.524021242722934,110.237491502991,40.7916445122629,121.204364711982,31.1287909853578,100.930363402557,30.5727460189817,110.237491502991,314.404237205527,38.6518471916397,140.321015694857,86.6035958526594,1.09741123561584,122.228042978677,"price.mod","tariffs"
2001.5,"Medium",-0.965333419933378,0.138853479315456,0.528509835327534,42.9538818784253,112.782416589734,40.7916445122629,121.204364711982,31.1287909853578,100.930363402557,42.9538818784253,123.611884873851,14.9260402453099,56.703389263299,32.5383719103349,-0.961463051193845,43.1204513748443,"price.mod","tariffs"
2002,"Medium",1.00170920976964,0.119528479848769,0.523764655942807,108.459195931817,39.8317693246401,112.782416589734,40.7916445122629,121.204364711982,31.1287909853578,108.459195931817,309.17372624589,38.0478552463435,137.748696829204,85.3975206514064,1.0353672254236,112.171846993247,"price.mod","tariffs"
2002.5,"Medium",-0.790135883438205,0.14132443716543,0.52916439209385,47.9172626209565,105.595072861715,39.8317693246401,112.782416589734,40.7916445122629,121.204364711982,47.9172626209565,138.076048909966,16.6289814577682,63.5689219650176,36.1192857470393,-1.01369087468194,38.3180412808233,"price.mod","tariffs"
2003,"Medium",1.08407279212873,0.120792542882887,0.52405457324218,105.715201423787,35.754491839006,105.595072861715,39.8317693246401,112.782416589734,40.7916445122629,105.715201423787,301.526481769056,37.0637555497747,134.603549149634,83.0268138000448,1.16132297432622,114.205434244688,"price.mod","tariffs"
2003.5,"Medium",-0.828256833204526,0.139309819326063,0.528629911261735,47.2447785688403,108.158633111086,35.754491839006,105.595072861715,39.8317693246401,112.782416589734,47.2447785688403,135.992802817664,16.4131413999273,62.4247467947367,35.756157880114,-1.14762154474076,34.328552071744,"price.mod","tariffs"
2004,"Medium",1.14426780915453,0.126584664284813,0.525419865014664,102.825334072662,32.7454477984885,108.158633111086,35.754491839006,105.595072861715,39.8317693246401,102.825334072662,294.08577988076,35.9522630827016,132.44945376497,79.827051200349,1.45294492931608,140.009304794235,"price.mod","tariffs"
2004.5,"Medium",-1.02247575520591,0.144584392670124,0.530044341469388,48.2172674795311,134.047331612359,32.7454477984885,108.158633111086,35.754491839006,105.595072861715,48.2172674795311,139.185264845707,16.703671080196,64.3853413688496,36.1092266308534,-1.31176930007263,36.1047219418449,"price.mod","tariffs"
2005,"Medium",1.18087649173167,0.129835397093346,0.526212492875564,111.801038790812,34.3239842971592,134.047331612359,32.7454477984885,108.158633111086,35.754491839006,111.801038790812,320.264058374712,39.028645106596,144.950404557002,86.232751905079,0.936599905004239,87.5705072004475,"price.mod","tariffs"
2005.5,"Medium",-0.82507814003426,0.160716977307125,0.534670276071775,36.3539760768863,82.9619211471786,34.3239842971592,134.047331612359,32.7454477984885,108.158633111086,36.3539760768863,105.91576763634,12.4779492807582,50.1359108995107,26.3605777353438,-0.693353820350655,41.4723898421355,"price.mod","tariffs"
2006,"Medium",0.935139647250289,0.132793999177585,0.526950285641355,100.266836420962,39.3578461616534,82.9619211471786,34.3239842971592,134.047331612359,32.7454477984885,100.266836420962,287.647441194274,34.9505576831397,130.767769065976,76.880094825169,2.06507791924449,310.372524645165,"price.mod","tariffs"
2006.5,"Medium",-1.57741259982054,0.344414405053892,0.615356514330153,61.9294310478041,299.887716933125,39.3578461616534,82.9619211471786,34.3239842971592,134.047331612359,61.9294310478041,212.02592534263,18.0886107380831,123.325146864745,31.098721772543,-1.84214565859417,47.5253127506441,"price.mod","tariffs"
2007,"Medium",1.03870188490228,0.300777576172455,0.592038434265974,129.769608256451,45.9272557990138,299.887716933125,39.3578461616534,82.9619211471786,34.3239842971592,129.769608256451,424.044118346876,39.7132055331499,236.823653553078,71.1084005941938,1.04504257516977,130.595051322414,"price.mod","tariffs"
2007.5,"Medium",-1.06976575025574,0.273202552000847,0.578517062617607,43.0797539532092,125.564414661902,45.9272557990138,299.887716933125,39.3578461616534,82.9619211471786,43.0797539532092,137.014569393883,13.5450208607662,74.4001713465207,24.9443672921841,-1.07418164873312,42.8899375467655,"price.mod","tariffs"
2008,"Medium",0.826156320191573,0.338154393101784,0.611874783672252,93.2934132221184,40.8371900612423,125.564414661902,45.9272557990138,299.887716933125,39.3578461616534,93.2934132221184,317.189400974385,27.4399488882537,183.471307657807,47.4388124320025,1.13156558939017,126.615986413483,"price.mod","tariffs"
2008.5,"Medium",-0.560605198741847,0.306455747172567,0.594943259727367,67.6163129305402,118.445681109188,40.8371900612423,125.564414661902,45.9272557990138,299.887716933125,67.6163129305402,222.235090756231,20.572654654866,124.806028969963,36.6325714555108,-0.479368665619495,73.3385068096262,"price.mod","tariffs"
2009,"Medium",0.810897824914682,0.159530474234487,0.534314822487089,156.58550473848,69.5958119239747,118.445681109188,40.8371900612423,125.564414661902,45.9272557990138,156.58550473848,455.881023417599,53.7838142732792,215.435845689869,113.811237938096,1.06030464318628,200.940538354323,"price.mod","tariffs"
2009.5,"Medium",-0.952075484271193,0.20140581476431,0.54827607967228,75.5044562166017,195.638224741288,69.5958119239747,118.445681109188,40.8371900612423,125.564414661902,75.5044562166017,226.047202163371,25.2200551654893,112.956558503872,50.470047813729,-0.986318172082644,72.9627465340127,"price.mod","tariffs"
2010,"Medium",0.953966548328239,0.174702945792801,0.539039401703263,183.804690830747,70.8034113645265,195.638224741288,69.5958119239747,118.445681109188,40.8371900612423,183.804690830747,540.207072901074,62.5392855187096,260.67635600669,129.601951204656,1.31604716898279,264.001385605037,"price.mod","tariffs"
2010.5,"Medium",-0.980946980372122,0.268883387717581,0.57648992489931,94.6040668167986,252.307213225298,70.8034113645265,195.638224741288,69.5958119239747,118.445681109188,94.6040668167986,299.669534111507,29.8659971718948,161.97908795067,55.2536106451158,-1.16404419218227,78.7755959577434,"price.mod","tariffs"
2011,"Medium",1.26786406105987,0.24341739531662,0.565061399905052,267.25067875271,75.212920293326,252.307213225298,70.8034113645265,195.638224741288,69.5958119239747,267.25067875271,827.417901366341,86.3202562765939,434.8590172589,164.24386400906,1.41365356420404,309.196374991293,"price.mod","tariffs"
2011.5,"Medium",-1.41197324877268,0.302035774197754,0.592678636543587,71.7027367704917,294.271310136314,75.212920293326,252.307213225298,70.8034113645265,195.638224741288,71.7027367704917,234.600997870124,21.9150067862229,131.18394059474,39.1914013031605,-1.77965073118159,49.6427041567417,"price.mod","tariffs"
2012,"Medium",1.2745705388799,0.30157822688166,0.59244559602466,166.701506375719,46.6015725971919,294.271310136314,75.212920293326,252.307213225298,70.8034113645265,166.701506375719,545.169098061962,50.9738947543493,304.710236243811,91.1994049510652,1.48905816892074,206.580972916685,"price.mod","tariffs"
2012.5,"Medium",-0.902626848678471,0.362542816416794,0.625683347273483,79.2969551453523,195.552049125755,46.6015725971919,294.271310136314,75.212920293326,252.307213225298,79.2969551453523,277.152092471267,22.6879293576898,163.740910419052,38.4021749923796,-0.792654232099038,88.5150282054868,"price.mod","tariffs"
2013,"Medium",0.489555811901381,0.378227374488883,0.634900231636974,136.866007867355,83.8849813223933,195.552049125755,46.6015725971919,294.271310136314,75.212920293326,136.866007867355,487.262438361366,38.4439731749951,291.621623323596,64.2349627440378,0.0982604397369244,92.5461121748542,"price.mod","tariffs"
2013.5,"Medium",-0.32064415642829,0.328455415242457,0.606568476861454,62.6063481850236,86.2724953967701,83.8849813223933,195.552049125755,46.6015725971919,294.271310136314,62.6063481850236,210.609063512186,18.6105705409854,120.756667953603,32.4582890492671,-0.479607553608924,53.4049417858416,"price.mod","tariffs"
2014,"Medium",0.860334114715391,0.219598982327935,0.555217138027451,113.921682646801,48.1912323599208,86.2724953967701,83.8849813223933,195.552049125755,46.6015725971919,113.921682646801,345.82936685442,37.5276104950962,176.745206226524,73.4285814826859,0.205412248651006,59.1803376194899,"price.mod","tariffs"
2014.5,"Medium",0.500844196368905,0.262916684035004,0.573731243757817,88.2582835865997,53.4861830630599,48.1912323599208,86.2724953967701,83.8849813223933,195.552049125755,88.2582835865997,278.030284255381,28.0168206946035,149.321384267912,52.1661693657801,0.401443679039149,79.9072861183883,"price.mod","tariffs"
2015,"Medium",0.233661846639266,0.168179169038469,0.536960510855686,93.2835236117809,73.8459856852104,53.4861830630599,48.1912323599208,86.2724953967701,83.8849813223933,93.2835236117809,273.025314548231,31.8718276795263,130.582059103008,66.6386779103043,0.886934751186687,179.274186314995,"price.mod","tariffs"
2015.5,"Medium",-0.890987820440264,0.205275309866222,0.549709296047104,70.6723396260609,172.26639399443,73.8459856852104,53.4861830630599,48.1912323599208,86.2724953967701,70.6723396260609,212.188037864227,23.5384597477506,106.548990091592,46.8758979688858,-0.732665367875821,82.7957484684519,"price.mod","tariffs"
2016,"Medium",0.242187855187853,0.219458315895399,0.555161516799907,101.225240328834,79.4525732642323,172.26639399443,73.8459856852104,53.4861830630599,48.1912323599208,101.225240328834,307.252894699892,33.3489104785765,157.002977150498,65.2634075200256,0.441365504939524,123.535156783815,"price.mod","tariffs"
2016.5,"Medium",-0.561034766265078,0.207366353318219,0.550493562004521,67.4209600455164,118.154219461139,79.4525732642323,172.26639399443,73.8459856852104,53.4861830630599,67.4209600455164,202.743791989666,22.4203454460929,102.073042108876,44.5326773802878,-0.823010567276352,51.8824274710595,"price.mod","tariffs"
2017,"Medium",1.20002849653406,0.172080687997803,0.538195243849039,160.075317047658,48.2123850593167,118.154219461139,79.4525732642323,172.26639399443,73.8459856852104,160.075317047658,469.672162028887,54.5574321825195,225.835263749609,113.463711124932,1.0842783375012,142.578721248489,"price.mod","tariffs"
2017.5,"Medium",-0.754567764552126,0.196060359080146,0.546335081907216,63.3929265750332,134.817235696407,48.2123850593167,118.154219461139,79.4525732642323,172.26639399443,63.3929265750332,189.052064527891,21.2569122150723,93.8289088441548,42.8296906492044,-0.500124784678094,81.7605838028627,"price.mod","tariffs"
2018,"Medium",0.94718504478037,0.161671961432743,0.534958110914714,197.828979705119,76.7242537231843,134.817235696407,48.2123850593167,118.154219461139,79.4525732642323,197.828979705119,576.698235186636,67.8627102066692,273.348309641254,143.173759744596,0.686520157352821,152.434962727962,"price.mod","tariffs"
2018.5,"Medium",-0.905929390930011,0.160169957839766,0.534506101662386,58.5746376949726,144.927148204488,76.7242537231843,134.817235696407,48.2123850593167,118.154219461139,58.5746376949726,170.598697870356,20.1114558547488,80.6921837329658,42.5194612708891,-0.86777408067576,60.8527559514239,"price.mod","tariffs"
2019,"Medium",0.960060502562938,0.143456739389215,0.529737853467273,150.37985962151,57.5758948484284,144.927148204488,76.7242537231843,134.817235696407,48.2123850593167,150.37985962151,433.824553340808,52.1272989406381,200.352430691792,112.87161379426,0.410907754363562,86.8351715912736,"price.mod","tariffs"
2019.5,"Medium",-0.146057321335299,0.181081979119892,0.541140499761297,71.2622296437441,82.4691075996264,57.5758948484284,144.927148204488,76.7242537231843,134.817235696407,71.2622296437441,210.323631762091,24.1451962922648,102.363520782958,49.6104992770352,-0.39470718126784,55.5740623887195,"price.mod","tariffs"
2020,"Medium",1.01668840119575,0.158112523437904,0.533893179753994,145.550831500461,52.6589903978365,82.4691075996264,57.5758948484284,144.927148204488,76.7242537231843,145.550831500461,423.397622107245,50.0358137228966,199.686858064806,106.091330975822,1.3135093253033,195.849460823275,"price.mod","tariffs"
2020.5,"Medium",-0.940220605606741,0.207460422488268,0.550529003976121,73.4836935335351,188.158394214572,52.6589903978365,82.4691075996264,57.5758948484284,144.927148204488,73.4836935335351,220.990901916258,24.4347308803541,111.272747259647,48.5280839047708,-0.64634065385475,98.5874012100744,"price.mod","tariffs"
2021,"Medium",0.663718165556365,0.223027899339425,0.556582250169448,183.250738761483,94.3618826992547,188.158394214572,52.6589903978365,82.4691075996264,57.5758948484284,183.250738761483,557.810819943814,60.2011148869643,286.263057880569,117.3076033815,1.17272774902473,304.863750055276,"price.mod","tariffs"
2021.5,"Medium",-1.15110880831203,0.289433624639656,0.586356700645587,90.7264720192122,286.849585587747,94.3618826992547,188.158394214572,52.6589903978365,82.4691075996264,90.7264720192122,293.114283582606,28.0821958740647,161.857517612092,50.8551771118845,-0.982402220840556,107.39952566157,"price.mod","tariffs"
2022,"Medium",0.963269674375833,0.323361675654808,0.603825414008233,265.913885164229,101.484171652068,286.849585587747,94.3618826992547,188.158394214572,52.6589903978365,265.913885164229,889.645745211113,79.481293204359,507.702612498292,139.274828575701,1.12985944154776,314.115980875312,"price.mod","tariffs"
2022.5,"Medium",-1.23595762649127,0.314893879362376,0.599333390175965,88.5220154823297,304.663811129274,101.484171652068,286.849585587747,94.3618826992547,188.158394214572,88.5220154823297,293.511864881517,26.6978891235523,166.174599915379,47.1561070647632,-1.10506884450112,100.901022951624,"price.mod","tariffs"
2023,"Medium",0.516579722282036,0.504851318239325,0.717577320466522,165.865742853502,98.9484453887355,304.663811129274,101.484171652068,286.849585587747,94.3618826992547,165.865742853502,696.684966787141,39.4890746375894,455.265752377385,60.429418441163,NA,NA,"price.mod","tariffs"
2023.5,"Medium",-1.19219947382381,0.445906939234091,0.677403392209579,47.8766460517719,157.720945377551,98.9484453887355,304.663811129274,101.484171652068,286.849585587747,47.8766460517719,185.570453580974,12.3520376920696,116.79750485935,19.6251901093858,NA,NA,"price.mod","tariffs"
2024,"Medium",1.03866608144118,0.420995737006453,0.661271326988806,128.630317000091,45.5256748433057,157.720945377551,98.9484453887355,304.663811129274,101.484171652068,128.630317000091,482.743368600592,34.2744396458677,298.54897942083,55.4205828592741,NA,NA,"price.mod","tariffs"
2024.5,"Medium",-0.741341712661904,0.394293436880743,0.644600396902731,58.2794438028143,122.313956169884,45.5256748433057,157.720945377551,98.9484453887355,304.663811129274,58.2794438028143,211.54764215859,16.0554546262405,128.231382972818,26.4872256012818,NA,NA,"price.mod","tariffs"
2025,"Medium",1.37186843544223,0.192479584418543,0.545060315687965,218.495734602936,55.4176457086522,122.313956169884,45.5256748433057,157.720945377551,98.9484453887355,218.495734602936,649.944597377408,73.4530085061307,321.091349945395,148.68163233857,NA,NA,"price.mod","tariffs"
2025.5,"Medium",-0.898592403591496,0.234061392921423,0.561094549052337,84.5905627840015,207.766554019386,55.4176457086522,122.313956169884,45.5256748433057,157.720945377551,84.5905627840015,259.825904193498,27.5398380093203,135.090577137408,52.9686338140059,NA,NA,"price.mod","tariffs"
2026,"Medium",1.04176568962443,0.197925778657806,0.547007286219505,227.975238249015,80.4367635099654,207.766554019386,55.4176457086522,122.313956169884,45.5256748433057,227.975238249015,680.788436073963,76.3419389941702,338.691131723154,153.451638932127,NA,NA,"price.mod","tariffs"
2026.5,"Medium",-0.88681838388801,0.284971958677317,0.584167248784383,89.3058731864897,216.780568915096,80.4367635099654,207.766554019386,55.4176457086522,122.313956169884,89.3058731864897,287.264028404627,27.7637928768701,157.907776921,50.507575631259,NA,NA,"price.mod","tariffs"
2027,"Medium",0.932671972986736,0.260031259760758,0.572414721484953,215.807724685412,84.9205297273567,216.780568915096,80.4367635099654,207.766554019386,55.4176457086522,215.807724685412,678.047463552494,68.6868936724354,363.0172548951,128.29410559934,NA,NA,"price.mod","tariffs"
2027.5,"Medium",-0.942727224934855,0.310403780839669,0.596986486010772,79.942629224244,205.210538183431,84.9205297273567,216.780568915096,80.4367635099654,207.766554019386,79.942629224244,263.824000151903,24.2238157393007,148.727653473721,42.9699777951122,NA,NA,"price.mod","tariffs"
1987,"Small",NA,NA,NA,NA,NA,NA,NA,NA,NA,NA,NA,NA,NA,NA,NA,135.941807538982,"price.mod","tariffs"
1987.5,"Small",NA,NA,NA,NA,127.362077753956,NA,NA,NA,NA,NA,NA,NA,NA,NA,-2.00013746357757,17.2342136269351,"price.mod","tariffs"
1988,"Small",NA,NA,NA,NA,16.0389717045278,127.362077753956,NA,NA,NA,NA,NA,NA,NA,NA,1.41369271096241,65.9379536171974,"price.mod","tariffs"
1988.5,"Small",NA,NA,NA,NA,62.2240403513642,16.0389717045278,127.362077753956,NA,NA,NA,NA,NA,NA,NA,-1.8004415712309,10.2810238838933,"price.mod","tariffs"
1989,"Small",NA,NA,NA,NA,9.62203529401983,62.2240403513642,16.0389717045278,127.362077753956,NA,NA,NA,NA,NA,NA,2.38873336329482,104.877098552171,"price.mod","tariffs"
1989.5,"Small",-1.5451532165037,0.287995116871175,0.908247411000698,21.1868853778736,99.3387366844121,9.62203529401983,62.2240403513642,16.0389717045278,127.362077753956,21.1868853778736,130.304914210784,3.44487477493772,37.6891633843527,11.9101638695837,-1.85208233072258,15.5872498348054,"price.mod","tariffs"
1990,"Small",2.08219741923585,0.260048490479856,0.899776299781608,117.677238859713,14.6691726574004,99.3387366844121,9.62203529401983,62.2240403513642,16.0389717045278,117.677238859713,711.587373956031,19.4606214956558,197.95556649219,69.9547519225346,2.20836690985407,133.501819039748,"price.mod","tariffs"
1990.5,"Small",-1.96523613571173,0.291266103009348,0.90928989602331,17.7589593368252,126.738546524116,14.6691726574004,99.3387366844121,9.62203529401983,62.2240403513642,17.7589593368252,109.450230723633,2.88149814433342,31.798602617237,9.91806591387932,-1.55260735616818,26.8299531831329,"price.mod","tariffs"
1991,"Small",1.75565546848154,0.200569774653174,0.884420944320211,145.727484964187,25.1808269023777,126.738546524116,14.6691726574004,99.3387366844121,9.62203529401983,145.727484964187,854.554452434212,24.850961589978,217.647740264132,97.572802034219,2.01301256277352,188.499514351502,"price.mod","tariffs"
1991.5,"Small",-1.95574162960304,0.299503411327227,0.911961877297771,25.1880271836112,178.058188660401,25.1808269023777,126.738546524116,14.6691726574004,99.3387366844121,25.1880271836112,156.068111548138,4.06512712372155,45.8500180560335,13.837218398191,-1.8097882992096,29.1461287712907,"price.mod","tariffs"
1992,"Small",1.82501664928467,0.203400286808714,0.885067143736393,169.637684224972,27.3481324757478,178.058188660401,25.1808269023777,126.738546524116,14.6691726574004,169.637684224972,996.051716936606,28.8910138097204,254.796571260584,112.940860102002,0.791312035971294,60.3378909338987,"price.mod","tariffs"
1992.5,"Small",-1.03192110456598,0.358458088382641,0.9329868023583,20.1709216084611,56.6087262599151,27.3481324757478,178.058188660401,25.1808269023777,126.738546524116,20.1709216084611,130.349023330223,3.12135885747251,41.3122150321648,9.84856605287095,-1.22386391175084,16.648152274738,"price.mod","tariffs"
1993,"Small",1.60917696931858,0.323976448701647,0.920289580274144,78.0205858959254,15.6081894974354,56.6087262599151,27.3481324757478,178.058188660401,25.1808269023777,78.0205858959254,491.544204829916,12.3838543181478,149.145987926949,40.8137819069257,1.33304437185782,59.1951797924563,"price.mod","tariffs"
1993.5,"Small",-0.6594182075439,0.386107922784433,0.943955242733859,28.983724885472,56.0448727597109,15.6081894974354,56.6087262599151,27.3481324757478,178.058188660401,28.983724885472,191.453497660209,4.3877825085633,62.7369323656347,13.3901400110038,-0.590347724489582,31.0564011911606,"price.mod","tariffs"
1994,"Small",1.08998947914677,0.24229146903538,0.894805748872431,87.1963515972495,29.3171600379621,56.0448727597109,15.6081894974354,56.6087262599151,27.3481324757478,87.1963515972495,522.055543974545,14.5639746950794,141.563082240959,53.7089445320884,1.51751349690671,133.711769354944,"price.mod","tariffs"
1994.5,"Small",-1.72536661669142,0.316008104543572,0.917514737966127,22.4302564864532,125.936448173202,29.3171600379621,56.0448727597109,15.6081894974354,56.6087262599151,22.4302564864532,140.532708075693,3.58006625601417,42.2002857576476,11.9221089861199,-1.83759329138192,20.0490968680319,"price.mod","tariffs"
1995,"Small",1.92039204245733,0.266788848032103,0.901747448946836,127.556136336901,18.6932876502702,125.936448173202,29.3171600379621,56.0448727597109,15.6081894974354,127.556136336901,774.371281620509,21.0113266121504,217.48594956936,74.8120416487364,2.09726430687832,152.235523316154,"price.mod","tariffs"
1995.5,"Small",-1.88321829277136,0.298759425172878,0.911717810716374,21.8164983669201,143.43540323167,18.6932876502702,125.936448173202,29.3171600379621,56.0448727597109,21.8164983669201,135.111736086133,3.52271101520303,39.6537428055186,12.0028922194852,-1.72286262605943,25.6110053629336,"price.mod","tariffs"
1996,"Small",1.97049380715899,0.184817178427004,0.880982157418383,172.669372896636,24.0680400034077,143.43540323167,18.6932876502702,125.936448173202,29.3171600379621,172.669372896636,1005.60330257262,29.6485823587121,249.888041478621,119.312281452525,1.37195094245593,94.9011441494009,"price.mod","tariffs"
1996.5,"Small",-1.56629186674754,0.249762448240536,0.896857543202339,18.77367965364,89.9044767485774,24.0680400034077,143.43540323167,18.6932876502702,125.936448173202,18.77367965364,112.862578241066,3.12283356654042,30.9378627945325,11.3922235054899,-1.46490695110306,20.7768790876211,"price.mod","tariffs"
1997,"Small",1.74432272762197,0.221439735777418,0.889386152820586,111.769076024736,19.5331338222726,89.9044767485774,24.0680400034077,143.43540323167,18.6932876502702,111.769076024736,661.961387534659,18.8716843469501,174.045088187762,71.776379819155,1.55484529517515,92.4767710466039,"price.mod","tariffs"
1997.5,"Small",-1.29232669717738,0.260271684879939,0.899840831590827,23.8663268974135,86.9032339534104,19.5331338222726,89.9044767485774,24.0680400034077,143.43540323167,23.8663268974135,144.336908933222,3.94633336534686,40.1656406042995,14.1813139540275,-1.19749912814246,26.2402926829673,"price.mod","tariffs"
1998,"Small",1.6506941665143,0.209574538207193,0.886506435009125,128.530372196185,24.6671172039892,86.9032339534104,19.5331338222726,89.9044767485774,24.0680400034077,128.530372196185,756.859856309677,21.8271010665551,195.451899799958,84.5223637825866,1.97003838376082,176.886706816679,"price.mod","tariffs"
1998.5,"Small",-1.92510705963612,0.277187749474136,0.904878566828923,24.4911101648145,167.908176398757,24.6671172039892,86.9032339534104,19.5331338222726,89.9044767485774,24.4911101648145,149.615300285541,4.00904503724106,42.6354343694288,14.0684500105661,-2.24213733748628,17.8370886833316,"price.mod","tariffs"
1999,"Small",2.17295690241385,0.254332781242985,0.898141044526204,148.33284374579,16.8862856162948,167.908176398757,24.6671172039892,86.9032339534104,19.5331338222726,148.33284374579,894.031296610362,24.6105842347285,246.687969191537,89.1921588467463,2.25989255302452,161.805394322125,"price.mod","tariffs"
1999.5,"Small",-2.02927704192353,0.280208319500056,0.905808409413864,20.171757853075,153.478507656188,16.8862856162948,167.908176398757,24.6671172039892,86.9032339534104,20.171757853075,123.4579137774,3.2958585029774,35.3288580702037,11.5174912835995,-1.25750925404661,43.643365949619,"price.mod","tariffs"
2000,"Small",1.66920736020522,0.271093408096661,0.903030347309155,217.822962026427,41.0370481397023,153.478507656188,16.8862856162948,167.908176398757,24.6671172039892,217.822962026427,1325.76287397194,35.7883326780883,374.603992599378,126.658668149083,1.58288839312437,199.809350612063,"price.mod","tariffs"
2000.5,"Small",-1.70037974614296,0.335056357328317,0.92424830799626,34.2016746692377,187.289276726315,41.0370481397023,153.478507656188,16.8862856162948,167.908176398757,34.2016746692377,217.189713160568,5.3858653485839,66.8457231349959,17.4993177621557,-1.8153205654004,30.488019115296,"price.mod","tariffs"
2001,"Small",1.77702819439436,0.232921142179682,0.892314087483839,168.798585629394,28.5506016307132,187.289276726315,41.0370481397023,153.478507656188,16.8862856162948,168.798585629394,1005.59469129636,28.3344400652636,268.956185596799,105.9390489468,1.0537222030465,81.8919103951151,"price.mod","tariffs"
2001.5,"Small",-1.06893095065483,0.306202168435436,0.914183756256034,26.433843077357,76.982342284776,28.5506016307132,187.289276726315,41.0370481397023,153.478507656188,26.433843077357,164.516790751785,4.24727504496835,48.766785727544,14.3283599567579,-1.10726646999672,25.4396658760333,"price.mod","tariffs"
2002,"Small",1.73323919054543,0.283579462822543,0.906856925861269,136.027894988191,24.0376363759603,76.982342284776,28.5506016307132,187.289276726315,41.0370481397023,136.027894988191,834.283962176342,22.179005055604,239.851240653269,77.1461017442364,1.68959681438552,130.218993526022,"price.mod","tariffs"
2002.5,"Small",-1.35541629615426,0.310206239609582,0.915532677374514,31.830841197171,123.451944243827,24.0376363759603,76.982342284776,28.5506016307132,187.289276726315,31.830841197171,198.64136710542,5.10066189174889,59.1956552395745,17.1161624483913,-1.27495001477121,34.4980206572267,"price.mod","tariffs"
2003,"Small",1.47219736651321,0.210725998884744,0.886779351842273,142.475375415227,32.6868159340866,123.451944243827,24.0376363759603,76.982342284776,28.5506016307132,142.475375415227,839.434024473991,24.1820464835577,217.15712686298,93.4771650967651,2.19128961679212,292.440559592219,"price.mod","tariffs"
2003.5,"Small",-2.23880856506976,0.470803402660388,0.981645565468733,29.7391239669267,279.016815126751,32.6868159340866,123.451944243827,24.0376363759603,76.982342284776,29.7391239669267,211.823761475541,4.17524213600728,76.2540317521555,11.5982784647349,-2.86909324383175,15.8343052618112,"price.mod","tariffs"
2004,"Small",2.05031138146726,0.423425950313772,0.959823789894244,117.700108277007,15.1473947389057,279.016815126751,32.6868159340866,123.451944243827,24.0376363759603,117.700108277007,802.54466758311,17.2617376303039,274.511137757204,50.4654040692219,2.00706199044843,112.718159928329,"price.mod","tariffs"
2004.5,"Small",-1.77422575816471,0.365477624352174,0.935706185802968,18.321182491105,108.016464198228,15.1473947389057,279.016815126751,32.6868159340866,123.451944243827,18.321182491105,119.04127422786,2.81974239648902,38.0542644270067,8.82071255157814,-1.53412995960013,23.2930190056054,"price.mod","tariffs"
2005,"Small",1.55960124290482,0.485187485543809,0.988624837021685,105.628193150722,22.2051462111749,108.016464198228,15.1473947389057,279.016815126751,32.6868159340866,105.628193150722,762.936642341616,14.6241700412265,278.745808898825,40.0268446451725,1.39772487258027,89.8416742269801,"price.mod","tariffs"
2005.5,"Small",-0.930412838065401,0.47070446489981,0.98159811813412,33.6532073929372,85.3295830230686,22.2051462111749,108.016464198228,15.1473947389057,279.016815126751,33.6532073929372,239.679976935892,4.72521060086288,86.2730526785318,13.1273709770312,-0.570604331545993,48.2268960301268,"price.mod","tariffs"
2006,"Small",1.02542717165616,0.274700898777687,0.904119879240081,127.645942221793,45.7793530731186,85.3295830230686,22.2051462111749,108.016464198228,15.1473947389057,127.645942221793,778.602085228001,20.9265899421757,221.110406219272,73.6893701399623,1.67042552755543,243.29111021851,"price.mod","tariffs"
2006.5,"Small",-1.66390130677486,0.456603801553264,0.97491497262106,44.0822853635335,232.748696588192,45.7793530731186,85.3295830230686,22.2051462111749,108.016464198228,44.0822853635335,309.787926268291,6.27283285788566,109.866458255865,17.6873625829134,-1.62973566061597,45.6144090924,"price.mod","tariffs"
2007,"Small",1.47793588111372,0.316436892595276,0.917662508356522,191.139587238078,43.6004775487357,232.748696588192,45.7793530731186,85.3295830230686,22.2051462111749,191.139587238078,1197.90443024625,30.4985446977875,359.918554930945,101.507247428665,1.24436857868005,151.326035089233,"price.mod","tariffs"
2007.5,"Small",-1.88542441424726,0.355140134446124,0.93171706399649,21.9067506938825,144.346874614325,43.6004775487357,232.748696588192,45.7793530731186,85.3295830230686,21.9067506938825,141.207292196693,3.39859024628446,44.5706294272845,10.7673086992606,-1.93776878356497,20.7895502963218,"price.mod","tariffs"
2008,"Small",1.99219329340912,0.352868616691035,0.930853604436956,145.377903455588,19.8289559160785,144.346874614325,43.6004775487357,232.748696588192,45.7793530731186,145.377903455588,935.465055965644,22.5927571301162,294.439578659726,71.7795308271619,2.3299153508902,203.783598736402,"price.mod","tariffs"
2008.5,"Small",-1.50258859106644,0.469104798357631,0.980832036635215,43.2888614203623,194.510073007381,19.8289559160785,144.346874614325,43.6004775487357,232.748696588192,43.2888614203623,307.833617214692,6.08746224673832,110.620448237662,16.9401367733143,-1.20566812028085,58.2541789018972,"price.mod","tariffs"
2009,"Small",1.86457933966866,0.308212699732998,0.914859136984778,358.931153540572,55.6204676969495,194.510073007381,19.8289559160785,144.346874614325,43.6004775487357,358.931153540572,2236.90584600154,57.5936502701942,664.846373514629,193.77645440241,1.09643455810792,166.498419297926,"price.mod","tariffs"
2009.5,"Small",-1.87600709234021,0.310707909034889,0.91570277764385,24.4480751823117,159.582109124102,55.6204676969495,194.510073007381,19.8289559160785,144.346874614325,24.4480751823117,152.620896125966,3.91629452644967,45.5116030821822,13.133098806488,-1.86008527501953,24.8404483269851,"price.mod","tariffs"
2010,"Small",1.73054427086435,0.283023825878653,0.906683328545761,133.962834546135,23.7365994245249,159.582109124102,55.6204676969495,194.510073007381,19.8289559160785,133.962834546135,821.333356703583,21.8498870077083,235.947673764544,76.0594107723379,1.69740586320292,129.596269617249,"price.mod","tariffs"
2010.5,"Small",-1.45867865154944,0.298323121854143,0.911574932345461,28.5804691174402,122.903837186013,23.7365994245249,159.582109124102,55.6204676969495,194.510073007381,28.5804691174402,176.951104959339,4.616208614016,51.9026490482537,15.7379869804629,-2.48561925382424,10.2346905511429,"price.mod","tariffs"
2011,"Small",2.35229922064171,0.330902548387224,0.922750599445478,102.634845223573,9.76571982586884,122.903837186013,23.7365994245249,159.582109124102,55.6204676969495,102.634845223573,649.809144567327,16.210777490798,198.935886399097,52.951288200129,2.74742179104912,152.368216377339,"price.mod","tariffs"
2011.5,"Small",-1.82589841831773,0.263341607762425,0.900733575829572,23.5252565920152,146.053502627952,9.76571982586884,122.903837186013,23.7365994245249,159.582109124102,23.5252565920152,142.528466443875,3.88299763218239,39.8354734541465,13.8930869833191,-2.25232919463993,15.3581121965458,"price.mod","tariffs"
2012,"Small",2.18885353971582,0.233460722669464,0.892455086420139,130.43204016398,14.6142749358519,146.053502627952,9.76571982586884,122.903837186013,23.7365994245249,130.43204016398,777.250349756353,21.8880790554435,208.049029657178,81.7716724243862,2.43336010350909,166.560547153361,"price.mod","tariffs"
2012.5,"Small",-2.01518809831633,0.274289525453623,0.903994975661592,21.1505771352009,158.674556656344,14.6142749358519,146.053502627952,9.76571982586884,122.903837186013,21.1505771352009,128.979972988662,3.46834398229721,36.607247639612,12.2201733808585,-2.45631864902047,13.6063506339861,"price.mod","tariffs"
2013,"Small",2.01534834218941,0.267467979234751,0.901948608382845,97.3205033546758,12.970289876836,158.674556656344,14.6142749358519,146.053502627952,9.76571982586884,97.3205033546758,591.053718089687,16.0243986008904,166.159080965642,57.0012804486195,2.4972468222625,157.576045472077,"price.mod","tariffs"
2013.5,"Small",-1.95546050594128,0.269427272586915,0.902531565908613,21.2240678987365,149.99415428755,12.970289876836,158.674556656344,14.6142749358519,146.053502627952,21.2240678987365,129.04987374165,3.49059665933476,36.378951836835,12.3824639090912,-1.96737976948217,20.9725943072535,"price.mod","tariffs"
2014,"Small",1.87319059496858,0.227355174866946,0.890877403342687,127.875647261601,19.6458808613596,149.99415428755,12.970289876836,158.674556656344,14.6142749358519,127.875647261601,759.616038121038,21.5269035169685,201.495819780869,81.1539474136826,1.77728034118069,116.180850392033,"price.mod","tariffs"
2014.5,"Small",-1.69845351723995,0.270832648522988,0.902952100475881,19.8843554897572,108.677717628301,19.6458808613596,149.99415428755,12.970289876836,158.674556656344,19.8843554897572,121.005677647883,3.26751273930783,34.1785605605444,11.5682927179639,-1.23470684263748,31.6165254398685,"price.mod","tariffs"
2015,"Small",1.53755101107651,0.218648756905476,0.888695364646479,139.682216674685,30.0186528631441,108.677717628301,19.6458808613596,149.99415428755,12.970289876836,139.682216674685,826.137059143555,23.6172938124585,216.300247118876,90.2038805551186,1.89756465812663,200.213362153961,"price.mod","tariffs"
2015.5,"Small",-1.7231074903726,0.315842594995713,0.917457746744478,34.2068802415624,191.623841375467,30.0186528631441,108.677717628301,19.6458808613596,149.99415428755,34.2068802415624,214.292583526476,5.46034135481887,64.3355265097321,18.1876285054353,-1.78121273141121,32.2759238114381,"price.mod","tariffs"
2016,"Small",1.79630966097842,0.214783775314325,0.887752354199133,185.884678132309,30.8401314314963,191.623841375467,30.0186528631441,108.677717628301,19.6458808613596,185.884678132309,1097.32554959764,31.4884799474703,285.629073146174,120.971976640029,1.17872749275385,100.237693762124,"price.mod","tariffs"
2016.5,"Small",-1.54611616847111,0.266826947431,0.901758721678463,20.4975241713083,96.1991262692924,30.8401314314963,191.623841375467,30.0186528631441,108.677717628301,20.4975241713083,124.43973594445,3.3763210277216,34.9513817022257,12.0209409954919,-1.62793332816687,18.8872472760786,"price.mod","tariffs"
2017,"Small",1.76908345898382,0.27765597228028,0.905022105360271,105.289747018295,17.9507623748429,96.1991262692924,30.8401314314963,191.623841375467,30.0186528631441,105.289747018295,643.395908676093,17.2303408798294,183.465747824202,60.425070939123,1.91724956837105,122.105100641466,"price.mod","tariffs"
2017.5,"Small",-1.34966622896384,0.288467628018061,0.908397349545999,30.328180552066,116.949657037916,17.9507623748429,96.1991262692924,30.8401314314963,191.623841375467,30.328180552066,186.58222573881,4.92972217453505,54.0015412349578,17.0328200744627,-1.1208125122833,38.1273185761101,"price.mod","tariffs"
2018,"Small",1.48247806778312,0.206782089962736,0.885850441653209,160.147816849343,36.365451025562,116.949657037916,17.9507623748429,96.1991262692924,30.8401314314963,160.147816849343,941.804887528542,27.2320982628511,242.175198259935,105.904004315432,0.869022929225291,86.7163203578054,"price.mod","tariffs"
2018.5,"Small",-1.45823849223071,0.261549690018788,0.900211315523613,19.3435099048483,83.145779776665,36.365451025562,116.949657037916,17.9507623748429,96.1991262692924,19.3435099048483,117.070882984636,3.19610962093856,32.6373173543032,11.4645260631273,-0.953316780088465,32.0494066496181,"price.mod","tariffs"
2019,"Small",1.40263628516764,0.222308517572278,0.889602860400647,124.798850165064,30.6939926810589,83.145779776665,36.365451025562,116.949657037916,17.9507623748429,124.798850165064,739.451698267514,21.0625697919321,194.672815009931,80.0047659542379,1.80757657633297,187.100056196842,"price.mod","tariffs"
2019.5,"Small",-1.79370175305974,0.28447611043858,0.907137712620356,29.7877383868601,179.073905115168,30.6939926810589,83.145779776665,36.365451025562,116.949657037916,29.7877383868601,182.796273025585,4.85408889096895,52.6175158986325,16.8633836670172,-1.76149788035285,30.7626323497436,"price.mod","tariffs"
2020,"Small",1.83306447709026,0.242456263384372,0.894850385205338,183.600846173671,29.3619497486624,179.073905115168,30.6939926810589,83.145779776665,36.365451025562,183.600846173671,1099.33953680536,30.6632023929984,298.17382258941,113.052414940215,2.2431118176698,276.666117600586,"price.mod","tariffs"
2020.5,"Small",-2.01806080802005,0.448661227809125,0.971220402167819,35.1391057285502,264.376822035698,29.3619497486624,179.073905115168,30.6939926810589,83.145779776665,35.1391057285502,245.121851006391,5.03731815965291,86.1971478241889,14.3247982395042,-1.89389134611451,39.7847668086075,"price.mod","tariffs"
2021,"Small",1.91565996501371,0.354358952943173,0.931419583098193,257.439634658492,37.9066022626132,264.376822035698,29.3619497486624,179.073905115168,30.6939926810589,257.439634658492,1658.42631766561,39.9626831696605,522.959053805296,126.731079633957,2.26814220204207,366.232179004331,"price.mod","tariffs"
2021.5,"Small",-2.33266597064921,0.687934012701115,1.10237261308456,33.783372189872,348.150446906087,37.9066022626132,264.376822035698,29.3619497486624,179.073905115168,33.783372189872,306.345625780765,3.725583590791,133.731861255811,8.53436290949567,-2.42801559739015,30.7109450596497,"price.mod","tariffs"
2022,"Small",1.6819135202722,0.564336674787161,1.02978058573546,157.385502559341,29.2764870983752,348.150446906087,37.9066022626132,264.376822035698,29.3619497486624,157.385502559341,1234.30013668668,20.0682116769011,486.565523297215,50.9082440695774,1.54440437792127,137.165617650088,"price.mod","tariffs"
2022.5,"Small",-1.59738795623716,0.563491343234222,1.02931757302969,26.696140764345,131.881919175455,29.2764870983752,348.150446906087,37.9066022626132,264.376822035698,26.696140764345,209.171431123345,3.4071762471686,82.3931004301964,8.64980111184808,-1.39704354512576,32.6179720194644,"price.mod","tariffs"
2023,"Small",1.11618317386834,0.780383009685033,1.16231227045614,95.6020777495792,31.3123121534306,131.881919175455,29.2764870983752,348.150446906087,37.9066022626132,95.6020777495792,977.324850290029,9.3518109841618,455.301835150775,20.0740620055043,NA,NA,"price.mod","tariffs"
2023.5,"Small",-0.658034794005386,0.620948032233726,1.06186092826828,47.0781214086532,90.9075606771895,31.3123121534306,131.881919175455,29.2764870983752,348.150446906087,47.0781214086532,393.676787373542,5.62987096636942,162.99254180351,13.5978584715841,NA,NA,"price.mod","tariffs"
2024,"Small",1.28889967409286,0.26144958308533,0.900182235296455,162.447792539024,44.7663615610496,90.9075606771895,31.3123121534306,131.881919175455,29.2764870983752,162.447792539024,983.110125673928,26.8426543595121,274.035001145595,96.2989588573802,NA,NA,"price.mod","tariffs"
2024.5,"Small",-1.70324078938907,0.248691928527462,0.896560007786728,28.1279713787172,154.470832692565,44.7663615610496,90.9075606771895,31.3123121534306,131.881919175455,28.1279713787172,168.997600997057,4.68162133198397,46.2540191637263,17.1051681169883,NA,NA,"price.mod","tariffs"
2025,"Small",1.81923677937676,0.216158742771501,0.888086017412945,164.951238045966,26.7467540981163,154.470832692565,44.7663615610496,90.9075606771895,31.3123121534306,164.951238045966,974.400040047826,27.9237580199211,254.160863843391,107.053896974723,NA,NA,"price.mod","tariffs"
2025.5,"Small",-1.91477096399976,0.301466684084354,0.912608532647293,23.1160587300226,156.851347109003,26.7467540981163,154.470832692565,44.7663615610496,90.9075606771895,23.1160587300226,143.415301058063,3.72590767698852,42.2439406642138,12.6492027686831,NA,NA,"price.mod","tariffs"
2026,"Small",2.15876184834628,0.228627828575179,0.891203038732942,190.36399971481,21.9809502165999,156.851347109003,26.7467540981163,154.470832692565,44.7663615610496,190.36399971481,1131.55051099787,32.0254836485054,300.724235745088,120.503930445227,NA,NA,"price.mod","tariffs"
2026.5,"Small",-1.84070321694927,0.286005365668597,0.907618444853925,28.7283209902682,181.016221218087,21.9809502165999,156.851347109003,26.7467540981163,154.470832692565,28.7283209902682,176.464605349217,4.6769516486698,50.9015900426524,16.2139616115788,NA,NA,"price.mod","tariffs"
2027,"Small",1.93478870164318,0.221169151378834,0.889318821216251,189.10846736084,27.3176236861451,181.016221218087,21.9809502165999,156.851347109003,26.7467540981163,189.10846736084,1119.85937039008,31.9343779881121,294.317481744834,121.508284915847,NA,NA,"price.mod","tariffs"
2027.5,"Small",-1.83788626556897,0.311942130661288,0.916122298129094,28.6193512495321,179.822341478887,27.3176236861451,181.016221218087,21.9809502165999,156.851347109003,28.6193512495321,178.810699651145,4.58063900841545,53.4083642429104,15.3359361881752,NA,NA,"price.mod","tariffs"
1987,"Large",NA,NA,NA,NA,NA,NA,NA,NA,NA,NA,NA,NA,NA,NA,NA,7.14587041101213,"price.mod","label.premium"
1987.5,"Large",NA,NA,NA,NA,4.66395382096754,NA,NA,NA,NA,NA,NA,NA,NA,NA,0.610136435090352,8.5848582505894,"price.mod","label.premium"
1988,"Large",NA,NA,NA,NA,5.75337832616216,4.66395382096754,NA,NA,NA,NA,NA,NA,NA,NA,-0.512831085078008,3.44511102628187,"price.mod","label.premium"
1988.5,"Large",NA,NA,NA,NA,2.24669069726174,5.75337832616216,4.66395382096754,NA,NA,NA,NA,NA,NA,NA,1.54489120541646,10.5312764352957,"price.mod","label.premium"
1989,"Large",NA,NA,NA,NA,6.88493530487261,2.24669069726174,5.75337832616216,4.66395382096754,NA,NA,NA,NA,NA,NA,1.05239836278623,19.721986874617,"price.mod","label.premium"
1989.5,"Large",0.0814392223865132,0.0699315754614831,0.249740978241836,15.7458499081692,14.514347025376,6.88493530487261,2.24669069726174,5.75337832616216,4.66395382096754,15.7458499081692,25.94707247389,9.55528950636259,18.1095601439316,13.6906577167017,0.137053480975411,16.646351965429,"price.mod","label.premium"
1990,"Large",0.15446259039606,0.0719798323116924,0.25032224676661,15.164215676497,12.993845601371,14.514347025376,6.88493530487261,2.24669069726174,5.75337832616216,15.164215676497,25.0176834798384,9.19163587902278,17.5122053273877,13.1310381978956,-0.0209747081748427,12.7241418482513,"price.mod","label.premium"
1990.5,"Large",0.348888032878715,0.0595933776769367,0.247045545658306,14.255200718191,10.0566466079658,12.993845601371,14.514347025376,6.88493530487261,2.24669069726174,14.255200718191,23.3643859285851,8.69745723842434,16.0596282096393,12.6535150666777,0.258337017950222,13.021095693464,"price.mod","label.premium"
1991,"Large",0.417221361012559,0.0511010879847932,0.245135579139165,14.5707745741875,9.60031989241862,10.0566466079658,12.993845601371,14.514347025376,6.88493530487261,14.5707745741875,23.790561807997,8.92402093759817,16.1386974607224,13.1551801010269,1.07655607502253,28.1726738311641,"price.mod","label.premium"
1991.5,"Large",-0.0459767606215863,0.0724881690409297,0.250468891516632,20.4500784735838,21.4122562584429,9.60031989241862,10.0566466079658,12.993845601371,14.514347025376,20.4500784735838,33.7481129395717,12.3919731549009,23.6405405433959,17.6901923544452,-0.158033482212266,18.2822381976969,"price.mod","label.premium"
1992,"Large",0.219325803641008,0.0582750025091032,0.24673083894013,17.7304922465906,14.2386497355295,21.4122562584429,9.60031989241862,10.0566466079658,12.993845601371,17.7304922465906,29.0421307751866,10.824631213871,19.9222239141995,15.7798826406293,-0.409529699655694,9.45392859910533,"price.mod","label.premium"
1992.5,"Large",0.515167190489334,0.0663682751530348,0.248766715847304,11.8503599621654,7.07941341429134,14.2386497355295,21.4122562584429,9.60031989241862,10.0566466079658,11.8503599621654,19.4898082553795,7.20535725096896,13.532508042244,10.3773100148557,0.745153566057287,14.9146599608939,"price.mod","label.premium"
1993,"Large",0.37096953545773,0.0692395045775306,0.24954807144277,16.3110884628846,11.2557106688933,7.07941341429134,14.2386497355295,21.4122562584429,9.60031989241862,16.3110884628846,26.8681425568518,9.9021213052258,18.7337022197435,14.2017634167183,-0.527888131417845,6.63917350400357,"price.mod","label.premium"
1993.5,"Large",0.652895857240642,0.0854561883787054,0.254524833953155,9.59386196376194,4.99395238798526,11.2557106688933,7.07941341429134,14.2386497355295,21.4122562584429,9.59386196376194,15.961398015084,5.76654922662386,11.3820310932272,8.08662238099902,0.66044053333144,9.66651828429478,"price.mod","label.premium"
1994,"Large",0.431488503708379,0.061155474296128,0.247427005403712,11.1768818983846,7.2598489668284,4.99395238798526,11.2557106688933,7.07941341429134,14.2386497355295,11.1768818983846,18.3329784603521,6.81409675141451,12.6310551680585,9.89012297930128,0.434469950886364,11.2102549065887,"price.mod","label.premium"
1994.5,"Large",0.483723081613612,0.0538937093118706,0.245732909619482,12.9457036626365,7.98081780454423,7.2598489668284,4.99395238798526,11.2557106688933,7.07941341429134,12.9457036626365,21.1624797131421,7.91926303498006,14.4190664269882,11.6228914104397,0.625487799327689,14.9174055262332,"price.mod","label.premium"
1995,"Large",0.254041831598234,0.0546506093139153,0.24590002046573,13.7561986601862,10.6701241703459,7.98081780454423,7.2598489668284,4.99395238798526,11.2557106688933,13.7561986601862,22.4949215559274,8.41225434407638,15.3450163383454,12.3318866142643,0.283183857837616,14.1629805993173,"price.mod","label.premium"
1995.5,"Large",0.344399053711215,0.0501547224139925,0.24494004806705,14.2779898445226,10.1180415874083,10.6701241703459,7.98081780454423,7.2598489668284,4.99395238798526,14.2779898445226,23.3034000762922,8.74812230545229,15.7845028218531,12.9152622861236,0.536858314891243,17.308166480047,"price.mod","label.premium"
1996,"Large",0.173187462650484,0.0504882091021662,0.245008551330373,15.5234236477768,13.0548880080025,10.1180415874083,10.6701241703459,7.98081780454423,7.2598489668284,15.5234236477768,25.3395695798611,9.50989640881176,17.1727960115919,14.0324663255589,-0.651906664558627,6.80226713675773,"price.mod","label.premium"
1996.5,"Large",0.675975695573421,0.0705065592428965,0.249902592749528,9.757736751341,4.96336921688209,13.0548880080025,10.1180415874083,10.6701241703459,7.98081780454423,9.757736751341,16.0846543066789,5.9195196050272,11.2354459951125,8.47437890315074,0.779176665386796,10.8185413426617,"price.mod","label.premium"
1997,"Large",0.431701499253105,0.0545043524320286,0.245867556624901,12.1013463353453,7.85865297512453,4.96336921688209,13.0548880080025,10.1180415874083,10.6701241703459,12.1013463353453,19.7875277389189,7.40075188068824,13.4950832939738,10.8515508898985,-0.240618304862747,6.17801430322705,"price.mod","label.premium"
1997.5,"Large",0.700541163613016,0.080041896229609,0.252758454099355,8.55645726556392,4.24671214255765,7.85865297512453,4.96336921688209,13.0548880080025,10.1180415874083,8.55645726556392,14.1852563760212,5.16120110886265,10.0419370216624,7.29072098136917,1.04060731692264,12.0221692989969,"price.mod","label.premium"
1998,"Large",0.354991234141148,0.0620951429648118,0.247660933024336,11.9026643908326,8.34590533298364,4.24671214255765,7.85865297512453,4.96336921688209,13.0548880080025,11.9026643908326,19.5325858378143,7.25318300286282,13.4765691551197,10.5125731905566,-0.0980708023631223,7.56627019220878,"price.mod","label.premium"
1998.5,"Large",0.624005594196776,0.0735122280833815,0.250767180158105,10.094329864051,5.4084809746588,8.34590533298364,4.24671214255765,7.85865297512453,4.96336921688209,10.094329864051,16.6682919152498,6.11313360255274,11.6930929668888,8.71416106010681,0.973279375904727,14.3141369712653,"price.mod","label.premium"
1999,"Large",0.225489489951078,0.059200349232688,0.246951032222861,13.5973202105074,10.8523672946907,5.4084809746588,8.34590533298364,4.24671214255765,7.85865297512453,13.5973202105074,22.2819023335282,8.29763608778005,15.3064365342483,12.0790437730811,0.151007381393711,12.6213600588856,"price.mod","label.premium"
1999.5,"Large",0.419000575762795,0.0518088181912513,0.245284089596203,13.9840005984982,9.19733056477768,10.8523672946907,5.4084809746588,8.34590533298364,4.24671214255765,13.9840005984982,22.8392841169216,8.56210167261391,15.510721556036,12.6075548472921,0.367480505757245,13.2817882412885,"price.mod","label.premium"
2000,"Large",0.330996726509151,0.0524547798336804,0.245421341561943,13.3102386695945,9.55951350659522,9.19733056477768,10.8523672946907,5.4084809746588,8.34590533298364,13.3102386695945,21.7448347586425,8.14733500658845,14.782486323247,11.9846181195489,0.65182611476802,18.3451081312111,"price.mod","label.premium"
2000.5,"Large",0.205905064083272,0.0524913556969721,0.245429161652747,16.1316684487527,13.1297317831816,9.55951350659522,9.19733056477768,10.8523672946907,5.4084809746588,16.1316684487527,26.3545951218542,9.87420697367078,17.9173055408551,14.5239877919759,0.313252237697957,17.9597204573771,"price.mod","label.premium"
2001,"Large",0.17439931439248,0.0494307481861202,0.244792830436073,16.3325892861761,13.718744921723,13.1297317831816,9.55951350659522,9.19733056477768,10.8523672946907,16.3325892861761,26.6489064332279,10.0099219252879,18.0297640547315,14.7951726922855,0.0792879318291049,14.8507604387454,"price.mod","label.premium"
2001.5,"Large",0.305654130789478,0.0438391112978426,0.243725252376623,15.1570198057646,11.1652876372669,13.718744921723,13.1297317831816,9.55951350659522,9.19733056477768,15.1570198057646,24.6780524268134,9.30929416223811,16.5459606202987,13.8846728010762,0.182584334443387,13.4018664130013,"price.mod","label.premium"
2002,"Large",0.345853800714642,0.0455168338938558,0.244032606703254,15.182053939172,10.7430632552523,11.1652876372669,13.718744921723,13.1297317831816,9.55951350659522,15.182053939172,24.7340115387093,9.31893968963336,16.6289929677178,13.8610174566428,0.217131796108908,13.3483404174564,"price.mod","label.premium"
2002.5,"Large",0.327151279107281,0.0470147471940228,0.244316428879398,15.6083260558953,11.2532076707808,10.7430632552523,11.1652876372669,13.718744921723,13.1297317831816,15.6083260558953,25.4429159140692,9.57515416432385,17.1471844444104,14.2075711063198,0.218507774293999,14.0014513009392,"price.mod","label.premium"
2003,"Large",0.275907633766283,0.0455131070306446,0.24403191159815,15.4815597164111,11.7486928335576,11.2532076707808,10.7430632552523,11.1652876372669,13.718744921723,15.4815597164111,25.2219196333189,9.5027933931,16.9569170142788,14.1345676841478,0.295022181441905,15.7803290514298,"price.mod","label.premium"
2003.5,"Large",0.193936256966364,0.0473065401095693,0.244372747465429,16.2804768779747,13.4103982580291,11.7486928335576,11.2532076707808,10.7430632552523,11.1652876372669,16.2804768779747,26.54156904954,9.98636994216672,17.8960448910195,14.8107544984578,0.519418399177725,22.5435455053521,"price.mod","label.premium"
2004,"Large",-0.0234228756559451,0.0656584271577934,0.24857827745702,19.3180981705424,19.775924454676,13.4103982580291,11.7486928335576,11.2532076707808,10.7430632552523,19.3180981705424,31.7597238193018,11.7503829394105,22.0289883849766,16.9408104632358,0.577299721395942,35.2253143784838,"price.mod","label.premium"
2004.5,"Large",-0.104589368644245,0.0902185771214369,0.256163078183568,27.3149206869888,30.3265166522648,19.775924454676,13.4103982580291,11.7486928335576,11.2532076707808,27.3149206869888,45.5932306374595,16.364378696242,32.7161962171054,22.8053679341364,-0.220757798310307,24.3191636845117,"price.mod","label.premium"
2005,"Large",0.0910352185393409,0.0748792592526564,0.251171324861917,22.8841196182297,20.8928706804357,30.3265166522648,19.775924454676,13.4103982580291,11.7486928335576,22.8841196182297,37.8180254709258,13.8474424346678,26.5811341600626,19.7013012141621,-0.35686653251583,14.6222077599464,"price.mod","label.premium"
2005.5,"Large",0.337132850421153,0.0760138810708368,0.251511910418007,17.9772348656326,12.8324019843284,20.8928706804357,30.3265166522648,19.775924454676,13.4103982580291,17.9772348656326,29.7292095370655,10.8708229531358,20.9289630163415,15.44180536617,0.701632052152539,25.8834929969359,"price.mod","label.premium"
2006,"Large",0.245012872779167,0.0881365358155995,0.255437232822936,29.4795176482465,23.0734552270583,12.8324019843284,20.8928706804357,30.3265166522648,19.775924454676,29.4795176482465,49.1349291974485,17.6868467090089,35.1620992553668,24.7153036700627,0.736700771047751,48.2011848862208,"price.mod","label.premium"
2006.5,"Large",-0.0812946093136518,0.0895919016999508,0.25594304018058,40.9878619835796,44.4591407952258,23.0734552270583,12.8324019843284,20.8928706804357,30.3265166522648,40.9878619835796,68.3855848118561,24.5666515042173,49.0313444910914,34.2638948089667,0.078062246088644,48.0687764989239,"price.mod","label.premium"
2007,"Large",-0.0813990174258974,0.118888887825443,0.267609227447476,41.6235634112567,45.1533941716121,44.4591407952258,23.0734552270583,12.8324019843284,20.8928706804357,41.6235634112567,71.0856074857535,24.3723180026017,52.7964635745007,32.8150961968534,-0.485535663415218,27.7859303224289,"price.mod","label.premium"
2007.5,"Large",0.234078315800363,0.103625586911682,0.261186510427807,31.4898187589068,24.9178886144639,45.1533941716121,44.4591407952258,23.0734552270583,12.8324019843284,31.4898187589068,53.0925862809585,18.6769708339569,38.7416579303657,25.5954117206631,0.281550781790758,33.0207696088209,"price.mod","label.premium"
2008,"Large",0.269258499003883,0.10559317794458,0.26197337688227,38.1704334174942,29.1601404195457,24.9178886144639,45.1533941716121,44.4591407952258,23.0734552270583,38.1704334174942,64.4576214051107,22.6037193976232,47.1459249274688,30.9036674860199,-0.22676424981767,23.2438009992854,"price.mod","label.premium"
2008.5,"Large",0.745499261492022,0.100557834731407,0.259984632416097,41.5685242434802,19.7241542869151,29.1601404195457,24.9178886144639,45.1533941716121,44.4591407952258,41.5685242434802,69.9172581830253,24.7141013919266,50.8285864434914,33.9954802737203,1.00019844442605,53.6264509942925,"price.mod","label.premium"
2009,"Large",-0.242519861128922,0.0841478248203833,0.254088542419107,38.5371499567539,49.1139236068657,19.7241542869151,29.1601404195457,24.9178886144639,45.1533941716121,38.5371499567539,64.0586964334611,23.1836114294326,45.6004853282316,32.5678973830986,-0.116125142913405,43.7292593414929,"price.mod","label.premium"
2009.5,"Large",0.181871708677053,0.094123884232575,0.257564431841222,50.5838575183544,42.1721814086092,49.1139236068657,19.7241542869151,29.1601404195457,24.9178886144639,50.5838575183544,84.6700016973911,30.219990435125,61.0614218094793,41.9041444763731,0.629694503935974,79.1587475834059,"price.mod","label.premium"
2010,"Large",-0.10220753949938,0.131028281197044,0.273218852644022,67.8056254540337,75.1024140180614,42.1721814086092,49.1139236068657,19.7241542869151,29.1601404195457,67.8056254540337,117.106393540288,39.2600498078782,88.1201941517319,52.1742250737238,0.166922443989248,88.7457150702596,"price.mod","label.premium"
2010.5,"Large",0.177412963771403,0.171811244151519,0.294956326569811,89.8552650313398,75.2478435257279,75.1024140180614,42.1721814086092,49.1139236068657,19.7241542869151,89.8552650313398,162.083699058485,49.8135759533657,126.70007735041,63.7250491293893,0.317418617225061,103.358741387125,"price.mod","label.premium"
2011,"Large",-0.0319604692500012,0.182056422422233,0.301039319544552,87.6539630893241,90.5006736688775,75.2478435257279,75.1024140180614,42.1721814086092,49.1139236068657,87.6539630893241,160.04827114226,48.0056247432707,126.154793165426,60.9030941471215,-0.0593987840866889,85.2815819611417,"price.mod","label.premium"
2011.5,"Large",0.0994925191026034,0.171134690717334,0.294562749399142,81.3741476326226,73.6677491297408,90.5006736688775,75.2478435257279,75.1024140180614,42.1721814086092,81.3741476326226,146.669700713246,45.1473744797642,114.586157507583,57.788410458721,0.141629776772767,84.8762984025984,"price.mod","label.premium"
2012,"Large",-0.0635261804452282,0.176170133016285,0.29751646464295,69.6311794895524,74.1981063266677,73.6677491297408,90.5006736688775,75.2478435257279,75.1024140180614,69.6311794895524,126.247640324829,38.4046873639087,99.0428628217701,48.9535643353852,-0.176969622104378,62.1635618998823,"price.mod","label.premium"
2012.5,"Large",-0.00391377906672674,0.180501158632284,0.300101314949237,55.7190740219417,55.9375734678365,74.1981063266677,73.6677491297408,90.5006736688775,75.2478435257279,55.7190740219417,101.547346759725,30.573080527732,79.9438767315678,38.8349344163926,0.125883974326512,63.4416308366028,"price.mod","label.premium"
2013,"Large",-0.295907796866049,0.169302454419185,0.293502047759508,42.6397603262546,57.3225996861142,55.9375734678365,74.1981063266677,73.6677491297408,90.5006736688775,42.6397603262546,76.691528655347,23.7073010873369,59.8231115950079,30.3920861386982,-0.319911181224012,41.6284477882174,"price.mod","label.premium"
2013.5,"Large",0.148557000347511,0.166594469346597,0.291948365612035,40.278343132943,34.7179530776213,57.3225996861142,55.9375734678365,74.1981063266677,73.6677491297408,40.278343132943,72.2195413061552,22.4640713052663,56.20483987463,28.8648616231962,0.306652805376711,47.177153448199,"price.mod","label.premium"
2014,"Large",-0.169925069347303,0.134211477377706,0.274759625175481,31.7445626448648,37.6241647971511,34.7179530776213,57.3225996861142,55.9375734678365,74.1981063266677,31.7445626448648,54.9949138633168,18.3238264545391,41.5187200117231,24.2713951015159,-0.726590908875589,18.1933404151374,"price.mod","label.premium"
2014.5,"Large",1.0274215863098,0.152949402248963,0.284382929542157,38.9610763043344,13.9452858319875,37.6241647971511,34.7179530776213,57.3225996861142,55.9375734678365,38.9610763043344,68.8086155666321,22.0606889746563,52.9030984388536,28.6933187580054,1.46490058198245,60.3428279737265,"price.mod","label.premium"
2015,"Large",-0.35990501984231,0.11623767757172,0.266441979901688,34.6115745444331,49.6050761570718,13.9452858319875,37.6241647971511,34.7179530776213,57.3225996861142,34.6115745444331,58.9725517059417,20.313875825118,43.6700933741766,27.4320707808067,-0.353594322472505,34.8306883702158,"price.mod","label.premium"
2015.5,"Large",0.55924310244565,0.0974191822400128,0.258786838991045,56.9589162988767,32.5600845809288,49.6050761570718,13.9452858319875,37.6241647971511,34.7179530776213,56.9589162988767,95.5742965391065,33.9455090272619,69.2116087980362,46.8753465247365,0.75110031279805,69.0055855708675,"price.mod","label.premium"
2016,"Large",-0.190042995226141,0.119495602766631,0.267879319931988,52.9603533163552,64.0450395113498,32.5600845809288,49.6050761570718,13.9452858319875,37.6241647971511,52.9603533163552,90.4956897818503,30.9937305318569,67.257920501522,41.702137123459,-0.294199043202684,47.7217627034916,"price.mod","label.premium"
2016.5,"Large",0.178959994938044,0.147800570186791,0.28164718978574,52.3264133994981,43.7521732109983,64.0450395113498,32.5600845809288,49.6050761570718,13.9452858319875,52.3264133994981,91.908696918788,29.7910168574641,70.3232465312706,38.9352550445412,0.0416126615842015,45.6112294717389,"price.mod","label.premium"
2017,"Large",-0.0747434826857304,0.108525308082878,0.263168906714201,36.8688201138523,39.7301240905552,43.7521732109983,64.0450395113498,32.5600845809288,49.6050761570718,36.8688201138523,62.4086585092721,21.7807901829142,45.8060796906683,29.6753161538188,-0.149805983511594,34.2026699473219,"price.mod","label.premium"
2017.5,"Large",0.314150261456912,0.127894901699583,0.27173008086594,42.8708558498187,31.3132704206171,39.7301240905552,43.7521732109983,64.0450395113498,32.5600845809288,42.8708558498187,73.8216763516886,24.8966207776165,55.3669058344951,33.1951055164594,0.348835628620957,44.3839364102981,"price.mod","label.premium"
2018,"Large",-0.127252782085138,0.106135920801645,0.262192609833071,35.536864831153,40.3593619222047,31.3132704206171,39.7301240905552,43.7521732109983,64.0450395113498,35.536864831153,60.0366868751694,21.0349509234819,43.9407636075623,28.7402552515109,-0.159019725660945,34.4257096933832,"price.mod","label.premium"
2018.5,"Large",0.41603116400198,0.0818363373215829,0.253332424045711,48.1400923496885,31.7560794804414,40.3593619222047,31.3132704206171,39.7301240905552,43.7521732109983,48.1400923496885,79.900347248465,29.0044858532334,56.7007832943181,40.8718955328571,0.475584896353227,51.0941026773258,"price.mod","label.premium"
2019,"Large",-0.193477798563638,0.08061505536765,0.252940542654975,38.4076521985369,46.6062435682489,31.7560794804414,40.3593619222047,31.3132704206171,39.7301240905552,38.4076521985369,63.6970213605807,23.1588183543646,45.1272748007644,32.6886069215681,-0.643862787899628,24.4803737822038,"price.mod","label.premium"
2019.5,"Large",0.662544676192802,0.0858729695523354,0.25466506997702,43.5316916965774,22.4422320099205,46.6062435682489,31.7560794804414,40.3593619222047,31.3132704206171,43.5316916965774,72.4443990179707,26.1581048038756,51.6884915775701,36.6620910018622,0.48735765566431,36.5361505714671,"price.mod","label.premium"
2020,"Large",0.0759010076622205,0.0812600765901619,0.253146856615094,35.7402892340478,33.1279585409841,22.4422320099205,46.6062435682489,31.7560794804414,40.3593619222047,35.7402892340478,59.2978065129103,21.5415771619695,42.0474505515798,30.3792086744104,0.102417182658322,36.7006614265975,"price.mod","label.premium"
2020.5,"Large",0.357492098953856,0.0973114321884512,0.258746296207756,48.4714431356881,33.9022954421545,33.1279585409841,22.4422320099205,46.6062435682489,31.7560794804414,48.4714431356881,81.3261339436828,28.8896162368081,58.88566530352,39.899027845675,0.539734110112561,58.1611051167601,"price.mod","label.premium"
2021,"Large",-0.215318250511146,0.0945055473363853,0.257704151002684,42.153458556252,52.2811029296427,33.9022954421545,33.1279585409841,22.4422320099205,46.6062435682489,42.153458556252,70.5784626692276,25.1764348648584,50.9236692030551,34.8936770673046,-0.066429274021153,48.9209490709912,"price.mod","label.premium"
2021.5,"Large",0.134714277899276,0.0948032617012494,0.257813477917389,48.7515669858875,42.6071918726642,52.2811029296427,33.9022954421545,33.1279585409841,22.4422320099205,48.7515669858875,81.6436704634788,29.110833333279,58.9296207737177,40.3314199612071,0.0164079940755796,43.312057324851,"price.mod","label.premium"
2022,"Large",0.0999379576569367,0.083994255503574,0.254037725395784,41.2738941783202,37.3484809559886,42.6071918726642,52.2811029296427,33.9022954421545,33.1279585409841,41.2738941783202,68.6008996225965,24.8325364538229,48.8238395475726,34.8914455812779,0.585571660535611,67.0785218286594,"price.mod","label.premium"
2022.5,"Large",-0.291553873458917,0.167250118638427,0.292322994564629,46.9530008290426,62.8468611894902,37.3484809559886,42.6071918726642,52.2811029296427,33.9022954421545,46.9530008290426,84.2503824057308,26.1670537735402,65.6047010880646,33.6040596220803,-0.508941018326083,37.7792486423378,"price.mod","label.premium"
2023,"Large",0.349930507239406,0.132555313298678,0.273954452510586,51.699440891452,36.4345120881752,62.8468611894902,37.3484809559886,42.6071918726642,52.2811029296427,51.699440891452,89.4210284425528,29.8904210233487,67.3941078567978,39.6597309985629,NA,NA,"price.mod","label.premium"
2023.5,"Large",-0.34159433839961,0.12222000643928,0.269105668726398,34.7616978775458,48.9162906600256,36.4345120881752,62.8468611894902,37.3484809559886,42.6071918726642,34.7616978775458,59.5447113959855,20.2935846190236,44.3874227455231,27.2233791598465,NA,NA,"price.mod","label.premium"
2024,"Large",0.365598660579422,0.116111809884597,0.266387093083244,47.4073993936297,32.8903618277847,48.9162906600256,36.4345120881752,62.8468611894902,37.3484809559886,47.4073993936297,80.7657111122597,27.8269266290899,59.7997775851556,37.5831082994701,NA,NA,"price.mod","label.premium"
2024.5,"Large",-0.273562601511083,0.104501258208543,0.261535167680816,34.1198469410929,44.8553038135106,32.8903618277847,48.9162906600256,36.4345120881752,62.8468611894902,34.1198469410929,57.5670049058232,20.222764015396,42.0509405307399,27.684611582768,NA,NA,"price.mod","label.premium"
2025,"Large",0.439663702958531,0.08426727537508,0.254128126475217,50.1092918031893,32.283063829459,44.8553038135106,32.8903618277847,48.9162906600256,36.4345120881752,50.1092918031893,83.3011795201443,30.1429240195809,59.3078103702198,42.3374444165619,NA,NA,"price.mod","label.premium"
2025.5,"Large",-0.256854985400969,0.0890016029901937,0.255737006124433,36.6720537571719,47.411744505309,32.283063829459,44.8553038135106,32.8903618277847,48.9162906600256,36.6720537571719,61.1597320079055,21.9889702360873,43.8168388864537,30.692299146771,NA,NA,"price.mod","label.premium"
2026,"Large",0.376876950439601,0.0813253536453197,0.253167818081605,50.5799601701008,34.6978769935306,47.411744505309,32.283063829459,44.8553038135106,32.8903618277847,50.5799601701008,83.9222764324812,30.48454450431,59.5136775585938,42.9873009996768,NA,NA,"price.mod","label.premium"
2026.5,"Large",-0.25024973714728,0.0907345880439291,0.256345268015943,37.2618208592105,47.8570752524762,34.6978769935306,47.411744505309,32.283063829459,44.8553038135106,37.2618208592105,62.2189595378012,22.3154373531487,44.6760877614387,31.0779963804776,NA,NA,"price.mod","label.premium"
2027,"Large",0.340071254649108,0.0858038990270166,0.25464178772327,49.5362142944046,35.2558950008357,47.8570752524762,34.6978769935306,47.411744505309,32.283063829459,49.5362142944046,82.4331432075706,29.7675962742595,58.8099937410731,41.7248221012377,NA,NA,"price.mod","label.premium"
2027.5,"Large",-0.24778556784249,0.0923713939230338,0.256929183593356,36.5829378410208,46.8695176357904,35.2558950008357,47.8570752524762,34.6978769935306,47.411744505309,36.5829378410208,61.1567548527553,21.8832955460471,44.005945084641,30.4120577005195,NA,NA,"price.mod","label.premium"
1987,"Medium",NA,NA,NA,NA,NA,NA,NA,NA,NA,NA,NA,NA,NA,NA,NA,61.588251470677,"price.mod","label.premium"
1987.5,"Medium",NA,NA,NA,NA,54.5415494554108,NA,NA,NA,NA,NA,NA,NA,NA,NA,-0.840375669347766,23.5373169544311,"price.mod","label.premium"
1988,"Medium",NA,NA,NA,NA,20.7723982842426,54.5415494554108,NA,NA,NA,NA,NA,NA,NA,NA,0.655793285526642,40.0215630621078,"price.mod","label.premium"
1988.5,"Medium",NA,NA,NA,NA,36.1814989387385,20.7723982842426,54.5415494554108,NA,NA,NA,NA,NA,NA,NA,-0.836167061539971,15.67991897669,"price.mod","label.premium"
1989,"Medium",NA,NA,NA,NA,13.9463370565353,36.1814989387385,20.7723982842426,54.5415494554108,NA,NA,NA,NA,NA,NA,2.59731038121477,187.265477978117,"price.mod","label.premium"
1989.5,"Medium",-1.12142398363182,0.271865011312746,0.577886616643792,55.3929126892749,170.013124906912,13.9463370565353,36.1814989387385,20.7723982842426,54.5415494554108,55.3929126892749,175.954403255405,17.4384654173602,95.4098362417348,32.1599417530437,-1.49357362067379,38.179625854383,"price.mod","label.premium"
1990,"Medium",1.05766590723172,0.241654094101611,0.564304047935153,97.8605593675321,33.9835877422949,170.013124906912,13.9463370565353,36.1814989387385,20.7723982842426,97.8605593675321,302.521302873189,31.656246977558,158.674001120694,60.3544941961971,1.36637839873634,133.253868343756,"price.mod","label.premium"
1990.5,"Medium",-1.22431024823222,0.229819279053277,0.559338232507395,35.9477848661083,122.287852633764,33.9835877422949,170.013124906912,13.9463370565353,36.1814989387385,35.9477848661083,110.0289959066,11.7445699302477,56.9233726143119,22.7014524514506,-1.23078180468435,35.7158978911478,"price.mod","label.premium"
1991,"Medium",0.989834272312606,0.184979724174994,0.54245723856889,85.589131785151,31.8081974383853,122.287852633764,33.9835877422949,170.013124906912,13.9463370565353,85.589131785151,253.27422299357,28.923193971942,123.90532405713,59.1217490893154,1.63503610538755,163.164703739858,"price.mod","label.premium"
1991.5,"Medium",-1.01754962643311,0.191561406612408,0.544736752774451,53.3052873069508,147.464158302076,31.8081974383853,122.287852633764,33.9835877422949,170.013124906912,53.3052873069508,158.461083120335,17.9315551738264,78.1912961151581,36.3397692077102,-1.17050854595926,45.7447305443982,"price.mod","label.premium"
1992,"Medium",1.1178660860957,0.129117785405883,0.526035892148101,125.272775578447,40.9612901600747,147.464158302076,31.8081974383853,122.287852633764,33.9835877422949,125.272775578447,358.728325554482,43.7469449251635,162.183617574711,96.7623520538311,0.293112285211066,54.9124315896693,"price.mod","label.premium"
1992.5,"Medium",-0.311058662633707,0.214584952635386,0.553253160151354,36.3872701168546,49.66386737168,40.9612901600747,147.464158302076,31.8081974383853,122.287852633764,36.3872701168546,110.026947351556,12.0337195425991,55.8901913341761,23.6899068503871,-0.286264087737031,37.3007549468887,"price.mod","label.premium"
1993,"Medium",0.861704878139582,0.176697208686761,0.53968904090932,79.6974786797589,33.6675030866149,49.66386737168,40.9612901600747,147.464158302076,31.8081974383853,79.6974786797589,234.537627158327,27.0817445578694,113.480653373633,55.9715503839918,0.135467204686241,38.5517030493375,"price.mod","label.premium"
1993.5,"Medium",0.259347337187757,0.231201729471012,0.559907668308192,45.8529168286537,35.3780466365298,33.6675030866149,49.66386737168,40.9612901600747,147.464158302076,45.8529168286537,140.506556063657,14.9636432675988,72.8091964717411,28.8767090364946,-0.0421084735460077,33.9192602734498,"price.mod","label.premium"
1994,"Medium",0.718528461198945,0.141613224767331,0.529241592043682,62.3835507978267,30.4100507460308,35.3780466365298,33.6675030866149,49.66386737168,40.9612901600747,62.3835507978267,179.789157247927,21.6459516787122,82.8082820501961,46.9965964006593,1.06781484955674,88.4633215171126,"price.mod","label.premium"
1994.5,"Medium",-0.622153163087698,0.169522278739586,0.53738269446363,40.8752067134558,76.1478503281092,30.4100507460308,35.3780466365298,33.6675030866149,49.66386737168,40.8752067134558,119.735970798186,13.9538896517892,57.3726806919383,29.1215697735824,-0.754970624200099,35.7913493271969,"price.mod","label.premium"
1995,"Medium",0.833378530231832,0.146834293008932,0.530662479287317,70.6908247911698,30.7207172996105,76.1478503281092,30.4100507460308,35.3780466365298,33.6675030866149,70.6908247911698,204.310469537265,24.4588185861146,94.8203808338495,52.7016730549972,1.4880676867975,136.047616312207,"price.mod","label.premium"
1995.5,"Medium",-1.0057627661557,0.187657617451704,0.543376240470246,44.9456114358434,122.880936444962,30.7207172996105,76.1478503281092,30.4100507460308,35.3780466365298,44.9456114358434,133.247140741221,15.1606103973748,65.4160969509646,30.8809005963177,-0.789002615599826,55.8245241973401,"price.mod","label.premium"
1996,"Medium",0.694505673981283,0.13355453377063,0.527142457795442,101.571971694015,50.7170402610042,122.880936444962,30.7207172996105,76.1478503281092,30.4100507460308,101.571971694015,291.503654771915,35.3918905129413,132.671572619073,77.7624417208927,-0.302350814319456,37.4838862126095,"price.mod","label.premium"
1996.5,"Medium",0.266138708870025,0.207494844973798,0.550541976610893,44.8534925118185,34.3727035365811,50.7170402610042,122.880936444962,30.7207172996105,76.1478503281092,44.8534925118185,134.893477260386,14.9142555397567,67.9241163729384,29.6188732064138,-0.0448715927883911,32.8644377846546,"price.mod","label.premium"
1997,"Medium",0.854640954735584,0.193403115517125,0.545387130771949,69.1687784492384,29.4268825084318,34.3727035365811,50.7170402610042,122.880936444962,30.7207172996105,69.1687784492384,205.886252483626,23.2376851511264,101.83519928572,46.9810040704728,0.0499857399194257,30.9351898961217,"price.mod","label.premium"
1997.5,"Medium",0.6388967370381,0.221948867270572,0.556150750249084,51.0863321023677,26.9671713650395,29.4268825084318,34.3727035365811,50.7170402610042,122.880936444962,51.0863321023677,155.371416870798,16.7972551208929,79.6318965041326,32.7734669428345,0.361322572011867,38.7039949299099,"price.mod","label.premium"
1998,"Medium",0.452565566354971,0.149203699364565,0.531322972610822,53.035830535221,33.7304896801974,26.9671713650395,29.4268825084318,34.3727035365811,50.7170402610042,53.035830535221,153.486663143014,18.3260177983008,71.4769579765041,39.3525326229651,0.888569526684885,82.020703187958,"price.mod","label.premium"
1998.5,"Medium",-0.634312991612881,0.186102685154273,0.54284119845638,40.0550466841097,75.5328504392239,33.7304896801974,26.9671713650395,29.4268825084318,34.3727035365811,40.0550466841097,118.62141937612,13.5254389409978,58.1171060896985,27.6064462395969,-0.821812143870236,33.2068281820347,"price.mod","label.premium"
1999,"Medium",0.78581144035792,0.165510976219253,0.5361308054654,67.0823117856608,30.5727460189817,75.5328504392239,33.7304896801974,26.9671713650395,29.4268825084318,67.0823117856608,196.013201274867,22.9578238875771,93.4047641452711,48.1778054437326,1.28396679834131,110.396204912346,"price.mod","label.premium"
1999.5,"Medium",-0.900925888386549,0.188977387894154,0.543833439993557,40.9972470528803,100.930363402557,30.5727460189817,75.5328504392239,33.7304896801974,26.9671713650395,40.9972470528803,121.652886807712,13.8161478121894,59.8271574116846,28.0938346167627,-1.05685399968385,35.0780931239712,"price.mod","label.premium"
2000,"Medium",1.09651951632377,0.129920907577932,0.52623359788767,93.1911408967943,31.1287909853578,100.930363402557,30.5727460189817,75.5328504392239,33.7304896801974,93.1911408967943,266.965612559392,32.530739290305,120.843277352792,71.86654427033,1.48716322685319,137.730155086589,"price.mod","label.premium"
2000.5,"Medium",-1.02836263161133,0.143083976497901,0.529637028209302,43.3417101322919,121.204364711982,31.1287909853578,100.930363402557,30.5727460189817,75.5328504392239,43.3417101322919,125.009471979713,15.0268920222019,57.7015136831283,32.5555382742217,-0.972383276453961,45.8371459346628,"price.mod","label.premium"
2001,"Medium",0.994159783063788,0.1206478574404,0.524021242722934,110.237491502991,40.7916445122629,121.204364711982,31.1287909853578,100.930363402557,30.5727460189817,110.237491502991,314.404237205527,38.6518471916397,140.321015694857,86.6035958526594,1.09741123561584,122.228042978677,"price.mod","label.premium"
2001.5,"Medium",-0.965333419933378,0.138853479315456,0.528509835327534,42.9538818784253,112.782416589734,40.7916445122629,121.204364711982,31.1287909853578,100.930363402557,42.9538818784253,123.611884873851,14.9260402453099,56.703389263299,32.5383719103349,-0.961463051193845,43.1204513748443,"price.mod","label.premium"
2002,"Medium",1.00170920976964,0.119528479848769,0.523764655942807,108.459195931817,39.8317693246401,112.782416589734,40.7916445122629,121.204364711982,31.1287909853578,108.459195931817,309.17372624589,38.0478552463435,137.748696829204,85.3975206514064,1.0353672254236,112.171846993247,"price.mod","label.premium"
2002.5,"Medium",-0.790135883438205,0.14132443716543,0.52916439209385,47.9172626209565,105.595072861715,39.8317693246401,112.782416589734,40.7916445122629,121.204364711982,47.9172626209565,138.076048909966,16.6289814577682,63.5689219650176,36.1192857470393,-1.01369087468194,38.3180412808233,"price.mod","label.premium"
2003,"Medium",1.08407279212873,0.120792542882887,0.52405457324218,105.715201423787,35.754491839006,105.595072861715,39.8317693246401,112.782416589734,40.7916445122629,105.715201423787,301.526481769056,37.0637555497747,134.603549149634,83.0268138000448,1.16132297432622,114.205434244688,"price.mod","label.premium"
2003.5,"Medium",-0.828256833204526,0.139309819326063,0.528629911261735,47.2447785688403,108.158633111086,35.754491839006,105.595072861715,39.8317693246401,112.782416589734,47.2447785688403,135.992802817664,16.4131413999273,62.4247467947367,35.756157880114,-1.14762154474076,34.328552071744,"price.mod","label.premium"
2004,"Medium",1.14426780915453,0.126584664284813,0.525419865014664,102.825334072662,32.7454477984885,108.158633111086,35.754491839006,105.595072861715,39.8317693246401,102.825334072662,294.08577988076,35.9522630827016,132.44945376497,79.827051200349,1.45294492931608,140.009304794235,"price.mod","label.premium"
2004.5,"Medium",-1.02247575520591,0.144584392670124,0.530044341469388,48.2172674795311,134.047331612359,32.7454477984885,108.158633111086,35.754491839006,105.595072861715,48.2172674795311,139.185264845707,16.703671080196,64.3853413688496,36.1092266308534,-1.31176930007263,36.1047219418449,"price.mod","label.premium"
2005,"Medium",1.18087649173167,0.129835397093346,0.526212492875564,111.801038790812,34.3239842971592,134.047331612359,32.7454477984885,108.158633111086,35.754491839006,111.801038790812,320.264058374712,39.028645106596,144.950404557002,86.232751905079,0.936599905004239,87.5705072004475,"price.mod","label.premium"
2005.5,"Medium",-0.82507814003426,0.160716977307125,0.534670276071775,36.3539760768863,82.9619211471786,34.3239842971592,134.047331612359,32.7454477984885,108.158633111086,36.3539760768863,105.91576763634,12.4779492807582,50.1359108995107,26.3605777353438,-0.693353820350655,41.4723898421355,"price.mod","label.premium"
2006,"Medium",0.935139647250289,0.132793999177585,0.526950285641355,100.266836420962,39.3578461616534,82.9619211471786,34.3239842971592,134.047331612359,32.7454477984885,100.266836420962,287.647441194274,34.9505576831397,130.767769065976,76.880094825169,2.06507791924449,310.372524645165,"price.mod","label.premium"
2006.5,"Medium",-1.57741259982054,0.344414405053892,0.615356514330153,61.9294310478041,299.887716933125,39.3578461616534,82.9619211471786,34.3239842971592,134.047331612359,61.9294310478041,212.02592534263,18.0886107380831,123.325146864745,31.098721772543,-1.84214565859417,47.5253127506441,"price.mod","label.premium"
2007,"Medium",1.03870188490228,0.300777576172455,0.592038434265974,129.769608256451,45.9272557990138,299.887716933125,39.3578461616534,82.9619211471786,34.3239842971592,129.769608256451,424.044118346876,39.7132055331499,236.823653553078,71.1084005941938,1.04504257516977,130.595051322414,"price.mod","label.premium"
2007.5,"Medium",-1.06976575025574,0.273202552000847,0.578517062617607,43.0797539532092,125.564414661902,45.9272557990138,299.887716933125,39.3578461616534,82.9619211471786,43.0797539532092,137.014569393883,13.5450208607662,74.4001713465207,24.9443672921841,-1.07418164873312,42.8899375467655,"price.mod","label.premium"
2008,"Medium",0.826156320191573,0.338154393101784,0.611874783672252,93.2934132221184,40.8371900612423,125.564414661902,45.9272557990138,299.887716933125,39.3578461616534,93.2934132221184,317.189400974385,27.4399488882537,183.471307657807,47.4388124320025,1.13156558939017,126.615986413483,"price.mod","label.premium"
2008.5,"Medium",-0.560605198741847,0.306455747172567,0.594943259727367,67.6163129305402,118.445681109188,40.8371900612423,125.564414661902,45.9272557990138,299.887716933125,67.6163129305402,222.235090756231,20.572654654866,124.806028969963,36.6325714555108,-0.479368665619495,73.3385068096262,"price.mod","label.premium"
2009,"Medium",0.810897824914682,0.159530474234487,0.534314822487089,156.58550473848,69.5958119239747,118.445681109188,40.8371900612423,125.564414661902,45.9272557990138,156.58550473848,455.881023417599,53.7838142732792,215.435845689869,113.811237938096,1.06030464318628,200.940538354323,"price.mod","label.premium"
2009.5,"Medium",-0.952075484271193,0.20140581476431,0.54827607967228,75.5044562166017,195.638224741288,69.5958119239747,118.445681109188,40.8371900612423,125.564414661902,75.5044562166017,226.047202163371,25.2200551654893,112.956558503872,50.470047813729,-0.986318172082644,72.9627465340127,"price.mod","label.premium"
2010,"Medium",0.953966548328239,0.174702945792801,0.539039401703263,183.804690830747,70.8034113645265,195.638224741288,69.5958119239747,118.445681109188,40.8371900612423,183.804690830747,540.207072901074,62.5392855187096,260.67635600669,129.601951204656,1.31604716898279,264.001385605037,"price.mod","label.premium"
2010.5,"Medium",-0.980946980372122,0.268883387717581,0.57648992489931,94.6040668167986,252.307213225298,70.8034113645265,195.638224741288,69.5958119239747,118.445681109188,94.6040668167986,299.669534111507,29.8659971718948,161.97908795067,55.2536106451158,-1.16404419218227,78.7755959577434,"price.mod","label.premium"
2011,"Medium",1.26786406105987,0.24341739531662,0.565061399905052,267.25067875271,75.212920293326,252.307213225298,70.8034113645265,195.638224741288,69.5958119239747,267.25067875271,827.417901366341,86.3202562765939,434.8590172589,164.24386400906,1.41365356420404,309.196374991293,"price.mod","label.premium"
2011.5,"Medium",-1.41197324877268,0.302035774197754,0.592678636543587,71.7027367704917,294.271310136314,75.212920293326,252.307213225298,70.8034113645265,195.638224741288,71.7027367704917,234.600997870124,21.9150067862229,131.18394059474,39.1914013031605,-1.77965073118159,49.6427041567417,"price.mod","label.premium"
2012,"Medium",1.2745705388799,0.30157822688166,0.59244559602466,166.701506375719,46.6015725971919,294.271310136314,75.212920293326,252.307213225298,70.8034113645265,166.701506375719,545.169098061962,50.9738947543493,304.710236243811,91.1994049510652,1.48905816892074,206.580972916685,"price.mod","label.premium"
2012.5,"Medium",-0.902626848678471,0.362542816416794,0.625683347273483,79.2969551453523,195.552049125755,46.6015725971919,294.271310136314,75.212920293326,252.307213225298,79.2969551453523,277.152092471267,22.6879293576898,163.740910419052,38.4021749923796,-0.792654232099038,88.5150282054868,"price.mod","label.premium"
2013,"Medium",0.489555811901381,0.378227374488883,0.634900231636974,136.866007867355,83.8849813223933,195.552049125755,46.6015725971919,294.271310136314,75.212920293326,136.866007867355,487.262438361366,38.4439731749951,291.621623323596,64.2349627440378,0.0982604397369244,92.5461121748542,"price.mod","label.premium"
2013.5,"Medium",-0.32064415642829,0.328455415242457,0.606568476861454,62.6063481850236,86.2724953967701,83.8849813223933,195.552049125755,46.6015725971919,294.271310136314,62.6063481850236,210.609063512186,18.6105705409854,120.756667953603,32.4582890492671,-0.479607553608924,53.4049417858416,"price.mod","label.premium"
2014,"Medium",0.860334114715391,0.219598982327935,0.555217138027451,113.921682646801,48.1912323599208,86.2724953967701,83.8849813223933,195.552049125755,46.6015725971919,113.921682646801,345.82936685442,37.5276104950962,176.745206226524,73.4285814826859,0.205412248651006,59.1803376194899,"price.mod","label.premium"
2014.5,"Medium",0.500844196368905,0.262916684035004,0.573731243757817,88.2582835865997,53.4861830630599,48.1912323599208,86.2724953967701,83.8849813223933,195.552049125755,88.2582835865997,278.030284255381,28.0168206946035,149.321384267912,52.1661693657801,0.401443679039149,79.9072861183883,"price.mod","label.premium"
2015,"Medium",0.233661846639266,0.168179169038469,0.536960510855686,93.2835236117809,73.8459856852104,53.4861830630599,48.1912323599208,86.2724953967701,83.8849813223933,93.2835236117809,273.025314548231,31.8718276795263,130.582059103008,66.6386779103043,0.886934751186687,179.274186314995,"price.mod","label.premium"
2015.5,"Medium",-0.890987820440264,0.205275309866222,0.549709296047104,70.6723396260609,172.26639399443,73.8459856852104,53.4861830630599,48.1912323599208,86.2724953967701,70.6723396260609,212.188037864227,23.5384597477506,106.548990091592,46.8758979688858,-0.732665367875821,82.7957484684519,"price.mod","label.premium"
2016,"Medium",0.242187855187853,0.219458315895399,0.555161516799907,101.225240328834,79.4525732642323,172.26639399443,73.8459856852104,53.4861830630599,48.1912323599208,101.225240328834,307.252894699892,33.3489104785765,157.002977150498,65.2634075200256,0.441365504939524,123.535156783815,"price.mod","label.premium"
2016.5,"Medium",-0.561034766265078,0.207366353318219,0.550493562004521,67.4209600455164,118.154219461139,79.4525732642323,172.26639399443,73.8459856852104,53.4861830630599,67.4209600455164,202.743791989666,22.4203454460929,102.073042108876,44.5326773802878,-0.823010567276352,51.8824274710595,"price.mod","label.premium"
2017,"Medium",1.20002849653406,0.172080687997803,0.538195243849039,160.075317047658,48.2123850593167,118.154219461139,79.4525732642323,172.26639399443,73.8459856852104,160.075317047658,469.672162028887,54.5574321825195,225.835263749609,113.463711124932,1.0842783375012,142.578721248489,"price.mod","label.premium"
2017.5,"Medium",-0.754567764552126,0.196060359080146,0.546335081907216,63.3929265750332,134.817235696407,48.2123850593167,118.154219461139,79.4525732642323,172.26639399443,63.3929265750332,189.052064527891,21.2569122150723,93.8289088441548,42.8296906492044,-0.500124784678094,81.7605838028627,"price.mod","label.premium"
2018,"Medium",0.94718504478037,0.161671961432743,0.534958110914714,197.828979705119,76.7242537231843,134.817235696407,48.2123850593167,118.154219461139,79.4525732642323,197.828979705119,576.698235186636,67.8627102066692,273.348309641254,143.173759744596,0.686520157352821,152.434962727962,"price.mod","label.premium"
2018.5,"Medium",-0.905929390930011,0.160169957839766,0.534506101662386,58.5746376949726,144.927148204488,76.7242537231843,134.817235696407,48.2123850593167,118.154219461139,58.5746376949726,170.598697870356,20.1114558547488,80.6921837329658,42.5194612708891,-0.86777408067576,60.8527559514239,"price.mod","label.premium"
2019,"Medium",0.960060502562938,0.143456739389215,0.529737853467273,150.37985962151,57.5758948484284,144.927148204488,76.7242537231843,134.817235696407,48.2123850593167,150.37985962151,433.824553340808,52.1272989406381,200.352430691792,112.87161379426,0.410907754363562,86.8351715912736,"price.mod","label.premium"
2019.5,"Medium",-0.146057321335299,0.181081979119892,0.541140499761297,71.2622296437441,82.4691075996264,57.5758948484284,144.927148204488,76.7242537231843,134.817235696407,71.2622296437441,210.323631762091,24.1451962922648,102.363520782958,49.6104992770352,-0.39470718126784,55.5740623887195,"price.mod","label.premium"
2020,"Medium",1.01668840119575,0.158112523437904,0.533893179753994,145.550831500461,52.6589903978365,82.4691075996264,57.5758948484284,144.927148204488,76.7242537231843,145.550831500461,423.397622107245,50.0358137228966,199.686858064806,106.091330975822,1.3135093253033,195.849460823275,"price.mod","label.premium"
2020.5,"Medium",-0.940220605606741,0.207460422488268,0.550529003976121,73.4836935335351,188.158394214572,52.6589903978365,82.4691075996264,57.5758948484284,144.927148204488,73.4836935335351,220.990901916258,24.4347308803541,111.272747259647,48.5280839047708,-0.64634065385475,98.5874012100744,"price.mod","label.premium"
2021,"Medium",0.663718165556365,0.223027899339425,0.556582250169448,183.250738761483,94.3618826992547,188.158394214572,52.6589903978365,82.4691075996264,57.5758948484284,183.250738761483,557.810819943814,60.2011148869643,286.263057880569,117.3076033815,1.17272774902473,304.863750055276,"price.mod","label.premium"
2021.5,"Medium",-1.15110880831203,0.289433624639656,0.586356700645587,90.7264720192122,286.849585587747,94.3618826992547,188.158394214572,52.6589903978365,82.4691075996264,90.7264720192122,293.114283582606,28.0821958740647,161.857517612092,50.8551771118845,-0.982402220840556,107.39952566157,"price.mod","label.premium"
2022,"Medium",0.963269674375833,0.323361675654808,0.603825414008233,265.913885164229,101.484171652068,286.849585587747,94.3618826992547,188.158394214572,52.6589903978365,265.913885164229,889.645745211113,79.481293204359,507.702612498292,139.274828575701,1.12985944154776,314.115980875312,"price.mod","label.premium"
2022.5,"Medium",-1.23595762649127,0.314893879362376,0.599333390175965,88.5220154823297,304.663811129274,101.484171652068,286.849585587747,94.3618826992547,188.158394214572,88.5220154823297,293.511864881517,26.6978891235523,166.174599915379,47.1561070647632,-1.10506884450112,100.901022951624,"price.mod","label.premium"
2023,"Medium",0.516579722282036,0.504851318239325,0.717577320466522,165.865742853502,98.9484453887355,304.663811129274,101.484171652068,286.849585587747,94.3618826992547,165.865742853502,696.684966787141,39.4890746375894,455.265752377385,60.429418441163,NA,NA,"price.mod","label.premium"
2023.5,"Medium",-1.19263679559319,0.445736992652263,0.677291535410426,47.6177410956447,156.93664666506,98.9484453887355,304.663811129274,101.484171652068,286.849585587747,47.6177410956447,184.525649354875,12.2879896371,116.126415811758,19.5256975013111,NA,NA,"price.mod","label.premium"
2024,"Medium",1.0431787836619,0.422003353387111,0.661913277997878,127.874294085503,45.0543221327859,156.93664666506,98.9484453887355,304.663811129274,101.484171652068,127.874294085503,480.522599164295,34.0292737871313,297.392974500701,54.9839320021571,NA,NA,"price.mod","label.premium"
2024.5,"Medium",-0.719156709415537,0.3944310085851,0.644684556859701,58.9420354419533,120.990402015475,45.0543221327859,156.93664666506,98.9484453887355,304.663811129274,58.9420354419533,213.988788736619,16.2352596252906,129.724961441231,26.7809949869545,NA,NA,"price.mod","label.premium"
2025,"Medium",1.36240694117387,0.192109130277905,0.544929605780473,217.810401914587,55.7689926246152,120.990402015475,45.0543221327859,156.93664666506,98.9484453887355,217.810401914587,647.736630900096,73.2417604918675,319.847151120969,148.325132851508,NA,NA,"price.mod","label.premium"
2025.5,"Medium",-0.902041641064078,0.229558414383759,0.559231099756008,83.6169995794099,206.084954597498,55.7689926246152,120.990402015475,45.0543221327859,156.93664666506,83.6169995794099,255.8801173467,27.3245248249969,132.3385844796,52.8326840290544,NA,NA,"price.mod","label.premium"
2026,"Medium",1.03094619503058,0.194075611518742,0.545625971070203,221.817851213481,79.1156226260453,206.084954597498,55.7689926246152,120.990402015475,45.0543221327859,221.817851213481,660.573566118135,74.4855102303121,327.015567923978,150.461213297357,NA,NA,"price.mod","label.premium"
2026.5,"Medium",-0.918982934250254,0.281608758572245,0.582533990617311,83.7249596849192,209.876669775262,79.1156226260453,206.084954597498,55.7689926246152,120.990402015475,83.7249596849192,268.434012004403,26.1139369854754,147.047351551415,47.6708271198637,NA,NA,"price.mod","label.premium"
2027,"Medium",0.995236463958878,0.246475901344368,0.566385670072476,214.31290446248,79.2177708854794,209.876669775262,79.1156226260453,206.084954597498,55.7689926246152,214.31290446248,665.280301340194,69.0386006118309,350.860574240655,130.906760095652,NA,NA,"price.mod","label.premium"
2027.5,"Medium",-0.959063638472975,0.296061756846481,0.589656612942612,77.7141223247765,202.775738888393,79.2177708854794,209.876669775262,79.1156226260453,206.084954597498,77.7141223247765,252.737201909358,23.8963032077737,140.493399504251,42.9876765031055,NA,NA,"price.mod","label.premium"
1987,"Small",NA,NA,NA,NA,NA,NA,NA,NA,NA,NA,NA,NA,NA,NA,NA,135.941807538982,"price.mod","label.premium"
1987.5,"Small",NA,NA,NA,NA,127.362077753956,NA,NA,NA,NA,NA,NA,NA,NA,NA,-2.00013746357757,17.2342136269351,"price.mod","label.premium"
1988,"Small",NA,NA,NA,NA,16.0389717045278,127.362077753956,NA,NA,NA,NA,NA,NA,NA,NA,1.41369271096241,65.9379536171974,"price.mod","label.premium"
1988.5,"Small",NA,NA,NA,NA,62.2240403513642,16.0389717045278,127.362077753956,NA,NA,NA,NA,NA,NA,NA,-1.8004415712309,10.2810238838933,"price.mod","label.premium"
1989,"Small",NA,NA,NA,NA,9.62203529401983,62.2240403513642,16.0389717045278,127.362077753956,NA,NA,NA,NA,NA,NA,2.38873336329482,104.877098552171,"price.mod","label.premium"
1989.5,"Small",-1.5451532165037,0.287995116871175,0.908247411000698,21.1868853778736,99.3387366844121,9.62203529401983,62.2240403513642,16.0389717045278,127.362077753956,21.1868853778736,130.304914210784,3.44487477493772,37.6891633843527,11.9101638695837,-1.85208233072258,15.5872498348054,"price.mod","label.premium"
1990,"Small",2.08219741923585,0.260048490479856,0.899776299781608,117.677238859713,14.6691726574004,99.3387366844121,9.62203529401983,62.2240403513642,16.0389717045278,117.677238859713,711.587373956031,19.4606214956558,197.95556649219,69.9547519225346,2.20836690985407,133.501819039748,"price.mod","label.premium"
1990.5,"Small",-1.96523613571173,0.291266103009348,0.90928989602331,17.7589593368252,126.738546524116,14.6691726574004,99.3387366844121,9.62203529401983,62.2240403513642,17.7589593368252,109.450230723633,2.88149814433342,31.798602617237,9.91806591387932,-1.55260735616818,26.8299531831329,"price.mod","label.premium"
1991,"Small",1.75565546848154,0.200569774653174,0.884420944320211,145.727484964187,25.1808269023777,126.738546524116,14.6691726574004,99.3387366844121,9.62203529401983,145.727484964187,854.554452434212,24.850961589978,217.647740264132,97.572802034219,2.01301256277352,188.499514351502,"price.mod","label.premium"
1991.5,"Small",-1.95574162960304,0.299503411327227,0.911961877297771,25.1880271836112,178.058188660401,25.1808269023777,126.738546524116,14.6691726574004,99.3387366844121,25.1880271836112,156.068111548138,4.06512712372155,45.8500180560335,13.837218398191,-1.8097882992096,29.1461287712907,"price.mod","label.premium"
1992,"Small",1.82501664928467,0.203400286808714,0.885067143736393,169.637684224972,27.3481324757478,178.058188660401,25.1808269023777,126.738546524116,14.6691726574004,169.637684224972,996.051716936606,28.8910138097204,254.796571260584,112.940860102002,0.791312035971294,60.3378909338987,"price.mod","label.premium"
1992.5,"Small",-1.03192110456598,0.358458088382641,0.9329868023583,20.1709216084611,56.6087262599151,27.3481324757478,178.058188660401,25.1808269023777,126.738546524116,20.1709216084611,130.349023330223,3.12135885747251,41.3122150321648,9.84856605287095,-1.22386391175084,16.648152274738,"price.mod","label.premium"
1993,"Small",1.60917696931858,0.323976448701647,0.920289580274144,78.0205858959254,15.6081894974354,56.6087262599151,27.3481324757478,178.058188660401,25.1808269023777,78.0205858959254,491.544204829916,12.3838543181478,149.145987926949,40.8137819069257,1.33304437185782,59.1951797924563,"price.mod","label.premium"
1993.5,"Small",-0.6594182075439,0.386107922784433,0.943955242733859,28.983724885472,56.0448727597109,15.6081894974354,56.6087262599151,27.3481324757478,178.058188660401,28.983724885472,191.453497660209,4.3877825085633,62.7369323656347,13.3901400110038,-0.590347724489582,31.0564011911606,"price.mod","label.premium"
1994,"Small",1.08998947914677,0.24229146903538,0.894805748872431,87.1963515972495,29.3171600379621,56.0448727597109,15.6081894974354,56.6087262599151,27.3481324757478,87.1963515972495,522.055543974545,14.5639746950794,141.563082240959,53.7089445320884,1.51751349690671,133.711769354944,"price.mod","label.premium"
1994.5,"Small",-1.72536661669142,0.316008104543572,0.917514737966127,22.4302564864532,125.936448173202,29.3171600379621,56.0448727597109,15.6081894974354,56.6087262599151,22.4302564864532,140.532708075693,3.58006625601417,42.2002857576476,11.9221089861199,-1.83759329138192,20.0490968680319,"price.mod","label.premium"
1995,"Small",1.92039204245733,0.266788848032103,0.901747448946836,127.556136336901,18.6932876502702,125.936448173202,29.3171600379621,56.0448727597109,15.6081894974354,127.556136336901,774.371281620509,21.0113266121504,217.48594956936,74.8120416487364,2.09726430687832,152.235523316154,"price.mod","label.premium"
1995.5,"Small",-1.88321829277136,0.298759425172878,0.911717810716374,21.8164983669201,143.43540323167,18.6932876502702,125.936448173202,29.3171600379621,56.0448727597109,21.8164983669201,135.111736086133,3.52271101520303,39.6537428055186,12.0028922194852,-1.72286262605943,25.6110053629336,"price.mod","label.premium"
1996,"Small",1.97049380715899,0.184817178427004,0.880982157418383,172.669372896636,24.0680400034077,143.43540323167,18.6932876502702,125.936448173202,29.3171600379621,172.669372896636,1005.60330257262,29.6485823587121,249.888041478621,119.312281452525,1.37195094245593,94.9011441494009,"price.mod","label.premium"
1996.5,"Small",-1.56629186674754,0.249762448240536,0.896857543202339,18.77367965364,89.9044767485774,24.0680400034077,143.43540323167,18.6932876502702,125.936448173202,18.77367965364,112.862578241066,3.12283356654042,30.9378627945325,11.3922235054899,-1.46490695110306,20.7768790876211,"price.mod","label.premium"
1997,"Small",1.74432272762197,0.221439735777418,0.889386152820586,111.769076024736,19.5331338222726,89.9044767485774,24.0680400034077,143.43540323167,18.6932876502702,111.769076024736,661.961387534659,18.8716843469501,174.045088187762,71.776379819155,1.55484529517515,92.4767710466039,"price.mod","label.premium"
1997.5,"Small",-1.29232669717738,0.260271684879939,0.899840831590827,23.8663268974135,86.9032339534104,19.5331338222726,89.9044767485774,24.0680400034077,143.43540323167,23.8663268974135,144.336908933222,3.94633336534686,40.1656406042995,14.1813139540275,-1.19749912814246,26.2402926829673,"price.mod","label.premium"
1998,"Small",1.6506941665143,0.209574538207193,0.886506435009125,128.530372196185,24.6671172039892,86.9032339534104,19.5331338222726,89.9044767485774,24.0680400034077,128.530372196185,756.859856309677,21.8271010665551,195.451899799958,84.5223637825866,1.97003838376082,176.886706816679,"price.mod","label.premium"
1998.5,"Small",-1.92510705963612,0.277187749474136,0.904878566828923,24.4911101648145,167.908176398757,24.6671172039892,86.9032339534104,19.5331338222726,89.9044767485774,24.4911101648145,149.615300285541,4.00904503724106,42.6354343694288,14.0684500105661,-2.24213733748628,17.8370886833316,"price.mod","label.premium"
1999,"Small",2.17295690241385,0.254332781242985,0.898141044526204,148.33284374579,16.8862856162948,167.908176398757,24.6671172039892,86.9032339534104,19.5331338222726,148.33284374579,894.031296610362,24.6105842347285,246.687969191537,89.1921588467463,2.25989255302452,161.805394322125,"price.mod","label.premium"
1999.5,"Small",-2.02927704192353,0.280208319500056,0.905808409413864,20.171757853075,153.478507656188,16.8862856162948,167.908176398757,24.6671172039892,86.9032339534104,20.171757853075,123.4579137774,3.2958585029774,35.3288580702037,11.5174912835995,-1.25750925404661,43.643365949619,"price.mod","label.premium"
2000,"Small",1.66920736020522,0.271093408096661,0.903030347309155,217.822962026427,41.0370481397023,153.478507656188,16.8862856162948,167.908176398757,24.6671172039892,217.822962026427,1325.76287397194,35.7883326780883,374.603992599378,126.658668149083,1.58288839312437,199.809350612063,"price.mod","label.premium"
2000.5,"Small",-1.70037974614296,0.335056357328317,0.92424830799626,34.2016746692377,187.289276726315,41.0370481397023,153.478507656188,16.8862856162948,167.908176398757,34.2016746692377,217.189713160568,5.3858653485839,66.8457231349959,17.4993177621557,-1.8153205654004,30.488019115296,"price.mod","label.premium"
2001,"Small",1.77702819439436,0.232921142179682,0.892314087483839,168.798585629394,28.5506016307132,187.289276726315,41.0370481397023,153.478507656188,16.8862856162948,168.798585629394,1005.59469129636,28.3344400652636,268.956185596799,105.9390489468,1.0537222030465,81.8919103951151,"price.mod","label.premium"
2001.5,"Small",-1.06893095065483,0.306202168435436,0.914183756256034,26.433843077357,76.982342284776,28.5506016307132,187.289276726315,41.0370481397023,153.478507656188,26.433843077357,164.516790751785,4.24727504496835,48.766785727544,14.3283599567579,-1.10726646999672,25.4396658760333,"price.mod","label.premium"
2002,"Small",1.73323919054543,0.283579462822543,0.906856925861269,136.027894988191,24.0376363759603,76.982342284776,28.5506016307132,187.289276726315,41.0370481397023,136.027894988191,834.283962176342,22.179005055604,239.851240653269,77.1461017442364,1.68959681438552,130.218993526022,"price.mod","label.premium"
2002.5,"Small",-1.35541629615426,0.310206239609582,0.915532677374514,31.830841197171,123.451944243827,24.0376363759603,76.982342284776,28.5506016307132,187.289276726315,31.830841197171,198.64136710542,5.10066189174889,59.1956552395745,17.1161624483913,-1.27495001477121,34.4980206572267,"price.mod","label.premium"
2003,"Small",1.47219736651321,0.210725998884744,0.886779351842273,142.475375415227,32.6868159340866,123.451944243827,24.0376363759603,76.982342284776,28.5506016307132,142.475375415227,839.434024473991,24.1820464835577,217.15712686298,93.4771650967651,2.19128961679212,292.440559592219,"price.mod","label.premium"
2003.5,"Small",-2.23880856506976,0.470803402660388,0.981645565468733,29.7391239669267,279.016815126751,32.6868159340866,123.451944243827,24.0376363759603,76.982342284776,29.7391239669267,211.823761475541,4.17524213600728,76.2540317521555,11.5982784647349,-2.86909324383175,15.8343052618112,"price.mod","label.premium"
2004,"Small",2.05031138146726,0.423425950313772,0.959823789894244,117.700108277007,15.1473947389057,279.016815126751,32.6868159340866,123.451944243827,24.0376363759603,117.700108277007,802.54466758311,17.2617376303039,274.511137757204,50.4654040692219,2.00706199044843,112.718159928329,"price.mod","label.premium"
2004.5,"Small",-1.77422575816471,0.365477624352174,0.935706185802968,18.321182491105,108.016464198228,15.1473947389057,279.016815126751,32.6868159340866,123.451944243827,18.321182491105,119.04127422786,2.81974239648902,38.0542644270067,8.82071255157814,-1.53412995960013,23.2930190056054,"price.mod","label.premium"
2005,"Small",1.55960124290482,0.485187485543809,0.988624837021685,105.628193150722,22.2051462111749,108.016464198228,15.1473947389057,279.016815126751,32.6868159340866,105.628193150722,762.936642341616,14.6241700412265,278.745808898825,40.0268446451725,1.39772487258027,89.8416742269801,"price.mod","label.premium"
2005.5,"Small",-0.930412838065401,0.47070446489981,0.98159811813412,33.6532073929372,85.3295830230686,22.2051462111749,108.016464198228,15.1473947389057,279.016815126751,33.6532073929372,239.679976935892,4.72521060086288,86.2730526785318,13.1273709770312,-0.570604331545993,48.2268960301268,"price.mod","label.premium"
2006,"Small",1.02542717165616,0.274700898777687,0.904119879240081,127.645942221793,45.7793530731186,85.3295830230686,22.2051462111749,108.016464198228,15.1473947389057,127.645942221793,778.602085228001,20.9265899421757,221.110406219272,73.6893701399623,1.67042552755543,243.29111021851,"price.mod","label.premium"
2006.5,"Small",-1.66390130677486,0.456603801553264,0.97491497262106,44.0822853635335,232.748696588192,45.7793530731186,85.3295830230686,22.2051462111749,108.016464198228,44.0822853635335,309.787926268291,6.27283285788566,109.866458255865,17.6873625829134,-1.62973566061597,45.6144090924,"price.mod","label.premium"
2007,"Small",1.47793588111372,0.316436892595276,0.917662508356522,191.139587238078,43.6004775487357,232.748696588192,45.7793530731186,85.3295830230686,22.2051462111749,191.139587238078,1197.90443024625,30.4985446977875,359.918554930945,101.507247428665,1.24436857868005,151.326035089233,"price.mod","label.premium"
2007.5,"Small",-1.88542441424726,0.355140134446124,0.93171706399649,21.9067506938825,144.346874614325,43.6004775487357,232.748696588192,45.7793530731186,85.3295830230686,21.9067506938825,141.207292196693,3.39859024628446,44.5706294272845,10.7673086992606,-1.93776878356497,20.7895502963218,"price.mod","label.premium"
2008,"Small",1.99219329340912,0.352868616691035,0.930853604436956,145.377903455588,19.8289559160785,144.346874614325,43.6004775487357,232.748696588192,45.7793530731186,145.377903455588,935.465055965644,22.5927571301162,294.439578659726,71.7795308271619,2.3299153508902,203.783598736402,"price.mod","label.premium"
2008.5,"Small",-1.50258859106644,0.469104798357631,0.980832036635215,43.2888614203623,194.510073007381,19.8289559160785,144.346874614325,43.6004775487357,232.748696588192,43.2888614203623,307.833617214692,6.08746224673832,110.620448237662,16.9401367733143,-1.20566812028085,58.2541789018972,"price.mod","label.premium"
2009,"Small",1.86457933966866,0.308212699732998,0.914859136984778,358.931153540572,55.6204676969495,194.510073007381,19.8289559160785,144.346874614325,43.6004775487357,358.931153540572,2236.90584600154,57.5936502701942,664.846373514629,193.77645440241,1.09643455810792,166.498419297926,"price.mod","label.premium"
2009.5,"Small",-1.87600709234021,0.310707909034889,0.91570277764385,24.4480751823117,159.582109124102,55.6204676969495,194.510073007381,19.8289559160785,144.346874614325,24.4480751823117,152.620896125966,3.91629452644967,45.5116030821822,13.133098806488,-1.86008527501953,24.8404483269851,"price.mod","label.premium"
2010,"Small",1.73054427086435,0.283023825878653,0.906683328545761,133.962834546135,23.7365994245249,159.582109124102,55.6204676969495,194.510073007381,19.8289559160785,133.962834546135,821.333356703583,21.8498870077083,235.947673764544,76.0594107723379,1.69740586320292,129.596269617249,"price.mod","label.premium"
2010.5,"Small",-1.45867865154944,0.298323121854143,0.911574932345461,28.5804691174402,122.903837186013,23.7365994245249,159.582109124102,55.6204676969495,194.510073007381,28.5804691174402,176.951104959339,4.616208614016,51.9026490482537,15.7379869804629,-2.48561925382424,10.2346905511429,"price.mod","label.premium"
2011,"Small",2.35229922064171,0.330902548387224,0.922750599445478,102.634845223573,9.76571982586884,122.903837186013,23.7365994245249,159.582109124102,55.6204676969495,102.634845223573,649.809144567327,16.210777490798,198.935886399097,52.951288200129,2.74742179104912,152.368216377339,"price.mod","label.premium"
2011.5,"Small",-1.82589841831773,0.263341607762425,0.900733575829572,23.5252565920152,146.053502627952,9.76571982586884,122.903837186013,23.7365994245249,159.582109124102,23.5252565920152,142.528466443875,3.88299763218239,39.8354734541465,13.8930869833191,-2.25232919463993,15.3581121965458,"price.mod","label.premium"
2012,"Small",2.18885353971582,0.233460722669464,0.892455086420139,130.43204016398,14.6142749358519,146.053502627952,9.76571982586884,122.903837186013,23.7365994245249,130.43204016398,777.250349756353,21.8880790554435,208.049029657178,81.7716724243862,2.43336010350909,166.560547153361,"price.mod","label.premium"
2012.5,"Small",-2.01518809831633,0.274289525453623,0.903994975661592,21.1505771352009,158.674556656344,14.6142749358519,146.053502627952,9.76571982586884,122.903837186013,21.1505771352009,128.979972988662,3.46834398229721,36.607247639612,12.2201733808585,-2.45631864902047,13.6063506339861,"price.mod","label.premium"
2013,"Small",2.01534834218941,0.267467979234751,0.901948608382845,97.3205033546758,12.970289876836,158.674556656344,14.6142749358519,146.053502627952,9.76571982586884,97.3205033546758,591.053718089687,16.0243986008904,166.159080965642,57.0012804486195,2.4972468222625,157.576045472077,"price.mod","label.premium"
2013.5,"Small",-1.95546050594128,0.269427272586915,0.902531565908613,21.2240678987365,149.99415428755,12.970289876836,158.674556656344,14.6142749358519,146.053502627952,21.2240678987365,129.04987374165,3.49059665933476,36.378951836835,12.3824639090912,-1.96737976948217,20.9725943072535,"price.mod","label.premium"
2014,"Small",1.87319059496858,0.227355174866946,0.890877403342687,127.875647261601,19.6458808613596,149.99415428755,12.970289876836,158.674556656344,14.6142749358519,127.875647261601,759.616038121038,21.5269035169685,201.495819780869,81.1539474136826,1.77728034118069,116.180850392033,"price.mod","label.premium"
2014.5,"Small",-1.69845351723995,0.270832648522988,0.902952100475881,19.8843554897572,108.677717628301,19.6458808613596,149.99415428755,12.970289876836,158.674556656344,19.8843554897572,121.005677647883,3.26751273930783,34.1785605605444,11.5682927179639,-1.23470684263748,31.6165254398685,"price.mod","label.premium"
2015,"Small",1.53755101107651,0.218648756905476,0.888695364646479,139.682216674685,30.0186528631441,108.677717628301,19.6458808613596,149.99415428755,12.970289876836,139.682216674685,826.137059143555,23.6172938124585,216.300247118876,90.2038805551186,1.89756465812663,200.213362153961,"price.mod","label.premium"
2015.5,"Small",-1.7231074903726,0.315842594995713,0.917457746744478,34.2068802415624,191.623841375467,30.0186528631441,108.677717628301,19.6458808613596,149.99415428755,34.2068802415624,214.292583526476,5.46034135481887,64.3355265097321,18.1876285054353,-1.78121273141121,32.2759238114381,"price.mod","label.premium"
2016,"Small",1.79630966097842,0.214783775314325,0.887752354199133,185.884678132309,30.8401314314963,191.623841375467,30.0186528631441,108.677717628301,19.6458808613596,185.884678132309,1097.32554959764,31.4884799474703,285.629073146174,120.971976640029,1.17872749275385,100.237693762124,"price.mod","label.premium"
2016.5,"Small",-1.54611616847111,0.266826947431,0.901758721678463,20.4975241713083,96.1991262692924,30.8401314314963,191.623841375467,30.0186528631441,108.677717628301,20.4975241713083,124.43973594445,3.3763210277216,34.9513817022257,12.0209409954919,-1.62793332816687,18.8872472760786,"price.mod","label.premium"
2017,"Small",1.76908345898382,0.27765597228028,0.905022105360271,105.289747018295,17.9507623748429,96.1991262692924,30.8401314314963,191.623841375467,30.0186528631441,105.289747018295,643.395908676093,17.2303408798294,183.465747824202,60.425070939123,1.91724956837105,122.105100641466,"price.mod","label.premium"
2017.5,"Small",-1.34966622896384,0.288467628018061,0.908397349545999,30.328180552066,116.949657037916,17.9507623748429,96.1991262692924,30.8401314314963,191.623841375467,30.328180552066,186.58222573881,4.92972217453505,54.0015412349578,17.0328200744627,-1.1208125122833,38.1273185761101,"price.mod","label.premium"
2018,"Small",1.48247806778312,0.206782089962736,0.885850441653209,160.147816849343,36.365451025562,116.949657037916,17.9507623748429,96.1991262692924,30.8401314314963,160.147816849343,941.804887528542,27.2320982628511,242.175198259935,105.904004315432,0.869022929225291,86.7163203578054,"price.mod","label.premium"
2018.5,"Small",-1.45823849223071,0.261549690018788,0.900211315523613,19.3435099048483,83.145779776665,36.365451025562,116.949657037916,17.9507623748429,96.1991262692924,19.3435099048483,117.070882984636,3.19610962093856,32.6373173543032,11.4645260631273,-0.953316780088465,32.0494066496181,"price.mod","label.premium"
2019,"Small",1.40263628516764,0.222308517572278,0.889602860400647,124.798850165064,30.6939926810589,83.145779776665,36.365451025562,116.949657037916,17.9507623748429,124.798850165064,739.451698267514,21.0625697919321,194.672815009931,80.0047659542379,1.80757657633297,187.100056196842,"price.mod","label.premium"
2019.5,"Small",-1.79370175305974,0.28447611043858,0.907137712620356,29.7877383868601,179.073905115168,30.6939926810589,83.145779776665,36.365451025562,116.949657037916,29.7877383868601,182.796273025585,4.85408889096895,52.6175158986325,16.8633836670172,-1.76149788035285,30.7626323497436,"price.mod","label.premium"
2020,"Small",1.83306447709026,0.242456263384372,0.894850385205338,183.600846173671,29.3619497486624,179.073905115168,30.6939926810589,83.145779776665,36.365451025562,183.600846173671,1099.33953680536,30.6632023929984,298.17382258941,113.052414940215,2.2431118176698,276.666117600586,"price.mod","label.premium"
2020.5,"Small",-2.01806080802005,0.448661227809125,0.971220402167819,35.1391057285502,264.376822035698,29.3619497486624,179.073905115168,30.6939926810589,83.145779776665,35.1391057285502,245.121851006391,5.03731815965291,86.1971478241889,14.3247982395042,-1.89389134611451,39.7847668086075,"price.mod","label.premium"
2021,"Small",1.91565996501371,0.354358952943173,0.931419583098193,257.439634658492,37.9066022626132,264.376822035698,29.3619497486624,179.073905115168,30.6939926810589,257.439634658492,1658.42631766561,39.9626831696605,522.959053805296,126.731079633957,2.26814220204207,366.232179004331,"price.mod","label.premium"
2021.5,"Small",-2.33266597064921,0.687934012701115,1.10237261308456,33.783372189872,348.150446906087,37.9066022626132,264.376822035698,29.3619497486624,179.073905115168,33.783372189872,306.345625780765,3.725583590791,133.731861255811,8.53436290949567,-2.42801559739015,30.7109450596497,"price.mod","label.premium"
2022,"Small",1.6819135202722,0.564336674787161,1.02978058573546,157.385502559341,29.2764870983752,348.150446906087,37.9066022626132,264.376822035698,29.3619497486624,157.385502559341,1234.30013668668,20.0682116769011,486.565523297215,50.9082440695774,1.54440437792127,137.165617650088,"price.mod","label.premium"
2022.5,"Small",-1.59738795623716,0.563491343234222,1.02931757302969,26.696140764345,131.881919175455,29.2764870983752,348.150446906087,37.9066022626132,264.376822035698,26.696140764345,209.171431123345,3.4071762471686,82.3931004301964,8.64980111184808,-1.39704354512576,32.6179720194644,"price.mod","label.premium"
2023,"Small",1.11618317386834,0.780383009685033,1.16231227045614,95.6020777495792,31.3123121534306,131.881919175455,29.2764870983752,348.150446906087,37.9066022626132,95.6020777495792,977.324850290029,9.3518109841618,455.301835150775,20.0740620055043,NA,NA,"price.mod","label.premium"
2023.5,"Small",-0.653817980009358,0.621832967195968,1.06237865723083,47.0419656714193,90.4555047842692,31.3123121534306,131.881919175455,29.2764870983752,348.150446906087,47.0419656714193,393.781979418045,5.61972525381029,163.155873718228,13.5633887018544,NA,NA,"price.mod","label.premium"
2024,"Small",1.29078092248361,0.260685410674405,0.899960585573786,161.819987444323,44.509542585451,90.4555047842692,31.3123121534306,131.881919175455,29.2764870983752,161.819987444323,978.876709964724,26.7507726661762,272.559066970225,96.0735176692596,NA,NA,"price.mod","label.premium"
2024.5,"Small",-1.69384736692935,0.248992060550778,0.896643306150864,28.1430569165693,153.10868752039,44.509542585451,90.4555047842692,31.3123121534306,131.881919175455,28.1430569165693,169.116409349178,4.6833518737613,46.3066138821707,17.1040718853816,NA,NA,"price.mod","label.premium"
2025,"Small",1.81809243370308,0.215827803326701,0.888005525284983,164.031195840518,26.628023987396,153.10868752039,44.509542585451,90.4555047842692,31.3123121534306,164.031195840518,968.809190667265,27.7724793159101,252.576010457176,106.527271375332,NA,NA,"price.mod","label.premium"
2025.5,"Small",-1.90324984782404,0.296689609810354,0.911041654820047,23.1378613852797,155.200859326372,26.628023987396,153.10868752039,44.509542585451,90.4555047842692,23.1378613852797,143.101419542465,3.74112731513157,41.8817225776175,12.7826793296827,NA,NA,"price.mod","label.premium"
2026,"Small",2.15486006579616,0.22648350216113,0.890655348043787,188.857710865145,21.8922745247881,155.200859326372,26.628023987396,153.10868752039,44.509542585451,188.857710865145,1121.36791872604,31.8068979481269,297.067944880685,120.06423300753,NA,NA,"price.mod","label.premium"
2026.5,"Small",-1.85556104924832,0.278729584967797,0.90535206068366,27.9410335822234,178.690881734351,21.8922745247881,155.200859326372,26.628023987396,153.10868752039,27.9410335822234,170.852475441713,4.56944715389431,48.7914706588251,16.0007752810322,NA,NA,"price.mod","label.premium"
2027,"Small",1.94417312383888,0.217756125319099,0.88847616870787,184.736961993456,26.4368762308135,178.690881734351,21.8922745247881,155.200859326372,26.628023987396,184.736961993456,1092.13013852374,31.2487897941384,285.558021722738,119.512472178799,NA,NA,"price.mod","label.premium"
2027.5,"Small",-1.87141346027416,0.297456039965011,0.911291538400031,26.9015267725858,174.791966270879,26.4368762308135,178.690881734351,21.8922745247881,155.200859326372,26.9015267725858,166.461844191336,4.347495645094,48.7690125418805,14.8391797368191,NA,NA,"price.mod","label.premium"
1987,"Large",NA,NA,NA,NA,NA,NA,NA,NA,NA,NA,NA,NA,NA,NA,NA,7.14587041101213,"price.mod","msy"
1987.5,"Large",NA,NA,NA,NA,4.66395382096754,NA,NA,NA,NA,NA,NA,NA,NA,NA,0.610136435090352,8.5848582505894,"price.mod","msy"
1988,"Large",NA,NA,NA,NA,5.75337832616216,4.66395382096754,NA,NA,NA,NA,NA,NA,NA,NA,-0.512831085078008,3.44511102628187,"price.mod","msy"
1988.5,"Large",NA,NA,NA,NA,2.24669069726174,5.75337832616216,4.66395382096754,NA,NA,NA,NA,NA,NA,NA,1.54489120541646,10.5312764352957,"price.mod","msy"
1989,"Large",NA,NA,NA,NA,6.88493530487261,2.24669069726174,5.75337832616216,4.66395382096754,NA,NA,NA,NA,NA,NA,1.05239836278623,19.721986874617,"price.mod","msy"
1989.5,"Large",0.0814392223865132,0.0699315754614831,0.249740978241836,15.7458499081692,14.514347025376,6.88493530487261,2.24669069726174,5.75337832616216,4.66395382096754,15.7458499081692,25.94707247389,9.55528950636259,18.1095601439316,13.6906577167017,0.137053480975411,16.646351965429,"price.mod","msy"
1990,"Large",0.15446259039606,0.0719798323116924,0.25032224676661,15.164215676497,12.993845601371,14.514347025376,6.88493530487261,2.24669069726174,5.75337832616216,15.164215676497,25.0176834798384,9.19163587902278,17.5122053273877,13.1310381978956,-0.0209747081748427,12.7241418482513,"price.mod","msy"
1990.5,"Large",0.348888032878715,0.0595933776769367,0.247045545658306,14.255200718191,10.0566466079658,12.993845601371,14.514347025376,6.88493530487261,2.24669069726174,14.255200718191,23.3643859285851,8.69745723842434,16.0596282096393,12.6535150666777,0.258337017950222,13.021095693464,"price.mod","msy"
1991,"Large",0.417221361012559,0.0511010879847932,0.245135579139165,14.5707745741875,9.60031989241862,10.0566466079658,12.993845601371,14.514347025376,6.88493530487261,14.5707745741875,23.790561807997,8.92402093759817,16.1386974607224,13.1551801010269,1.07655607502253,28.1726738311641,"price.mod","msy"
1991.5,"Large",-0.0459767606215863,0.0724881690409297,0.250468891516632,20.4500784735838,21.4122562584429,9.60031989241862,10.0566466079658,12.993845601371,14.514347025376,20.4500784735838,33.7481129395717,12.3919731549009,23.6405405433959,17.6901923544452,-0.158033482212266,18.2822381976969,"price.mod","msy"
1992,"Large",0.219325803641008,0.0582750025091032,0.24673083894013,17.7304922465906,14.2386497355295,21.4122562584429,9.60031989241862,10.0566466079658,12.993845601371,17.7304922465906,29.0421307751866,10.824631213871,19.9222239141995,15.7798826406293,-0.409529699655694,9.45392859910533,"price.mod","msy"
1992.5,"Large",0.515167190489334,0.0663682751530348,0.248766715847304,11.8503599621654,7.07941341429134,14.2386497355295,21.4122562584429,9.60031989241862,10.0566466079658,11.8503599621654,19.4898082553795,7.20535725096896,13.532508042244,10.3773100148557,0.745153566057287,14.9146599608939,"price.mod","msy"
1993,"Large",0.37096953545773,0.0692395045775306,0.24954807144277,16.3110884628846,11.2557106688933,7.07941341429134,14.2386497355295,21.4122562584429,9.60031989241862,16.3110884628846,26.8681425568518,9.9021213052258,18.7337022197435,14.2017634167183,-0.527888131417845,6.63917350400357,"price.mod","msy"
1993.5,"Large",0.652895857240642,0.0854561883787054,0.254524833953155,9.59386196376194,4.99395238798526,11.2557106688933,7.07941341429134,14.2386497355295,21.4122562584429,9.59386196376194,15.961398015084,5.76654922662386,11.3820310932272,8.08662238099902,0.66044053333144,9.66651828429478,"price.mod","msy"
1994,"Large",0.431488503708379,0.061155474296128,0.247427005403712,11.1768818983846,7.2598489668284,4.99395238798526,11.2557106688933,7.07941341429134,14.2386497355295,11.1768818983846,18.3329784603521,6.81409675141451,12.6310551680585,9.89012297930128,0.434469950886364,11.2102549065887,"price.mod","msy"
1994.5,"Large",0.483723081613612,0.0538937093118706,0.245732909619482,12.9457036626365,7.98081780454423,7.2598489668284,4.99395238798526,11.2557106688933,7.07941341429134,12.9457036626365,21.1624797131421,7.91926303498006,14.4190664269882,11.6228914104397,0.625487799327689,14.9174055262332,"price.mod","msy"
1995,"Large",0.254041831598234,0.0546506093139153,0.24590002046573,13.7561986601862,10.6701241703459,7.98081780454423,7.2598489668284,4.99395238798526,11.2557106688933,13.7561986601862,22.4949215559274,8.41225434407638,15.3450163383454,12.3318866142643,0.283183857837616,14.1629805993173,"price.mod","msy"
1995.5,"Large",0.344399053711215,0.0501547224139925,0.24494004806705,14.2779898445226,10.1180415874083,10.6701241703459,7.98081780454423,7.2598489668284,4.99395238798526,14.2779898445226,23.3034000762922,8.74812230545229,15.7845028218531,12.9152622861236,0.536858314891243,17.308166480047,"price.mod","msy"
1996,"Large",0.173187462650484,0.0504882091021662,0.245008551330373,15.5234236477768,13.0548880080025,10.1180415874083,10.6701241703459,7.98081780454423,7.2598489668284,15.5234236477768,25.3395695798611,9.50989640881176,17.1727960115919,14.0324663255589,-0.651906664558627,6.80226713675773,"price.mod","msy"
1996.5,"Large",0.675975695573421,0.0705065592428965,0.249902592749528,9.757736751341,4.96336921688209,13.0548880080025,10.1180415874083,10.6701241703459,7.98081780454423,9.757736751341,16.0846543066789,5.9195196050272,11.2354459951125,8.47437890315074,0.779176665386796,10.8185413426617,"price.mod","msy"
1997,"Large",0.431701499253105,0.0545043524320286,0.245867556624901,12.1013463353453,7.85865297512453,4.96336921688209,13.0548880080025,10.1180415874083,10.6701241703459,12.1013463353453,19.7875277389189,7.40075188068824,13.4950832939738,10.8515508898985,-0.240618304862747,6.17801430322705,"price.mod","msy"
1997.5,"Large",0.700541163613016,0.080041896229609,0.252758454099355,8.55645726556392,4.24671214255765,7.85865297512453,4.96336921688209,13.0548880080025,10.1180415874083,8.55645726556392,14.1852563760212,5.16120110886265,10.0419370216624,7.29072098136917,1.04060731692264,12.0221692989969,"price.mod","msy"
1998,"Large",0.354991234141148,0.0620951429648118,0.247660933024336,11.9026643908326,8.34590533298364,4.24671214255765,7.85865297512453,4.96336921688209,13.0548880080025,11.9026643908326,19.5325858378143,7.25318300286282,13.4765691551197,10.5125731905566,-0.0980708023631223,7.56627019220878,"price.mod","msy"
1998.5,"Large",0.624005594196776,0.0735122280833815,0.250767180158105,10.094329864051,5.4084809746588,8.34590533298364,4.24671214255765,7.85865297512453,4.96336921688209,10.094329864051,16.6682919152498,6.11313360255274,11.6930929668888,8.71416106010681,0.973279375904727,14.3141369712653,"price.mod","msy"
1999,"Large",0.225489489951078,0.059200349232688,0.246951032222861,13.5973202105074,10.8523672946907,5.4084809746588,8.34590533298364,4.24671214255765,7.85865297512453,13.5973202105074,22.2819023335282,8.29763608778005,15.3064365342483,12.0790437730811,0.151007381393711,12.6213600588856,"price.mod","msy"
1999.5,"Large",0.419000575762795,0.0518088181912513,0.245284089596203,13.9840005984982,9.19733056477768,10.8523672946907,5.4084809746588,8.34590533298364,4.24671214255765,13.9840005984982,22.8392841169216,8.56210167261391,15.510721556036,12.6075548472921,0.367480505757245,13.2817882412885,"price.mod","msy"
2000,"Large",0.330996726509151,0.0524547798336804,0.245421341561943,13.3102386695945,9.55951350659522,9.19733056477768,10.8523672946907,5.4084809746588,8.34590533298364,13.3102386695945,21.7448347586425,8.14733500658845,14.782486323247,11.9846181195489,0.65182611476802,18.3451081312111,"price.mod","msy"
2000.5,"Large",0.205905064083272,0.0524913556969721,0.245429161652747,16.1316684487527,13.1297317831816,9.55951350659522,9.19733056477768,10.8523672946907,5.4084809746588,16.1316684487527,26.3545951218542,9.87420697367078,17.9173055408551,14.5239877919759,0.313252237697957,17.9597204573771,"price.mod","msy"
2001,"Large",0.17439931439248,0.0494307481861202,0.244792830436073,16.3325892861761,13.718744921723,13.1297317831816,9.55951350659522,9.19733056477768,10.8523672946907,16.3325892861761,26.6489064332279,10.0099219252879,18.0297640547315,14.7951726922855,0.0792879318291049,14.8507604387454,"price.mod","msy"
2001.5,"Large",0.305654130789478,0.0438391112978426,0.243725252376623,15.1570198057646,11.1652876372669,13.718744921723,13.1297317831816,9.55951350659522,9.19733056477768,15.1570198057646,24.6780524268134,9.30929416223811,16.5459606202987,13.8846728010762,0.182584334443387,13.4018664130013,"price.mod","msy"
2002,"Large",0.345853800714642,0.0455168338938558,0.244032606703254,15.182053939172,10.7430632552523,11.1652876372669,13.718744921723,13.1297317831816,9.55951350659522,15.182053939172,24.7340115387093,9.31893968963336,16.6289929677178,13.8610174566428,0.217131796108908,13.3483404174564,"price.mod","msy"
2002.5,"Large",0.327151279107281,0.0470147471940228,0.244316428879398,15.6083260558953,11.2532076707808,10.7430632552523,11.1652876372669,13.718744921723,13.1297317831816,15.6083260558953,25.4429159140692,9.57515416432385,17.1471844444104,14.2075711063198,0.218507774293999,14.0014513009392,"price.mod","msy"
2003,"Large",0.275907633766283,0.0455131070306446,0.24403191159815,15.4815597164111,11.7486928335576,11.2532076707808,10.7430632552523,11.1652876372669,13.718744921723,15.4815597164111,25.2219196333189,9.5027933931,16.9569170142788,14.1345676841478,0.295022181441905,15.7803290514298,"price.mod","msy"
2003.5,"Large",0.193936256966364,0.0473065401095693,0.244372747465429,16.2804768779747,13.4103982580291,11.7486928335576,11.2532076707808,10.7430632552523,11.1652876372669,16.2804768779747,26.54156904954,9.98636994216672,17.8960448910195,14.8107544984578,0.519418399177725,22.5435455053521,"price.mod","msy"
2004,"Large",-0.0234228756559451,0.0656584271577934,0.24857827745702,19.3180981705424,19.775924454676,13.4103982580291,11.7486928335576,11.2532076707808,10.7430632552523,19.3180981705424,31.7597238193018,11.7503829394105,22.0289883849766,16.9408104632358,0.577299721395942,35.2253143784838,"price.mod","msy"
2004.5,"Large",-0.104589368644245,0.0902185771214369,0.256163078183568,27.3149206869888,30.3265166522648,19.775924454676,13.4103982580291,11.7486928335576,11.2532076707808,27.3149206869888,45.5932306374595,16.364378696242,32.7161962171054,22.8053679341364,-0.220757798310307,24.3191636845117,"price.mod","msy"
2005,"Large",0.0910352185393409,0.0748792592526564,0.251171324861917,22.8841196182297,20.8928706804357,30.3265166522648,19.775924454676,13.4103982580291,11.7486928335576,22.8841196182297,37.8180254709258,13.8474424346678,26.5811341600626,19.7013012141621,-0.35686653251583,14.6222077599464,"price.mod","msy"
2005.5,"Large",0.337132850421153,0.0760138810708368,0.251511910418007,17.9772348656326,12.8324019843284,20.8928706804357,30.3265166522648,19.775924454676,13.4103982580291,17.9772348656326,29.7292095370655,10.8708229531358,20.9289630163415,15.44180536617,0.701632052152539,25.8834929969359,"price.mod","msy"
2006,"Large",0.245012872779167,0.0881365358155995,0.255437232822936,29.4795176482465,23.0734552270583,12.8324019843284,20.8928706804357,30.3265166522648,19.775924454676,29.4795176482465,49.1349291974485,17.6868467090089,35.1620992553668,24.7153036700627,0.736700771047751,48.2011848862208,"price.mod","msy"
2006.5,"Large",-0.0812946093136518,0.0895919016999508,0.25594304018058,40.9878619835796,44.4591407952258,23.0734552270583,12.8324019843284,20.8928706804357,30.3265166522648,40.9878619835796,68.3855848118561,24.5666515042173,49.0313444910914,34.2638948089667,0.078062246088644,48.0687764989239,"price.mod","msy"
2007,"Large",-0.0813990174258974,0.118888887825443,0.267609227447476,41.6235634112567,45.1533941716121,44.4591407952258,23.0734552270583,12.8324019843284,20.8928706804357,41.6235634112567,71.0856074857535,24.3723180026017,52.7964635745007,32.8150961968534,-0.485535663415218,27.7859303224289,"price.mod","msy"
2007.5,"Large",0.234078315800363,0.103625586911682,0.261186510427807,31.4898187589068,24.9178886144639,45.1533941716121,44.4591407952258,23.0734552270583,12.8324019843284,31.4898187589068,53.0925862809585,18.6769708339569,38.7416579303657,25.5954117206631,0.281550781790758,33.0207696088209,"price.mod","msy"
2008,"Large",0.269258499003883,0.10559317794458,0.26197337688227,38.1704334174942,29.1601404195457,24.9178886144639,45.1533941716121,44.4591407952258,23.0734552270583,38.1704334174942,64.4576214051107,22.6037193976232,47.1459249274688,30.9036674860199,-0.22676424981767,23.2438009992854,"price.mod","msy"
2008.5,"Large",0.745499261492022,0.100557834731407,0.259984632416097,41.5685242434802,19.7241542869151,29.1601404195457,24.9178886144639,45.1533941716121,44.4591407952258,41.5685242434802,69.9172581830253,24.7141013919266,50.8285864434914,33.9954802737203,1.00019844442605,53.6264509942925,"price.mod","msy"
2009,"Large",-0.242519861128922,0.0841478248203833,0.254088542419107,38.5371499567539,49.1139236068657,19.7241542869151,29.1601404195457,24.9178886144639,45.1533941716121,38.5371499567539,64.0586964334611,23.1836114294326,45.6004853282316,32.5678973830986,-0.116125142913405,43.7292593414929,"price.mod","msy"
2009.5,"Large",0.181871708677053,0.094123884232575,0.257564431841222,50.5838575183544,42.1721814086092,49.1139236068657,19.7241542869151,29.1601404195457,24.9178886144639,50.5838575183544,84.6700016973911,30.219990435125,61.0614218094793,41.9041444763731,0.629694503935974,79.1587475834059,"price.mod","msy"
2010,"Large",-0.10220753949938,0.131028281197044,0.273218852644022,67.8056254540337,75.1024140180614,42.1721814086092,49.1139236068657,19.7241542869151,29.1601404195457,67.8056254540337,117.106393540288,39.2600498078782,88.1201941517319,52.1742250737238,0.166922443989248,88.7457150702596,"price.mod","msy"
2010.5,"Large",0.177412963771403,0.171811244151519,0.294956326569811,89.8552650313398,75.2478435257279,75.1024140180614,42.1721814086092,49.1139236068657,19.7241542869151,89.8552650313398,162.083699058485,49.8135759533657,126.70007735041,63.7250491293893,0.317418617225061,103.358741387125,"price.mod","msy"
2011,"Large",-0.0319604692500012,0.182056422422233,0.301039319544552,87.6539630893241,90.5006736688775,75.2478435257279,75.1024140180614,42.1721814086092,49.1139236068657,87.6539630893241,160.04827114226,48.0056247432707,126.154793165426,60.9030941471215,-0.0593987840866889,85.2815819611417,"price.mod","msy"
2011.5,"Large",0.0994925191026034,0.171134690717334,0.294562749399142,81.3741476326226,73.6677491297408,90.5006736688775,75.2478435257279,75.1024140180614,42.1721814086092,81.3741476326226,146.669700713246,45.1473744797642,114.586157507583,57.788410458721,0.141629776772767,84.8762984025984,"price.mod","msy"
2012,"Large",-0.0635261804452282,0.176170133016285,0.29751646464295,69.6311794895524,74.1981063266677,73.6677491297408,90.5006736688775,75.2478435257279,75.1024140180614,69.6311794895524,126.247640324829,38.4046873639087,99.0428628217701,48.9535643353852,-0.176969622104378,62.1635618998823,"price.mod","msy"
2012.5,"Large",-0.00391377906672674,0.180501158632284,0.300101314949237,55.7190740219417,55.9375734678365,74.1981063266677,73.6677491297408,90.5006736688775,75.2478435257279,55.7190740219417,101.547346759725,30.573080527732,79.9438767315678,38.8349344163926,0.125883974326512,63.4416308366028,"price.mod","msy"
2013,"Large",-0.295907796866049,0.169302454419185,0.293502047759508,42.6397603262546,57.3225996861142,55.9375734678365,74.1981063266677,73.6677491297408,90.5006736688775,42.6397603262546,76.691528655347,23.7073010873369,59.8231115950079,30.3920861386982,-0.319911181224012,41.6284477882174,"price.mod","msy"
2013.5,"Large",0.148557000347511,0.166594469346597,0.291948365612035,40.278343132943,34.7179530776213,57.3225996861142,55.9375734678365,74.1981063266677,73.6677491297408,40.278343132943,72.2195413061552,22.4640713052663,56.20483987463,28.8648616231962,0.306652805376711,47.177153448199,"price.mod","msy"
2014,"Large",-0.169925069347303,0.134211477377706,0.274759625175481,31.7445626448648,37.6241647971511,34.7179530776213,57.3225996861142,55.9375734678365,74.1981063266677,31.7445626448648,54.9949138633168,18.3238264545391,41.5187200117231,24.2713951015159,-0.726590908875589,18.1933404151374,"price.mod","msy"
2014.5,"Large",1.0274215863098,0.152949402248963,0.284382929542157,38.9610763043344,13.9452858319875,37.6241647971511,34.7179530776213,57.3225996861142,55.9375734678365,38.9610763043344,68.8086155666321,22.0606889746563,52.9030984388536,28.6933187580054,1.46490058198245,60.3428279737265,"price.mod","msy"
2015,"Large",-0.35990501984231,0.11623767757172,0.266441979901688,34.6115745444331,49.6050761570718,13.9452858319875,37.6241647971511,34.7179530776213,57.3225996861142,34.6115745444331,58.9725517059417,20.313875825118,43.6700933741766,27.4320707808067,-0.353594322472505,34.8306883702158,"price.mod","msy"
2015.5,"Large",0.55924310244565,0.0974191822400128,0.258786838991045,56.9589162988767,32.5600845809288,49.6050761570718,13.9452858319875,37.6241647971511,34.7179530776213,56.9589162988767,95.5742965391065,33.9455090272619,69.2116087980362,46.8753465247365,0.75110031279805,69.0055855708675,"price.mod","msy"
2016,"Large",-0.190042995226141,0.119495602766631,0.267879319931988,52.9603533163552,64.0450395113498,32.5600845809288,49.6050761570718,13.9452858319875,37.6241647971511,52.9603533163552,90.4956897818503,30.9937305318569,67.257920501522,41.702137123459,-0.294199043202684,47.7217627034916,"price.mod","msy"
2016.5,"Large",0.178959994938044,0.147800570186791,0.28164718978574,52.3264133994981,43.7521732109983,64.0450395113498,32.5600845809288,49.6050761570718,13.9452858319875,52.3264133994981,91.908696918788,29.7910168574641,70.3232465312706,38.9352550445412,0.0416126615842015,45.6112294717389,"price.mod","msy"
2017,"Large",-0.0747434826857304,0.108525308082878,0.263168906714201,36.8688201138523,39.7301240905552,43.7521732109983,64.0450395113498,32.5600845809288,49.6050761570718,36.8688201138523,62.4086585092721,21.7807901829142,45.8060796906683,29.6753161538188,-0.149805983511594,34.2026699473219,"price.mod","msy"
2017.5,"Large",0.314150261456912,0.127894901699583,0.27173008086594,42.8708558498187,31.3132704206171,39.7301240905552,43.7521732109983,64.0450395113498,32.5600845809288,42.8708558498187,73.8216763516886,24.8966207776165,55.3669058344951,33.1951055164594,0.348835628620957,44.3839364102981,"price.mod","msy"
2018,"Large",-0.127252782085138,0.106135920801645,0.262192609833071,35.536864831153,40.3593619222047,31.3132704206171,39.7301240905552,43.7521732109983,64.0450395113498,35.536864831153,60.0366868751694,21.0349509234819,43.9407636075623,28.7402552515109,-0.159019725660945,34.4257096933832,"price.mod","msy"
2018.5,"Large",0.41603116400198,0.0818363373215829,0.253332424045711,48.1400923496885,31.7560794804414,40.3593619222047,31.3132704206171,39.7301240905552,43.7521732109983,48.1400923496885,79.900347248465,29.0044858532334,56.7007832943181,40.8718955328571,0.475584896353227,51.0941026773258,"price.mod","msy"
2019,"Large",-0.193477798563638,0.08061505536765,0.252940542654975,38.4076521985369,46.6062435682489,31.7560794804414,40.3593619222047,31.3132704206171,39.7301240905552,38.4076521985369,63.6970213605807,23.1588183543646,45.1272748007644,32.6886069215681,-0.643862787899628,24.4803737822038,"price.mod","msy"
2019.5,"Large",0.662544676192802,0.0858729695523354,0.25466506997702,43.5316916965774,22.4422320099205,46.6062435682489,31.7560794804414,40.3593619222047,31.3132704206171,43.5316916965774,72.4443990179707,26.1581048038756,51.6884915775701,36.6620910018622,0.48735765566431,36.5361505714671,"price.mod","msy"
2020,"Large",0.0759010076622205,0.0812600765901619,0.253146856615094,35.7402892340478,33.1279585409841,22.4422320099205,46.6062435682489,31.7560794804414,40.3593619222047,35.7402892340478,59.2978065129103,21.5415771619695,42.0474505515798,30.3792086744104,0.102417182658322,36.7006614265975,"price.mod","msy"
2020.5,"Large",0.357492098953856,0.0973114321884512,0.258746296207756,48.4714431356881,33.9022954421545,33.1279585409841,22.4422320099205,46.6062435682489,31.7560794804414,48.4714431356881,81.3261339436828,28.8896162368081,58.88566530352,39.899027845675,0.539734110112561,58.1611051167601,"price.mod","msy"
2021,"Large",-0.215318250511146,0.0945055473363853,0.257704151002684,42.153458556252,52.2811029296427,33.9022954421545,33.1279585409841,22.4422320099205,46.6062435682489,42.153458556252,70.5784626692276,25.1764348648584,50.9236692030551,34.8936770673046,-0.066429274021153,48.9209490709912,"price.mod","msy"
2021.5,"Large",0.134714277899276,0.0948032617012494,0.257813477917389,48.7515669858875,42.6071918726642,52.2811029296427,33.9022954421545,33.1279585409841,22.4422320099205,48.7515669858875,81.6436704634788,29.110833333279,58.9296207737177,40.3314199612071,0.0164079940755796,43.312057324851,"price.mod","msy"
2022,"Large",0.0999379576569367,0.083994255503574,0.254037725395784,41.2738941783202,37.3484809559886,42.6071918726642,52.2811029296427,33.9022954421545,33.1279585409841,41.2738941783202,68.6008996225965,24.8325364538229,48.8238395475726,34.8914455812779,0.585571660535611,67.0785218286594,"price.mod","msy"
2022.5,"Large",-0.291553873458917,0.167250118638427,0.292322994564629,46.9530008290426,62.8468611894902,37.3484809559886,42.6071918726642,52.2811029296427,33.9022954421545,46.9530008290426,84.2503824057308,26.1670537735402,65.6047010880646,33.6040596220803,-0.508941018326083,37.7792486423378,"price.mod","msy"
2023,"Large",0.349930507239406,0.132555313298678,0.273954452510586,51.699440891452,36.4345120881752,62.8468611894902,37.3484809559886,42.6071918726642,52.2811029296427,51.699440891452,89.4210284425528,29.8904210233487,67.3941078567978,39.6597309985629,NA,NA,"price.mod","msy"
2023.5,"Large",-0.0507776630803279,0.096366475570525,0.258392392652239,36.1176549665856,37.9989856563354,36.4345120881752,62.8468611894902,37.3484809559886,42.6071918726642,36.1176549665856,60.5558808010996,21.5418384313492,43.7947853420249,29.7863088058925,NA,NA,"price.mod","msy"
2024,"Large",0.555194945244232,0.117789477769053,0.267122616114342,46.2512850028673,26.5464041651305,37.9989856563354,36.4345120881752,62.8468611894902,37.3484809559886,46.2512850028673,78.9120924932083,27.1084100906407,58.53753678771,36.5437543464518,NA,NA,"price.mod","msy"
2024.5,"Large",0.123655810174917,0.102858377336326,0.260883071039357,38.469185982163,33.9946019745375,26.5464041651305,37.9989856563354,36.4345120881752,62.8468611894902,38.469185982163,64.8206158640359,22.8303642352667,47.2557486648807,31.3163649278942,NA,NA,"price.mod","msy"
2025,"Large",0.477673156554611,0.0769267509477519,0.251789308704801,45.5879402082505,28.2747747585179,33.9946019745375,26.5464041651305,37.9989856563354,36.4345120881752,45.5879402082505,75.431263913328,27.5517097899749,53.1701269065285,39.0869913868089,NA,NA,"price.mod","msy"
2025.5,"Large",0.136209943223869,0.0736567895596804,0.250809596337348,38.3964748572512,33.5070448771837,28.2747747585179,33.9946019745375,26.5464041651305,37.9989856563354,38.3964748572512,63.4076709776261,23.2509609442009,44.4906579714236,33.1370527810684,NA,NA,"price.mod","msy"
2026,"Large",0.391836122102777,0.0722847421459056,0.250410093474213,41.7589698959962,28.2213322271299,33.5070448771837,28.2747747585179,33.9946019745375,26.5464041651305,41.7589698959962,68.9053940447043,25.3073303033921,48.2542429313805,36.1379945231861,NA,NA,"price.mod","msy"
2026.5,"Large",0.216183858335641,0.0728957223538978,0.250587145129515,38.099860987459,30.6927593556174,28.2213322271299,33.5070448771837,28.2747747585179,33.9946019745375,38.099860987459,62.8898588250949,23.0816133854075,44.0798198615419,32.9311556132327,NA,NA,"price.mod","msy"
2027,"Large",0.372360518332202,0.0725697100365209,0.25049250244558,40.6371897478355,28.0033216260604,30.6927593556174,28.2213322271299,33.5070448771837,28.2747747585179,40.6371897478355,67.0654263678135,24.6234353531842,46.9847495335771,35.1471744980028,NA,NA,"price.mod","msy"
2027.5,"Large",0.243897642789188,0.0733791364182676,0.250728196715397,38.1182737411665,29.8682531902796,28.0033216260604,30.6927593556174,28.2213322271299,33.5070448771837,38.1182737411665,62.9380044997956,23.0862545540544,44.1437814110629,32.9152316942736,NA,NA,"price.mod","msy"
1987,"Medium",NA,NA,NA,NA,NA,NA,NA,NA,NA,NA,NA,NA,NA,NA,NA,61.588251470677,"price.mod","msy"
1987.5,"Medium",NA,NA,NA,NA,54.5415494554108,NA,NA,NA,NA,NA,NA,NA,NA,NA,-0.840375669347766,23.5373169544311,"price.mod","msy"
1988,"Medium",NA,NA,NA,NA,20.7723982842426,54.5415494554108,NA,NA,NA,NA,NA,NA,NA,NA,0.655793285526642,40.0215630621078,"price.mod","msy"
1988.5,"Medium",NA,NA,NA,NA,36.1814989387385,20.7723982842426,54.5415494554108,NA,NA,NA,NA,NA,NA,NA,-0.836167061539971,15.67991897669,"price.mod","msy"
1989,"Medium",NA,NA,NA,NA,13.9463370565353,36.1814989387385,20.7723982842426,54.5415494554108,NA,NA,NA,NA,NA,NA,2.59731038121477,187.265477978117,"price.mod","msy"
1989.5,"Medium",-1.12142398363182,0.271865011312746,0.577886616643792,55.3929126892749,170.013124906912,13.9463370565353,36.1814989387385,20.7723982842426,54.5415494554108,55.3929126892749,175.954403255405,17.4384654173602,95.4098362417348,32.1599417530437,-1.49357362067379,38.179625854383,"price.mod","msy"
1990,"Medium",1.05766590723172,0.241654094101611,0.564304047935153,97.8605593675321,33.9835877422949,170.013124906912,13.9463370565353,36.1814989387385,20.7723982842426,97.8605593675321,302.521302873189,31.656246977558,158.674001120694,60.3544941961971,1.36637839873634,133.253868343756,"price.mod","msy"
1990.5,"Medium",-1.22431024823222,0.229819279053277,0.559338232507395,35.9477848661083,122.287852633764,33.9835877422949,170.013124906912,13.9463370565353,36.1814989387385,35.9477848661083,110.0289959066,11.7445699302477,56.9233726143119,22.7014524514506,-1.23078180468435,35.7158978911478,"price.mod","msy"
1991,"Medium",0.989834272312606,0.184979724174994,0.54245723856889,85.589131785151,31.8081974383853,122.287852633764,33.9835877422949,170.013124906912,13.9463370565353,85.589131785151,253.27422299357,28.923193971942,123.90532405713,59.1217490893154,1.63503610538755,163.164703739858,"price.mod","msy"
1991.5,"Medium",-1.01754962643311,0.191561406612408,0.544736752774451,53.3052873069508,147.464158302076,31.8081974383853,122.287852633764,33.9835877422949,170.013124906912,53.3052873069508,158.461083120335,17.9315551738264,78.1912961151581,36.3397692077102,-1.17050854595926,45.7447305443982,"price.mod","msy"
1992,"Medium",1.1178660860957,0.129117785405883,0.526035892148101,125.272775578447,40.9612901600747,147.464158302076,31.8081974383853,122.287852633764,33.9835877422949,125.272775578447,358.728325554482,43.7469449251635,162.183617574711,96.7623520538311,0.293112285211066,54.9124315896693,"price.mod","msy"
1992.5,"Medium",-0.311058662633707,0.214584952635386,0.553253160151354,36.3872701168546,49.66386737168,40.9612901600747,147.464158302076,31.8081974383853,122.287852633764,36.3872701168546,110.026947351556,12.0337195425991,55.8901913341761,23.6899068503871,-0.286264087737031,37.3007549468887,"price.mod","msy"
1993,"Medium",0.861704878139582,0.176697208686761,0.53968904090932,79.6974786797589,33.6675030866149,49.66386737168,40.9612901600747,147.464158302076,31.8081974383853,79.6974786797589,234.537627158327,27.0817445578694,113.480653373633,55.9715503839918,0.135467204686241,38.5517030493375,"price.mod","msy"
1993.5,"Medium",0.259347337187757,0.231201729471012,0.559907668308192,45.8529168286537,35.3780466365298,33.6675030866149,49.66386737168,40.9612901600747,147.464158302076,45.8529168286537,140.506556063657,14.9636432675988,72.8091964717411,28.8767090364946,-0.0421084735460077,33.9192602734498,"price.mod","msy"
1994,"Medium",0.718528461198945,0.141613224767331,0.529241592043682,62.3835507978267,30.4100507460308,35.3780466365298,33.6675030866149,49.66386737168,40.9612901600747,62.3835507978267,179.789157247927,21.6459516787122,82.8082820501961,46.9965964006593,1.06781484955674,88.4633215171126,"price.mod","msy"
1994.5,"Medium",-0.622153163087698,0.169522278739586,0.53738269446363,40.8752067134558,76.1478503281092,30.4100507460308,35.3780466365298,33.6675030866149,49.66386737168,40.8752067134558,119.735970798186,13.9538896517892,57.3726806919383,29.1215697735824,-0.754970624200099,35.7913493271969,"price.mod","msy"
1995,"Medium",0.833378530231832,0.146834293008932,0.530662479287317,70.6908247911698,30.7207172996105,76.1478503281092,30.4100507460308,35.3780466365298,33.6675030866149,70.6908247911698,204.310469537265,24.4588185861146,94.8203808338495,52.7016730549972,1.4880676867975,136.047616312207,"price.mod","msy"
1995.5,"Medium",-1.0057627661557,0.187657617451704,0.543376240470246,44.9456114358434,122.880936444962,30.7207172996105,76.1478503281092,30.4100507460308,35.3780466365298,44.9456114358434,133.247140741221,15.1606103973748,65.4160969509646,30.8809005963177,-0.789002615599826,55.8245241973401,"price.mod","msy"
1996,"Medium",0.694505673981283,0.13355453377063,0.527142457795442,101.571971694015,50.7170402610042,122.880936444962,30.7207172996105,76.1478503281092,30.4100507460308,101.571971694015,291.503654771915,35.3918905129413,132.671572619073,77.7624417208927,-0.302350814319456,37.4838862126095,"price.mod","msy"
1996.5,"Medium",0.266138708870025,0.207494844973798,0.550541976610893,44.8534925118185,34.3727035365811,50.7170402610042,122.880936444962,30.7207172996105,76.1478503281092,44.8534925118185,134.893477260386,14.9142555397567,67.9241163729384,29.6188732064138,-0.0448715927883911,32.8644377846546,"price.mod","msy"
1997,"Medium",0.854640954735584,0.193403115517125,0.545387130771949,69.1687784492384,29.4268825084318,34.3727035365811,50.7170402610042,122.880936444962,30.7207172996105,69.1687784492384,205.886252483626,23.2376851511264,101.83519928572,46.9810040704728,0.0499857399194257,30.9351898961217,"price.mod","msy"
1997.5,"Medium",0.6388967370381,0.221948867270572,0.556150750249084,51.0863321023677,26.9671713650395,29.4268825084318,34.3727035365811,50.7170402610042,122.880936444962,51.0863321023677,155.371416870798,16.7972551208929,79.6318965041326,32.7734669428345,0.361322572011867,38.7039949299099,"price.mod","msy"
1998,"Medium",0.452565566354971,0.149203699364565,0.531322972610822,53.035830535221,33.7304896801974,26.9671713650395,29.4268825084318,34.3727035365811,50.7170402610042,53.035830535221,153.486663143014,18.3260177983008,71.4769579765041,39.3525326229651,0.888569526684885,82.020703187958,"price.mod","msy"
1998.5,"Medium",-0.634312991612881,0.186102685154273,0.54284119845638,40.0550466841097,75.5328504392239,33.7304896801974,26.9671713650395,29.4268825084318,34.3727035365811,40.0550466841097,118.62141937612,13.5254389409978,58.1171060896985,27.6064462395969,-0.821812143870236,33.2068281820347,"price.mod","msy"
1999,"Medium",0.78581144035792,0.165510976219253,0.5361308054654,67.0823117856608,30.5727460189817,75.5328504392239,33.7304896801974,26.9671713650395,29.4268825084318,67.0823117856608,196.013201274867,22.9578238875771,93.4047641452711,48.1778054437326,1.28396679834131,110.396204912346,"price.mod","msy"
1999.5,"Medium",-0.900925888386549,0.188977387894154,0.543833439993557,40.9972470528803,100.930363402557,30.5727460189817,75.5328504392239,33.7304896801974,26.9671713650395,40.9972470528803,121.652886807712,13.8161478121894,59.8271574116846,28.0938346167627,-1.05685399968385,35.0780931239712,"price.mod","msy"
2000,"Medium",1.09651951632377,0.129920907577932,0.52623359788767,93.1911408967943,31.1287909853578,100.930363402557,30.5727460189817,75.5328504392239,33.7304896801974,93.1911408967943,266.965612559392,32.530739290305,120.843277352792,71.86654427033,1.48716322685319,137.730155086589,"price.mod","msy"
2000.5,"Medium",-1.02836263161133,0.143083976497901,0.529637028209302,43.3417101322919,121.204364711982,31.1287909853578,100.930363402557,30.5727460189817,75.5328504392239,43.3417101322919,125.009471979713,15.0268920222019,57.7015136831283,32.5555382742217,-0.972383276453961,45.8371459346628,"price.mod","msy"
2001,"Medium",0.994159783063788,0.1206478574404,0.524021242722934,110.237491502991,40.7916445122629,121.204364711982,31.1287909853578,100.930363402557,30.5727460189817,110.237491502991,314.404237205527,38.6518471916397,140.321015694857,86.6035958526594,1.09741123561584,122.228042978677,"price.mod","msy"
2001.5,"Medium",-0.965333419933378,0.138853479315456,0.528509835327534,42.9538818784253,112.782416589734,40.7916445122629,121.204364711982,31.1287909853578,100.930363402557,42.9538818784253,123.611884873851,14.9260402453099,56.703389263299,32.5383719103349,-0.961463051193845,43.1204513748443,"price.mod","msy"
2002,"Medium",1.00170920976964,0.119528479848769,0.523764655942807,108.459195931817,39.8317693246401,112.782416589734,40.7916445122629,121.204364711982,31.1287909853578,108.459195931817,309.17372624589,38.0478552463435,137.748696829204,85.3975206514064,1.0353672254236,112.171846993247,"price.mod","msy"
2002.5,"Medium",-0.790135883438205,0.14132443716543,0.52916439209385,47.9172626209565,105.595072861715,39.8317693246401,112.782416589734,40.7916445122629,121.204364711982,47.9172626209565,138.076048909966,16.6289814577682,63.5689219650176,36.1192857470393,-1.01369087468194,38.3180412808233,"price.mod","msy"
2003,"Medium",1.08407279212873,0.120792542882887,0.52405457324218,105.715201423787,35.754491839006,105.595072861715,39.8317693246401,112.782416589734,40.7916445122629,105.715201423787,301.526481769056,37.0637555497747,134.603549149634,83.0268138000448,1.16132297432622,114.205434244688,"price.mod","msy"
2003.5,"Medium",-0.828256833204526,0.139309819326063,0.528629911261735,47.2447785688403,108.158633111086,35.754491839006,105.595072861715,39.8317693246401,112.782416589734,47.2447785688403,135.992802817664,16.4131413999273,62.4247467947367,35.756157880114,-1.14762154474076,34.328552071744,"price.mod","msy"
2004,"Medium",1.14426780915453,0.126584664284813,0.525419865014664,102.825334072662,32.7454477984885,108.158633111086,35.754491839006,105.595072861715,39.8317693246401,102.825334072662,294.08577988076,35.9522630827016,132.44945376497,79.827051200349,1.45294492931608,140.009304794235,"price.mod","msy"
2004.5,"Medium",-1.02247575520591,0.144584392670124,0.530044341469388,48.2172674795311,134.047331612359,32.7454477984885,108.158633111086,35.754491839006,105.595072861715,48.2172674795311,139.185264845707,16.703671080196,64.3853413688496,36.1092266308534,-1.31176930007263,36.1047219418449,"price.mod","msy"
2005,"Medium",1.18087649173167,0.129835397093346,0.526212492875564,111.801038790812,34.3239842971592,134.047331612359,32.7454477984885,108.158633111086,35.754491839006,111.801038790812,320.264058374712,39.028645106596,144.950404557002,86.232751905079,0.936599905004239,87.5705072004475,"price.mod","msy"
2005.5,"Medium",-0.82507814003426,0.160716977307125,0.534670276071775,36.3539760768863,82.9619211471786,34.3239842971592,134.047331612359,32.7454477984885,108.158633111086,36.3539760768863,105.91576763634,12.4779492807582,50.1359108995107,26.3605777353438,-0.693353820350655,41.4723898421355,"price.mod","msy"
2006,"Medium",0.935139647250289,0.132793999177585,0.526950285641355,100.266836420962,39.3578461616534,82.9619211471786,34.3239842971592,134.047331612359,32.7454477984885,100.266836420962,287.647441194274,34.9505576831397,130.767769065976,76.880094825169,2.06507791924449,310.372524645165,"price.mod","msy"
2006.5,"Medium",-1.57741259982054,0.344414405053892,0.615356514330153,61.9294310478041,299.887716933125,39.3578461616534,82.9619211471786,34.3239842971592,134.047331612359,61.9294310478041,212.02592534263,18.0886107380831,123.325146864745,31.098721772543,-1.84214565859417,47.5253127506441,"price.mod","msy"
2007,"Medium",1.03870188490228,0.300777576172455,0.592038434265974,129.769608256451,45.9272557990138,299.887716933125,39.3578461616534,82.9619211471786,34.3239842971592,129.769608256451,424.044118346876,39.7132055331499,236.823653553078,71.1084005941938,1.04504257516977,130.595051322414,"price.mod","msy"
2007.5,"Medium",-1.06976575025574,0.273202552000847,0.578517062617607,43.0797539532092,125.564414661902,45.9272557990138,299.887716933125,39.3578461616534,82.9619211471786,43.0797539532092,137.014569393883,13.5450208607662,74.4001713465207,24.9443672921841,-1.07418164873312,42.8899375467655,"price.mod","msy"
2008,"Medium",0.826156320191573,0.338154393101784,0.611874783672252,93.2934132221184,40.8371900612423,125.564414661902,45.9272557990138,299.887716933125,39.3578461616534,93.2934132221184,317.189400974385,27.4399488882537,183.471307657807,47.4388124320025,1.13156558939017,126.615986413483,"price.mod","msy"
2008.5,"Medium",-0.560605198741847,0.306455747172567,0.594943259727367,67.6163129305402,118.445681109188,40.8371900612423,125.564414661902,45.9272557990138,299.887716933125,67.6163129305402,222.235090756231,20.572654654866,124.806028969963,36.6325714555108,-0.479368665619495,73.3385068096262,"price.mod","msy"
2009,"Medium",0.810897824914682,0.159530474234487,0.534314822487089,156.58550473848,69.5958119239747,118.445681109188,40.8371900612423,125.564414661902,45.9272557990138,156.58550473848,455.881023417599,53.7838142732792,215.435845689869,113.811237938096,1.06030464318628,200.940538354323,"price.mod","msy"
2009.5,"Medium",-0.952075484271193,0.20140581476431,0.54827607967228,75.5044562166017,195.638224741288,69.5958119239747,118.445681109188,40.8371900612423,125.564414661902,75.5044562166017,226.047202163371,25.2200551654893,112.956558503872,50.470047813729,-0.986318172082644,72.9627465340127,"price.mod","msy"
2010,"Medium",0.953966548328239,0.174702945792801,0.539039401703263,183.804690830747,70.8034113645265,195.638224741288,69.5958119239747,118.445681109188,40.8371900612423,183.804690830747,540.207072901074,62.5392855187096,260.67635600669,129.601951204656,1.31604716898279,264.001385605037,"price.mod","msy"
2010.5,"Medium",-0.980946980372122,0.268883387717581,0.57648992489931,94.6040668167986,252.307213225298,70.8034113645265,195.638224741288,69.5958119239747,118.445681109188,94.6040668167986,299.669534111507,29.8659971718948,161.97908795067,55.2536106451158,-1.16404419218227,78.7755959577434,"price.mod","msy"
2011,"Medium",1.26786406105987,0.24341739531662,0.565061399905052,267.25067875271,75.212920293326,252.307213225298,70.8034113645265,195.638224741288,69.5958119239747,267.25067875271,827.417901366341,86.3202562765939,434.8590172589,164.24386400906,1.41365356420404,309.196374991293,"price.mod","msy"
2011.5,"Medium",-1.41197324877268,0.302035774197754,0.592678636543587,71.7027367704917,294.271310136314,75.212920293326,252.307213225298,70.8034113645265,195.638224741288,71.7027367704917,234.600997870124,21.9150067862229,131.18394059474,39.1914013031605,-1.77965073118159,49.6427041567417,"price.mod","msy"
2012,"Medium",1.2745705388799,0.30157822688166,0.59244559602466,166.701506375719,46.6015725971919,294.271310136314,75.212920293326,252.307213225298,70.8034113645265,166.701506375719,545.169098061962,50.9738947543493,304.710236243811,91.1994049510652,1.48905816892074,206.580972916685,"price.mod","msy"
2012.5,"Medium",-0.902626848678471,0.362542816416794,0.625683347273483,79.2969551453523,195.552049125755,46.6015725971919,294.271310136314,75.212920293326,252.307213225298,79.2969551453523,277.152092471267,22.6879293576898,163.740910419052,38.4021749923796,-0.792654232099038,88.5150282054868,"price.mod","msy"
2013,"Medium",0.489555811901381,0.378227374488883,0.634900231636974,136.866007867355,83.8849813223933,195.552049125755,46.6015725971919,294.271310136314,75.212920293326,136.866007867355,487.262438361366,38.4439731749951,291.621623323596,64.2349627440378,0.0982604397369244,92.5461121748542,"price.mod","msy"
2013.5,"Medium",-0.32064415642829,0.328455415242457,0.606568476861454,62.6063481850236,86.2724953967701,83.8849813223933,195.552049125755,46.6015725971919,294.271310136314,62.6063481850236,210.609063512186,18.6105705409854,120.756667953603,32.4582890492671,-0.479607553608924,53.4049417858416,"price.mod","msy"
2014,"Medium",0.860334114715391,0.219598982327935,0.555217138027451,113.921682646801,48.1912323599208,86.2724953967701,83.8849813223933,195.552049125755,46.6015725971919,113.921682646801,345.82936685442,37.5276104950962,176.745206226524,73.4285814826859,0.205412248651006,59.1803376194899,"price.mod","msy"
2014.5,"Medium",0.500844196368905,0.262916684035004,0.573731243757817,88.2582835865997,53.4861830630599,48.1912323599208,86.2724953967701,83.8849813223933,195.552049125755,88.2582835865997,278.030284255381,28.0168206946035,149.321384267912,52.1661693657801,0.401443679039149,79.9072861183883,"price.mod","msy"
2015,"Medium",0.233661846639266,0.168179169038469,0.536960510855686,93.2835236117809,73.8459856852104,53.4861830630599,48.1912323599208,86.2724953967701,83.8849813223933,93.2835236117809,273.025314548231,31.8718276795263,130.582059103008,66.6386779103043,0.886934751186687,179.274186314995,"price.mod","msy"
2015.5,"Medium",-0.890987820440264,0.205275309866222,0.549709296047104,70.6723396260609,172.26639399443,73.8459856852104,53.4861830630599,48.1912323599208,86.2724953967701,70.6723396260609,212.188037864227,23.5384597477506,106.548990091592,46.8758979688858,-0.732665367875821,82.7957484684519,"price.mod","msy"
2016,"Medium",0.242187855187853,0.219458315895399,0.555161516799907,101.225240328834,79.4525732642323,172.26639399443,73.8459856852104,53.4861830630599,48.1912323599208,101.225240328834,307.252894699892,33.3489104785765,157.002977150498,65.2634075200256,0.441365504939524,123.535156783815,"price.mod","msy"
2016.5,"Medium",-0.561034766265078,0.207366353318219,0.550493562004521,67.4209600455164,118.154219461139,79.4525732642323,172.26639399443,73.8459856852104,53.4861830630599,67.4209600455164,202.743791989666,22.4203454460929,102.073042108876,44.5326773802878,-0.823010567276352,51.8824274710595,"price.mod","msy"
2017,"Medium",1.20002849653406,0.172080687997803,0.538195243849039,160.075317047658,48.2123850593167,118.154219461139,79.4525732642323,172.26639399443,73.8459856852104,160.075317047658,469.672162028887,54.5574321825195,225.835263749609,113.463711124932,1.0842783375012,142.578721248489,"price.mod","msy"
2017.5,"Medium",-0.754567764552126,0.196060359080146,0.546335081907216,63.3929265750332,134.817235696407,48.2123850593167,118.154219461139,79.4525732642323,172.26639399443,63.3929265750332,189.052064527891,21.2569122150723,93.8289088441548,42.8296906492044,-0.500124784678094,81.7605838028627,"price.mod","msy"
2018,"Medium",0.94718504478037,0.161671961432743,0.534958110914714,197.828979705119,76.7242537231843,134.817235696407,48.2123850593167,118.154219461139,79.4525732642323,197.828979705119,576.698235186636,67.8627102066692,273.348309641254,143.173759744596,0.686520157352821,152.434962727962,"price.mod","msy"
2018.5,"Medium",-0.905929390930011,0.160169957839766,0.534506101662386,58.5746376949726,144.927148204488,76.7242537231843,134.817235696407,48.2123850593167,118.154219461139,58.5746376949726,170.598697870356,20.1114558547488,80.6921837329658,42.5194612708891,-0.86777408067576,60.8527559514239,"price.mod","msy"
2019,"Medium",0.960060502562938,0.143456739389215,0.529737853467273,150.37985962151,57.5758948484284,144.927148204488,76.7242537231843,134.817235696407,48.2123850593167,150.37985962151,433.824553340808,52.1272989406381,200.352430691792,112.87161379426,0.410907754363562,86.8351715912736,"price.mod","msy"
2019.5,"Medium",-0.146057321335299,0.181081979119892,0.541140499761297,71.2622296437441,82.4691075996264,57.5758948484284,144.927148204488,76.7242537231843,134.817235696407,71.2622296437441,210.323631762091,24.1451962922648,102.363520782958,49.6104992770352,-0.39470718126784,55.5740623887195,"price.mod","msy"
2020,"Medium",1.01668840119575,0.158112523437904,0.533893179753994,145.550831500461,52.6589903978365,82.4691075996264,57.5758948484284,144.927148204488,76.7242537231843,145.550831500461,423.397622107245,50.0358137228966,199.686858064806,106.091330975822,1.3135093253033,195.849460823275,"price.mod","msy"
2020.5,"Medium",-0.940220605606741,0.207460422488268,0.550529003976121,73.4836935335351,188.158394214572,52.6589903978365,82.4691075996264,57.5758948484284,144.927148204488,73.4836935335351,220.990901916258,24.4347308803541,111.272747259647,48.5280839047708,-0.64634065385475,98.5874012100744,"price.mod","msy"
2021,"Medium",0.663718165556365,0.223027899339425,0.556582250169448,183.250738761483,94.3618826992547,188.158394214572,52.6589903978365,82.4691075996264,57.5758948484284,183.250738761483,557.810819943814,60.2011148869643,286.263057880569,117.3076033815,1.17272774902473,304.863750055276,"price.mod","msy"
2021.5,"Medium",-1.15110880831203,0.289433624639656,0.586356700645587,90.7264720192122,286.849585587747,94.3618826992547,188.158394214572,52.6589903978365,82.4691075996264,90.7264720192122,293.114283582606,28.0821958740647,161.857517612092,50.8551771118845,-0.982402220840556,107.39952566157,"price.mod","msy"
2022,"Medium",0.963269674375833,0.323361675654808,0.603825414008233,265.913885164229,101.484171652068,286.849585587747,94.3618826992547,188.158394214572,52.6589903978365,265.913885164229,889.645745211113,79.481293204359,507.702612498292,139.274828575701,1.12985944154776,314.115980875312,"price.mod","msy"
2022.5,"Medium",-1.23595762649127,0.314893879362376,0.599333390175965,88.5220154823297,304.663811129274,101.484171652068,286.849585587747,94.3618826992547,188.158394214572,88.5220154823297,293.511864881517,26.6978891235523,166.174599915379,47.1561070647632,-1.10506884450112,100.901022951624,"price.mod","msy"
2023,"Medium",0.516579722282036,0.504851318239325,0.717577320466522,165.865742853502,98.9484453887355,304.663811129274,101.484171652068,286.849585587747,94.3618826992547,165.865742853502,696.684966787141,39.4890746375894,455.265752377385,60.429418441163,NA,NA,"price.mod","msy"
2023.5,"Medium",-0.917442880481472,0.44445159045505,0.676446282847317,48.70824422937,121.910989265838,98.9484453887355,304.663811129274,101.484171652068,286.849585587747,48.70824422937,188.432691241589,12.5906658779616,118.480866416113,20.0242716623593,NA,NA,"price.mod","msy"
2024,"Medium",1.08078303736839,0.45519854583188,0.683555464792278,105.503469464229,35.8004620920985,121.910989265838,98.9484453887355,304.663811129274,101.484171652068,105.503469464229,413.995360763314,26.8867314079717,262.208746777736,42.4508419561795,NA,NA,"price.mod","msy"
2024.5,"Medium",0.153077309268159,0.452049235407817,0.681462301637238,90.371924249477,77.5448390492697,35.8004620920985,121.910989265838,98.9484453887355,304.663811129274,90.371924249477,353.137765018903,23.1271914294299,223.191939725606,36.5922026691192,NA,NA,"price.mod","msy"
2025,"Medium",0.895755078616147,0.188791430957436,0.543768849533407,162.682626231896,66.4231835795171,77.5448390492697,35.8004620920985,121.910989265838,98.9484453887355,162.682626231896,482.672767246484,54.8314275708694,237.31398282249,111.521607631114,NA,NA,"price.mod","msy"
2025.5,"Medium",-0.724034210092612,0.172399782691949,0.538297354992722,57.967326377896,119.571404915191,66.4231835795171,77.5448390492697,35.8004620920985,121.910989265838,57.967326377896,170.114922521086,19.7525935855804,81.8328767305541,41.0618697722857,NA,NA,"price.mod","msy"
2026,"Medium",0.799284824917805,0.135215524684987,0.527565726176147,94.7533157009949,42.6058689531008,119.571404915191,66.4231835795171,77.5448390492697,35.8004620920985,94.7533157009949,272.164942813608,32.9880503473995,124.176990036122,72.3015659641994,NA,NA,"price.mod","msy"
2026.5,"Medium",-0.238722781328674,0.167628889761202,0.536788414556892,54.8535307337923,69.6434975335999,42.6058689531008,119.571404915191,66.4231835795171,77.5448390492697,54.8535307337923,160.491885631617,18.7480496108667,76.7017354733409,39.2287060441924,NA,NA,"price.mod","msy"
2027,"Medium",0.987427244494471,0.144697390019185,0.530075175798955,108.224340443241,40.3172353822759,69.6434975335999,42.6058689531008,119.571404915191,66.4231835795171,108.224340443241,312.422566289021,37.4893145635943,144.546474551599,81.0293568259489,NA,NA,"price.mod","msy"
2027.5,"Medium",-0.492676604120085,0.161570107282076,0.534927337950745,48.6009070356564,79.5446737771011,40.3172353822759,69.6434975335999,42.6058689531008,119.571404915191,48.6009070356564,141.669498563837,16.6729478725737,67.1401622795678,35.1808527785959,NA,NA,"price.mod","msy"
1987,"Small",NA,NA,NA,NA,NA,NA,NA,NA,NA,NA,NA,NA,NA,NA,NA,135.941807538982,"price.mod","msy"
1987.5,"Small",NA,NA,NA,NA,127.362077753956,NA,NA,NA,NA,NA,NA,NA,NA,NA,-2.00013746357757,17.2342136269351,"price.mod","msy"
1988,"Small",NA,NA,NA,NA,16.0389717045278,127.362077753956,NA,NA,NA,NA,NA,NA,NA,NA,1.41369271096241,65.9379536171974,"price.mod","msy"
1988.5,"Small",NA,NA,NA,NA,62.2240403513642,16.0389717045278,127.362077753956,NA,NA,NA,NA,NA,NA,NA,-1.8004415712309,10.2810238838933,"price.mod","msy"
1989,"Small",NA,NA,NA,NA,9.62203529401983,62.2240403513642,16.0389717045278,127.362077753956,NA,NA,NA,NA,NA,NA,2.38873336329482,104.877098552171,"price.mod","msy"
1989.5,"Small",-1.5451532165037,0.287995116871175,0.908247411000698,21.1868853778736,99.3387366844121,9.62203529401983,62.2240403513642,16.0389717045278,127.362077753956,21.1868853778736,130.304914210784,3.44487477493772,37.6891633843527,11.9101638695837,-1.85208233072258,15.5872498348054,"price.mod","msy"
1990,"Small",2.08219741923585,0.260048490479856,0.899776299781608,117.677238859713,14.6691726574004,99.3387366844121,9.62203529401983,62.2240403513642,16.0389717045278,117.677238859713,711.587373956031,19.4606214956558,197.95556649219,69.9547519225346,2.20836690985407,133.501819039748,"price.mod","msy"
1990.5,"Small",-1.96523613571173,0.291266103009348,0.90928989602331,17.7589593368252,126.738546524116,14.6691726574004,99.3387366844121,9.62203529401983,62.2240403513642,17.7589593368252,109.450230723633,2.88149814433342,31.798602617237,9.91806591387932,-1.55260735616818,26.8299531831329,"price.mod","msy"
1991,"Small",1.75565546848154,0.200569774653174,0.884420944320211,145.727484964187,25.1808269023777,126.738546524116,14.6691726574004,99.3387366844121,9.62203529401983,145.727484964187,854.554452434212,24.850961589978,217.647740264132,97.572802034219,2.01301256277352,188.499514351502,"price.mod","msy"
1991.5,"Small",-1.95574162960304,0.299503411327227,0.911961877297771,25.1880271836112,178.058188660401,25.1808269023777,126.738546524116,14.6691726574004,99.3387366844121,25.1880271836112,156.068111548138,4.06512712372155,45.8500180560335,13.837218398191,-1.8097882992096,29.1461287712907,"price.mod","msy"
1992,"Small",1.82501664928467,0.203400286808714,0.885067143736393,169.637684224972,27.3481324757478,178.058188660401,25.1808269023777,126.738546524116,14.6691726574004,169.637684224972,996.051716936606,28.8910138097204,254.796571260584,112.940860102002,0.791312035971294,60.3378909338987,"price.mod","msy"
1992.5,"Small",-1.03192110456598,0.358458088382641,0.9329868023583,20.1709216084611,56.6087262599151,27.3481324757478,178.058188660401,25.1808269023777,126.738546524116,20.1709216084611,130.349023330223,3.12135885747251,41.3122150321648,9.84856605287095,-1.22386391175084,16.648152274738,"price.mod","msy"
1993,"Small",1.60917696931858,0.323976448701647,0.920289580274144,78.0205858959254,15.6081894974354,56.6087262599151,27.3481324757478,178.058188660401,25.1808269023777,78.0205858959254,491.544204829916,12.3838543181478,149.145987926949,40.8137819069257,1.33304437185782,59.1951797924563,"price.mod","msy"
1993.5,"Small",-0.6594182075439,0.386107922784433,0.943955242733859,28.983724885472,56.0448727597109,15.6081894974354,56.6087262599151,27.3481324757478,178.058188660401,28.983724885472,191.453497660209,4.3877825085633,62.7369323656347,13.3901400110038,-0.590347724489582,31.0564011911606,"price.mod","msy"
1994,"Small",1.08998947914677,0.24229146903538,0.894805748872431,87.1963515972495,29.3171600379621,56.0448727597109,15.6081894974354,56.6087262599151,27.3481324757478,87.1963515972495,522.055543974545,14.5639746950794,141.563082240959,53.7089445320884,1.51751349690671,133.711769354944,"price.mod","msy"
1994.5,"Small",-1.72536661669142,0.316008104543572,0.917514737966127,22.4302564864532,125.936448173202,29.3171600379621,56.0448727597109,15.6081894974354,56.6087262599151,22.4302564864532,140.532708075693,3.58006625601417,42.2002857576476,11.9221089861199,-1.83759329138192,20.0490968680319,"price.mod","msy"
1995,"Small",1.92039204245733,0.266788848032103,0.901747448946836,127.556136336901,18.6932876502702,125.936448173202,29.3171600379621,56.0448727597109,15.6081894974354,127.556136336901,774.371281620509,21.0113266121504,217.48594956936,74.8120416487364,2.09726430687832,152.235523316154,"price.mod","msy"
1995.5,"Small",-1.88321829277136,0.298759425172878,0.911717810716374,21.8164983669201,143.43540323167,18.6932876502702,125.936448173202,29.3171600379621,56.0448727597109,21.8164983669201,135.111736086133,3.52271101520303,39.6537428055186,12.0028922194852,-1.72286262605943,25.6110053629336,"price.mod","msy"
1996,"Small",1.97049380715899,0.184817178427004,0.880982157418383,172.669372896636,24.0680400034077,143.43540323167,18.6932876502702,125.936448173202,29.3171600379621,172.669372896636,1005.60330257262,29.6485823587121,249.888041478621,119.312281452525,1.37195094245593,94.9011441494009,"price.mod","msy"
1996.5,"Small",-1.56629186674754,0.249762448240536,0.896857543202339,18.77367965364,89.9044767485774,24.0680400034077,143.43540323167,18.6932876502702,125.936448173202,18.77367965364,112.862578241066,3.12283356654042,30.9378627945325,11.3922235054899,-1.46490695110306,20.7768790876211,"price.mod","msy"
1997,"Small",1.74432272762197,0.221439735777418,0.889386152820586,111.769076024736,19.5331338222726,89.9044767485774,24.0680400034077,143.43540323167,18.6932876502702,111.769076024736,661.961387534659,18.8716843469501,174.045088187762,71.776379819155,1.55484529517515,92.4767710466039,"price.mod","msy"
1997.5,"Small",-1.29232669717738,0.260271684879939,0.899840831590827,23.8663268974135,86.9032339534104,19.5331338222726,89.9044767485774,24.0680400034077,143.43540323167,23.8663268974135,144.336908933222,3.94633336534686,40.1656406042995,14.1813139540275,-1.19749912814246,26.2402926829673,"price.mod","msy"
1998,"Small",1.6506941665143,0.209574538207193,0.886506435009125,128.530372196185,24.6671172039892,86.9032339534104,19.5331338222726,89.9044767485774,24.0680400034077,128.530372196185,756.859856309677,21.8271010665551,195.451899799958,84.5223637825866,1.97003838376082,176.886706816679,"price.mod","msy"
1998.5,"Small",-1.92510705963612,0.277187749474136,0.904878566828923,24.4911101648145,167.908176398757,24.6671172039892,86.9032339534104,19.5331338222726,89.9044767485774,24.4911101648145,149.615300285541,4.00904503724106,42.6354343694288,14.0684500105661,-2.24213733748628,17.8370886833316,"price.mod","msy"
1999,"Small",2.17295690241385,0.254332781242985,0.898141044526204,148.33284374579,16.8862856162948,167.908176398757,24.6671172039892,86.9032339534104,19.5331338222726,148.33284374579,894.031296610362,24.6105842347285,246.687969191537,89.1921588467463,2.25989255302452,161.805394322125,"price.mod","msy"
1999.5,"Small",-2.02927704192353,0.280208319500056,0.905808409413864,20.171757853075,153.478507656188,16.8862856162948,167.908176398757,24.6671172039892,86.9032339534104,20.171757853075,123.4579137774,3.2958585029774,35.3288580702037,11.5174912835995,-1.25750925404661,43.643365949619,"price.mod","msy"
2000,"Small",1.66920736020522,0.271093408096661,0.903030347309155,217.822962026427,41.0370481397023,153.478507656188,16.8862856162948,167.908176398757,24.6671172039892,217.822962026427,1325.76287397194,35.7883326780883,374.603992599378,126.658668149083,1.58288839312437,199.809350612063,"price.mod","msy"
2000.5,"Small",-1.70037974614296,0.335056357328317,0.92424830799626,34.2016746692377,187.289276726315,41.0370481397023,153.478507656188,16.8862856162948,167.908176398757,34.2016746692377,217.189713160568,5.3858653485839,66.8457231349959,17.4993177621557,-1.8153205654004,30.488019115296,"price.mod","msy"
2001,"Small",1.77702819439436,0.232921142179682,0.892314087483839,168.798585629394,28.5506016307132,187.289276726315,41.0370481397023,153.478507656188,16.8862856162948,168.798585629394,1005.59469129636,28.3344400652636,268.956185596799,105.9390489468,1.0537222030465,81.8919103951151,"price.mod","msy"
2001.5,"Small",-1.06893095065483,0.306202168435436,0.914183756256034,26.433843077357,76.982342284776,28.5506016307132,187.289276726315,41.0370481397023,153.478507656188,26.433843077357,164.516790751785,4.24727504496835,48.766785727544,14.3283599567579,-1.10726646999672,25.4396658760333,"price.mod","msy"
2002,"Small",1.73323919054543,0.283579462822543,0.906856925861269,136.027894988191,24.0376363759603,76.982342284776,28.5506016307132,187.289276726315,41.0370481397023,136.027894988191,834.283962176342,22.179005055604,239.851240653269,77.1461017442364,1.68959681438552,130.218993526022,"price.mod","msy"
2002.5,"Small",-1.35541629615426,0.310206239609582,0.915532677374514,31.830841197171,123.451944243827,24.0376363759603,76.982342284776,28.5506016307132,187.289276726315,31.830841197171,198.64136710542,5.10066189174889,59.1956552395745,17.1161624483913,-1.27495001477121,34.4980206572267,"price.mod","msy"
2003,"Small",1.47219736651321,0.210725998884744,0.886779351842273,142.475375415227,32.6868159340866,123.451944243827,24.0376363759603,76.982342284776,28.5506016307132,142.475375415227,839.434024473991,24.1820464835577,217.15712686298,93.4771650967651,2.19128961679212,292.440559592219,"price.mod","msy"
2003.5,"Small",-2.23880856506976,0.470803402660388,0.981645565468733,29.7391239669267,279.016815126751,32.6868159340866,123.451944243827,24.0376363759603,76.982342284776,29.7391239669267,211.823761475541,4.17524213600728,76.2540317521555,11.5982784647349,-2.86909324383175,15.8343052618112,"price.mod","msy"
2004,"Small",2.05031138146726,0.423425950313772,0.959823789894244,117.700108277007,15.1473947389057,279.016815126751,32.6868159340866,123.451944243827,24.0376363759603,117.700108277007,802.54466758311,17.2617376303039,274.511137757204,50.4654040692219,2.00706199044843,112.718159928329,"price.mod","msy"
2004.5,"Small",-1.77422575816471,0.365477624352174,0.935706185802968,18.321182491105,108.016464198228,15.1473947389057,279.016815126751,32.6868159340866,123.451944243827,18.321182491105,119.04127422786,2.81974239648902,38.0542644270067,8.82071255157814,-1.53412995960013,23.2930190056054,"price.mod","msy"
2005,"Small",1.55960124290482,0.485187485543809,0.988624837021685,105.628193150722,22.2051462111749,108.016464198228,15.1473947389057,279.016815126751,32.6868159340866,105.628193150722,762.936642341616,14.6241700412265,278.745808898825,40.0268446451725,1.39772487258027,89.8416742269801,"price.mod","msy"
2005.5,"Small",-0.930412838065401,0.47070446489981,0.98159811813412,33.6532073929372,85.3295830230686,22.2051462111749,108.016464198228,15.1473947389057,279.016815126751,33.6532073929372,239.679976935892,4.72521060086288,86.2730526785318,13.1273709770312,-0.570604331545993,48.2268960301268,"price.mod","msy"
2006,"Small",1.02542717165616,0.274700898777687,0.904119879240081,127.645942221793,45.7793530731186,85.3295830230686,22.2051462111749,108.016464198228,15.1473947389057,127.645942221793,778.602085228001,20.9265899421757,221.110406219272,73.6893701399623,1.67042552755543,243.29111021851,"price.mod","msy"
2006.5,"Small",-1.66390130677486,0.456603801553264,0.97491497262106,44.0822853635335,232.748696588192,45.7793530731186,85.3295830230686,22.2051462111749,108.016464198228,44.0822853635335,309.787926268291,6.27283285788566,109.866458255865,17.6873625829134,-1.62973566061597,45.6144090924,"price.mod","msy"
2007,"Small",1.47793588111372,0.316436892595276,0.917662508356522,191.139587238078,43.6004775487357,232.748696588192,45.7793530731186,85.3295830230686,22.2051462111749,191.139587238078,1197.90443024625,30.4985446977875,359.918554930945,101.507247428665,1.24436857868005,151.326035089233,"price.mod","msy"
2007.5,"Small",-1.88542441424726,0.355140134446124,0.93171706399649,21.9067506938825,144.346874614325,43.6004775487357,232.748696588192,45.7793530731186,85.3295830230686,21.9067506938825,141.207292196693,3.39859024628446,44.5706294272845,10.7673086992606,-1.93776878356497,20.7895502963218,"price.mod","msy"
2008,"Small",1.99219329340912,0.352868616691035,0.930853604436956,145.377903455588,19.8289559160785,144.346874614325,43.6004775487357,232.748696588192,45.7793530731186,145.377903455588,935.465055965644,22.5927571301162,294.439578659726,71.7795308271619,2.3299153508902,203.783598736402,"price.mod","msy"
2008.5,"Small",-1.50258859106644,0.469104798357631,0.980832036635215,43.2888614203623,194.510073007381,19.8289559160785,144.346874614325,43.6004775487357,232.748696588192,43.2888614203623,307.833617214692,6.08746224673832,110.620448237662,16.9401367733143,-1.20566812028085,58.2541789018972,"price.mod","msy"
2009,"Small",1.86457933966866,0.308212699732998,0.914859136984778,358.931153540572,55.6204676969495,194.510073007381,19.8289559160785,144.346874614325,43.6004775487357,358.931153540572,2236.90584600154,57.5936502701942,664.846373514629,193.77645440241,1.09643455810792,166.498419297926,"price.mod","msy"
2009.5,"Small",-1.87600709234021,0.310707909034889,0.91570277764385,24.4480751823117,159.582109124102,55.6204676969495,194.510073007381,19.8289559160785,144.346874614325,24.4480751823117,152.620896125966,3.91629452644967,45.5116030821822,13.133098806488,-1.86008527501953,24.8404483269851,"price.mod","msy"
2010,"Small",1.73054427086435,0.283023825878653,0.906683328545761,133.962834546135,23.7365994245249,159.582109124102,55.6204676969495,194.510073007381,19.8289559160785,133.962834546135,821.333356703583,21.8498870077083,235.947673764544,76.0594107723379,1.69740586320292,129.596269617249,"price.mod","msy"
2010.5,"Small",-1.45867865154944,0.298323121854143,0.911574932345461,28.5804691174402,122.903837186013,23.7365994245249,159.582109124102,55.6204676969495,194.510073007381,28.5804691174402,176.951104959339,4.616208614016,51.9026490482537,15.7379869804629,-2.48561925382424,10.2346905511429,"price.mod","msy"
2011,"Small",2.35229922064171,0.330902548387224,0.922750599445478,102.634845223573,9.76571982586884,122.903837186013,23.7365994245249,159.582109124102,55.6204676969495,102.634845223573,649.809144567327,16.210777490798,198.935886399097,52.951288200129,2.74742179104912,152.368216377339,"price.mod","msy"
2011.5,"Small",-1.82589841831773,0.263341607762425,0.900733575829572,23.5252565920152,146.053502627952,9.76571982586884,122.903837186013,23.7365994245249,159.582109124102,23.5252565920152,142.528466443875,3.88299763218239,39.8354734541465,13.8930869833191,-2.25232919463993,15.3581121965458,"price.mod","msy"
2012,"Small",2.18885353971582,0.233460722669464,0.892455086420139,130.43204016398,14.6142749358519,146.053502627952,9.76571982586884,122.903837186013,23.7365994245249,130.43204016398,777.250349756353,21.8880790554435,208.049029657178,81.7716724243862,2.43336010350909,166.560547153361,"price.mod","msy"
2012.5,"Small",-2.01518809831633,0.274289525453623,0.903994975661592,21.1505771352009,158.674556656344,14.6142749358519,146.053502627952,9.76571982586884,122.903837186013,21.1505771352009,128.979972988662,3.46834398229721,36.607247639612,12.2201733808585,-2.45631864902047,13.6063506339861,"price.mod","msy"
2013,"Small",2.01534834218941,0.267467979234751,0.901948608382845,97.3205033546758,12.970289876836,158.674556656344,14.6142749358519,146.053502627952,9.76571982586884,97.3205033546758,591.053718089687,16.0243986008904,166.159080965642,57.0012804486195,2.4972468222625,157.576045472077,"price.mod","msy"
2013.5,"Small",-1.95546050594128,0.269427272586915,0.902531565908613,21.2240678987365,149.99415428755,12.970289876836,158.674556656344,14.6142749358519,146.053502627952,21.2240678987365,129.04987374165,3.49059665933476,36.378951836835,12.3824639090912,-1.96737976948217,20.9725943072535,"price.mod","msy"
2014,"Small",1.87319059496858,0.227355174866946,0.890877403342687,127.875647261601,19.6458808613596,149.99415428755,12.970289876836,158.674556656344,14.6142749358519,127.875647261601,759.616038121038,21.5269035169685,201.495819780869,81.1539474136826,1.77728034118069,116.180850392033,"price.mod","msy"
2014.5,"Small",-1.69845351723995,0.270832648522988,0.902952100475881,19.8843554897572,108.677717628301,19.6458808613596,149.99415428755,12.970289876836,158.674556656344,19.8843554897572,121.005677647883,3.26751273930783,34.1785605605444,11.5682927179639,-1.23470684263748,31.6165254398685,"price.mod","msy"
2015,"Small",1.53755101107651,0.218648756905476,0.888695364646479,139.682216674685,30.0186528631441,108.677717628301,19.6458808613596,149.99415428755,12.970289876836,139.682216674685,826.137059143555,23.6172938124585,216.300247118876,90.2038805551186,1.89756465812663,200.213362153961,"price.mod","msy"
2015.5,"Small",-1.7231074903726,0.315842594995713,0.917457746744478,34.2068802415624,191.623841375467,30.0186528631441,108.677717628301,19.6458808613596,149.99415428755,34.2068802415624,214.292583526476,5.46034135481887,64.3355265097321,18.1876285054353,-1.78121273141121,32.2759238114381,"price.mod","msy"
2016,"Small",1.79630966097842,0.214783775314325,0.887752354199133,185.884678132309,30.8401314314963,191.623841375467,30.0186528631441,108.677717628301,19.6458808613596,185.884678132309,1097.32554959764,31.4884799474703,285.629073146174,120.971976640029,1.17872749275385,100.237693762124,"price.mod","msy"
2016.5,"Small",-1.54611616847111,0.266826947431,0.901758721678463,20.4975241713083,96.1991262692924,30.8401314314963,191.623841375467,30.0186528631441,108.677717628301,20.4975241713083,124.43973594445,3.3763210277216,34.9513817022257,12.0209409954919,-1.62793332816687,18.8872472760786,"price.mod","msy"
2017,"Small",1.76908345898382,0.27765597228028,0.905022105360271,105.289747018295,17.9507623748429,96.1991262692924,30.8401314314963,191.623841375467,30.0186528631441,105.289747018295,643.395908676093,17.2303408798294,183.465747824202,60.425070939123,1.91724956837105,122.105100641466,"price.mod","msy"
2017.5,"Small",-1.34966622896384,0.288467628018061,0.908397349545999,30.328180552066,116.949657037916,17.9507623748429,96.1991262692924,30.8401314314963,191.623841375467,30.328180552066,186.58222573881,4.92972217453505,54.0015412349578,17.0328200744627,-1.1208125122833,38.1273185761101,"price.mod","msy"
2018,"Small",1.48247806778312,0.206782089962736,0.885850441653209,160.147816849343,36.365451025562,116.949657037916,17.9507623748429,96.1991262692924,30.8401314314963,160.147816849343,941.804887528542,27.2320982628511,242.175198259935,105.904004315432,0.869022929225291,86.7163203578054,"price.mod","msy"
2018.5,"Small",-1.45823849223071,0.261549690018788,0.900211315523613,19.3435099048483,83.145779776665,36.365451025562,116.949657037916,17.9507623748429,96.1991262692924,19.3435099048483,117.070882984636,3.19610962093856,32.6373173543032,11.4645260631273,-0.953316780088465,32.0494066496181,"price.mod","msy"
2019,"Small",1.40263628516764,0.222308517572278,0.889602860400647,124.798850165064,30.6939926810589,83.145779776665,36.365451025562,116.949657037916,17.9507623748429,124.798850165064,739.451698267514,21.0625697919321,194.672815009931,80.0047659542379,1.80757657633297,187.100056196842,"price.mod","msy"
2019.5,"Small",-1.79370175305974,0.28447611043858,0.907137712620356,29.7877383868601,179.073905115168,30.6939926810589,83.145779776665,36.365451025562,116.949657037916,29.7877383868601,182.796273025585,4.85408889096895,52.6175158986325,16.8633836670172,-1.76149788035285,30.7626323497436,"price.mod","msy"
2020,"Small",1.83306447709026,0.242456263384372,0.894850385205338,183.600846173671,29.3619497486624,179.073905115168,30.6939926810589,83.145779776665,36.365451025562,183.600846173671,1099.33953680536,30.6632023929984,298.17382258941,113.052414940215,2.2431118176698,276.666117600586,"price.mod","msy"
2020.5,"Small",-2.01806080802005,0.448661227809125,0.971220402167819,35.1391057285502,264.376822035698,29.3619497486624,179.073905115168,30.6939926810589,83.145779776665,35.1391057285502,245.121851006391,5.03731815965291,86.1971478241889,14.3247982395042,-1.89389134611451,39.7847668086075,"price.mod","msy"
2021,"Small",1.91565996501371,0.354358952943173,0.931419583098193,257.439634658492,37.9066022626132,264.376822035698,29.3619497486624,179.073905115168,30.6939926810589,257.439634658492,1658.42631766561,39.9626831696605,522.959053805296,126.731079633957,2.26814220204207,366.232179004331,"price.mod","msy"
2021.5,"Small",-2.33266597064921,0.687934012701115,1.10237261308456,33.783372189872,348.150446906087,37.9066022626132,264.376822035698,29.3619497486624,179.073905115168,33.783372189872,306.345625780765,3.725583590791,133.731861255811,8.53436290949567,-2.42801559739015,30.7109450596497,"price.mod","msy"
2022,"Small",1.6819135202722,0.564336674787161,1.02978058573546,157.385502559341,29.2764870983752,348.150446906087,37.9066022626132,264.376822035698,29.3619497486624,157.385502559341,1234.30013668668,20.0682116769011,486.565523297215,50.9082440695774,1.54440437792127,137.165617650088,"price.mod","msy"
2022.5,"Small",-1.59738795623716,0.563491343234222,1.02931757302969,26.696140764345,131.881919175455,29.2764870983752,348.150446906087,37.9066022626132,264.376822035698,26.696140764345,209.171431123345,3.4071762471686,82.3931004301964,8.64980111184808,-1.39704354512576,32.6179720194644,"price.mod","msy"
2023,"Small",1.11618317386834,0.780383009685033,1.16231227045614,95.6020777495792,31.3123121534306,131.881919175455,29.2764870983752,348.150446906087,37.9066022626132,95.6020777495792,977.324850290029,9.3518109841618,455.301835150775,20.0740620055043,NA,NA,"price.mod","msy"
2023.5,"Small",-0.47057929846259,0.70599497540967,1.11373294714286,43.8918105252643,70.2673359417852,31.3123121534306,131.881919175455,29.2764870983752,348.150446906087,43.8918105252643,407.154877951662,4.7315926580018,180.137005871666,10.6945878325422,NA,NA,"price.mod","msy"
2024,"Small",1.42635577753208,0.239265762883579,0.89399120663242,134.316107218444,32.2603929524482,70.2673359417852,31.3123121534306,131.881919175455,29.2764870983752,134.316107218444,802.85846787955,22.4707309944238,216.746302505536,83.2347147322423,NA,NA,"price.mod","msy"
2024.5,"Small",-1.1463708631656,0.262968969622828,0.900624700545305,31.3726867899312,98.7220701733421,32.2603929524482,70.2673359417852,31.3123121534306,131.881919175455,31.3726867899312,190.03097173615,5.17939506085202,53.0840022079555,18.5412824105342,NA,NA,"price.mod","msy"
2025,"Small",1.68079205341573,0.21875548415376,0.888721629136579,123.821649465022,23.0588620452259,98.7220701733421,32.2603929524482,70.2673359417852,31.3123121534306,123.821649465022,732.369726835097,20.9345093256304,191.780825817819,79.9443886575142,NA,NA,"price.mod","msy"
2025.5,"Small",-1.35944842037516,0.265358234255826,0.901325226949296,23.3712421412622,91.0086647134921,23.0588620452259,98.7220701733421,32.2603929524482,70.2673359417852,23.3712421412622,141.763014598497,3.85301455935108,39.7346167720844,13.7465767534281,NA,NA,"price.mod","msy"
2026,"Small",1.9872519748945,0.228742917614497,0.891232570436371,125.320038371703,17.1778162313434,91.0086647134921,23.0588620452259,98.7220701733421,32.2603929524482,125.320038371703,744.964013470521,21.0817056038998,198.01773700242,79.3116427610381,NA,NA,"price.mod","msy"
2026.5,"Small",-1.49360482946646,0.24713088993602,0.896128254776289,20.6843720549728,92.1099775631251,17.1778162313434,91.0086647134921,23.0588620452259,98.7220701733421,20.6843720549728,124.167933464535,3.44568227376306,33.9076353916677,12.6179027928818,NA,NA,"price.mod","msy"
2027,"Small",2.04517374350424,0.236754630788767,0.893322409574368,117.526599253289,15.2029720916609,92.1099775631251,17.1778162313434,91.0086647134921,23.0588620452259,117.526599253289,701.5621585964,19.6882077557853,188.702923701135,73.1970722081613,NA,NA,"price.mod","msy"
2027.5,"Small",-1.58805755520997,0.263736403985496,0.900849078944431,17.6497148689873,86.3818153979687,15.2029720916609,92.1099775631251,17.1778162313434,91.0086647134921,17.6497148689873,106.956026896175,2.91252811081832,29.9099869546473,10.4149973528541,NA,NA,"price.mod","msy"
